transaction_id,predicted_label,fraud_probability,actual_label,amount_usd
1,0,0.0,0,42.86
2,0,0.0,0,4.75
3,0,0.02,0,77.18
4,0,0.03,0,1.69
5,0,0.0,0,261.68
6,0,0.02,0,119.72
7,0,0.01,0,139.71
8,0,0.0,0,340.68
9,0,0.0,0,116.41
10,0,0.0,0,154.65
11,0,0.0,0,64.78
12,0,0.0,0,166.57
13,0,0.0,0,37.45
14,0,0.01,0,6.08
15,0,0.0,0,21.76
16,0,0.0,0,229.32
17,0,0.0,0,305.01
18,0,0.0,0,86.01
19,0,0.0,0,1055.74
20,0,0.0,0,47.59
21,0,0.0,0,66.04
22,0,0.0,0,106.72
23,0,0.0,0,9.23
24,0,0.04,0,57.64
25,0,0.01,0,251.32
26,0,0.0,0,85.59
27,0,0.01,0,5.16
28,0,0.02,0,136.05
29,0,0.0,0,27.91
30,0,0.0,0,191.11
31,0,0.01,0,201.95
32,0,0.0,0,22.47
33,0,0.0,0,87.68
34,0,0.01,0,295.9
35,0,0.0,0,188.74
36,0,0.0,0,34.39
37,0,0.0,0,48.63
38,0,0.0,0,40.32
39,0,0.0,0,37.79
40,0,0.01,0,15.98
41,0,0.0,0,19.92
42,0,0.01,0,138.01
43,0,0.06,0,13.39
44,0,0.0,0,43.63
45,0,0.03,0,137.02
46,0,0.0,0,16.14
47,0,0.0,0,2.65
48,0,0.0,0,151.14
49,0,0.02,0,16.97
50,0,0.0,0,59.53
51,0,0.02,0,91.5
52,0,0.0,0,60.93
53,0,0.01,0,55.33
54,0,0.01,0,225.01
55,0,0.0,0,120.75
56,0,0.0,0,13.71
57,0,0.0,0,29.67
58,0,0.0,0,4.01
59,0,0.0,0,92.3
60,0,0.02,0,78.63
61,0,0.01,0,95.27
62,0,0.0,0,45.09
63,0,0.01,0,3.43
64,1,0.71,1,2396.82
65,0,0.0,0,135.46
66,0,0.0,0,73.77
67,0,0.0,0,107.53
68,0,0.0,0,12.71
69,0,0.0,0,42.68
70,0,0.02,0,76.3
71,0,0.02,0,30.59
72,0,0.02,0,161.52
73,0,0.01,0,102.95
74,0,0.01,0,106.0
75,0,0.0,0,21.23
76,0,0.01,0,855.46
77,0,0.0,0,78.11
78,0,0.01,0,345.22
79,0,0.0,0,86.26
80,0,0.0,0,381.32
81,0,0.0,0,265.04
82,0,0.0,0,275.29
83,0,0.0,0,52.33
84,0,0.0,0,13.57
85,0,0.0,0,44.24
86,0,0.0,0,37.89
87,0,0.0,0,47.09
88,0,0.03,0,23.78
89,0,0.0,0,30.3
90,0,0.0,0,86.0
91,0,0.0,0,134.57
92,0,0.01,0,13.69
93,0,0.02,0,6.41
94,0,0.01,0,7.52
95,0,0.0,0,69.2
96,0,0.0,0,205.73
97,0,0.04,0,71.63
98,0,0.0,0,15.26
99,0,0.0,0,10.67
100,0,0.0,0,27.33
101,0,0.0,0,14.53
102,0,0.0,0,62.07
103,0,0.0,0,238.05
104,0,0.0,0,34.92
105,0,0.0,0,45.18
106,0,0.0,0,110.12
107,0,0.0,0,5.69
108,0,0.0,0,60.07
109,0,0.0,0,47.82
110,0,0.0,0,31.57
111,0,0.0,0,15.84
112,0,0.0,0,431.97
113,0,0.0,0,33.22
114,0,0.07,0,170.0
115,0,0.02,0,211.49
116,0,0.01,0,8.42
117,0,0.0,0,21.6
118,0,0.0,0,120.13
119,0,0.01,0,21.06
120,0,0.01,0,206.47
121,0,0.04,0,226.21
122,0,0.0,0,341.36
123,0,0.0,0,221.29
124,0,0.0,0,32.76
125,0,0.0,0,116.49
126,0,0.0,0,44.24
127,0,0.0,0,57.68
128,0,0.0,0,317.44
129,0,0.0,0,535.62
130,0,0.0,0,104.75
131,0,0.0,0,31.58
132,0,0.0,0,124.26
133,0,0.0,0,26.72
134,0,0.0,0,767.02
135,0,0.0,0,149.5
136,0,0.0,0,81.27
137,0,0.0,0,272.55
138,0,0.01,0,8.61
139,0,0.0,0,23.34
140,0,0.0,0,10.92
141,0,0.0,0,72.86
142,0,0.0,0,85.13
143,0,0.01,0,126.76
144,0,0.01,0,15.52
145,0,0.0,0,122.48
146,0,0.0,0,46.75
147,0,0.0,0,15.92
148,0,0.0,0,121.82
149,1,0.65,1,18.34
150,0,0.0,0,39.77
151,0,0.0,0,7.76
152,0,0.0,0,42.33
153,0,0.0,0,111.63
154,0,0.0,0,68.81
155,0,0.0,0,59.68
156,0,0.0,0,157.46
157,0,0.0,0,243.5
158,0,0.01,0,37.91
159,0,0.0,0,20.83
160,0,0.0,0,10.44
161,0,0.0,0,20.96
162,0,0.0,0,115.91
163,0,0.0,0,153.7
164,0,0.0,0,138.27
165,0,0.0,0,65.49
166,0,0.01,0,35.91
167,0,0.0,0,24.73
168,0,0.0,0,51.99
169,0,0.0,0,60.7
170,0,0.0,0,13.89
171,0,0.02,0,9.98
172,0,0.0,0,1.6
173,0,0.0,0,74.51
174,0,0.0,0,134.08
175,0,0.0,0,113.24
176,0,0.01,0,217.63
177,0,0.0,0,75.02
178,0,0.0,0,61.59
179,0,0.0,0,14.17
180,0,0.0,0,55.94
181,0,0.01,0,21.13
182,0,0.0,0,40.13
183,0,0.0,0,96.23
184,0,0.01,0,9.9
185,0,0.0,0,18.77
186,0,0.01,0,45.09
187,0,0.0,0,23.99
188,0,0.0,0,9.17
189,0,0.02,0,114.29
190,0,0.0,0,78.93
191,0,0.0,0,42.41
192,0,0.03,0,10.95
193,0,0.0,0,312.89
194,0,0.0,0,31.68
195,0,0.0,0,292.26
196,0,0.04,0,77.23
197,0,0.01,0,14.19
198,0,0.0,0,14.09
199,0,0.0,0,25.73
200,0,0.0,0,23.63
201,0,0.01,0,12.07
202,0,0.0,0,72.59
203,0,0.0,0,107.58
204,0,0.0,0,35.59
205,0,0.0,0,124.08
206,0,0.01,0,217.24
207,0,0.0,0,19.21
208,0,0.0,0,31.5
209,0,0.0,0,157.6
210,0,0.0,0,16.24
211,0,0.0,0,12.19
212,0,0.0,0,12.89
213,0,0.01,0,20.83
214,0,0.0,0,8.54
215,0,0.0,0,18.94
216,0,0.02,0,140.93
217,0,0.02,0,90.36
218,0,0.0,0,10.91
219,0,0.0,0,55.99
220,0,0.01,0,113.83
221,0,0.0,0,103.64
222,0,0.0,0,6.97
223,0,0.0,0,360.83
224,0,0.04,0,65.86
225,0,0.03,0,25.98
226,0,0.0,0,1.78
227,0,0.0,0,181.74
228,0,0.0,0,775.94
229,0,0.0,0,52.69
230,0,0.03,0,457.05
231,0,0.0,0,209.97
232,0,0.01,0,210.26
233,0,0.0,0,138.03
234,0,0.0,0,241.04
235,0,0.02,0,186.41
236,0,0.0,0,24.57
237,0,0.02,0,47.79
238,0,0.0,0,23.93
239,0,0.02,0,6.06
240,0,0.0,0,2.7
241,0,0.0,0,23.88
242,0,0.01,0,20.29
243,0,0.0,0,366.21
244,0,0.0,0,453.92
245,0,0.01,0,101.38
246,0,0.0,0,2.21
247,0,0.0,0,66.11
248,0,0.0,0,144.23
249,0,0.0,0,225.23
250,0,0.01,0,27.29
251,0,0.01,0,157.67
252,0,0.03,0,386.72
253,0,0.0,0,51.62
254,0,0.0,0,21.65
255,0,0.01,0,31.95
256,0,0.0,0,74.67
257,0,0.0,0,132.91
258,0,0.01,0,11.2
259,0,0.01,0,89.37
260,0,0.0,0,94.16
261,0,0.0,0,276.42
262,0,0.01,0,81.98
263,0,0.02,0,11.63
264,0,0.0,0,19.18
265,0,0.0,0,22.6
266,0,0.0,0,497.31
267,0,0.0,0,17.59
268,1,0.74,1,7.25
269,0,0.0,0,17.93
270,0,0.0,0,46.59
271,0,0.02,0,99.94
272,0,0.01,0,83.22
273,0,0.01,0,40.23
274,0,0.0,0,84.23
275,0,0.0,0,114.01
276,0,0.0,0,13.28
277,0,0.01,0,33.7
278,0,0.01,0,128.44
279,0,0.0,0,11.68
280,0,0.02,0,354.67
281,0,0.0,0,93.39
282,0,0.03,0,60.55
283,0,0.0,0,34.72
284,0,0.0,0,71.63
285,0,0.0,0,13.9
286,0,0.0,0,30.36
287,0,0.0,0,16.7
288,0,0.0,0,142.55
289,0,0.0,0,243.63
290,0,0.02,0,5.02
291,0,0.0,0,261.21
292,0,0.0,0,1011.05
293,0,0.0,0,250.86
294,0,0.0,0,57.26
295,0,0.0,0,31.05
296,0,0.0,0,13.34
297,0,0.0,0,119.38
298,0,0.0,0,346.91
299,0,0.02,0,61.68
300,0,0.0,0,71.51
301,0,0.0,0,60.07
302,0,0.04,0,14.83
303,0,0.0,0,40.41
304,0,0.0,0,47.85
305,0,0.0,0,6.96
306,0,0.0,0,284.62
307,0,0.1,0,63.93
308,0,0.0,0,18.68
309,0,0.0,0,528.91
310,0,0.0,0,66.29
311,0,0.0,0,10.18
312,0,0.02,0,202.31
313,0,0.03,0,140.3
314,0,0.13,0,329.03
315,0,0.0,0,141.69
316,0,0.0,0,32.27
317,0,0.02,0,8.42
318,0,0.0,0,297.91
319,0,0.02,0,390.44
320,0,0.0,0,31.23
321,0,0.01,0,132.46
322,0,0.0,0,53.79
323,0,0.15,0,185.41
324,0,0.02,0,37.99
325,0,0.01,0,1206.02
326,0,0.0,0,64.65
327,0,0.0,0,35.12
328,0,0.07,0,84.13
329,0,0.0,0,84.16
330,0,0.0,0,153.48
331,0,0.03,0,35.21
332,0,0.01,0,15.76
333,0,0.0,0,40.55
334,0,0.0,0,53.63
335,0,0.0,0,25.39
336,0,0.0,0,428.98
337,0,0.01,0,166.9
338,0,0.0,0,106.89
339,0,0.0,0,148.04
340,0,0.0,0,75.68
341,0,0.0,0,70.39
342,0,0.0,0,149.98
343,0,0.0,0,9.57
344,0,0.0,0,12.2
345,0,0.0,0,128.62
346,0,0.01,0,5.49
347,0,0.0,0,15.92
348,0,0.0,0,95.33
349,0,0.0,0,196.88
350,0,0.0,0,205.42
351,0,0.0,0,41.65
352,0,0.0,0,5.88
353,0,0.0,0,376.29
354,0,0.0,0,2.36
355,0,0.0,0,150.07
356,0,0.0,0,11.15
357,0,0.0,0,55.05
358,0,0.0,0,84.07
359,0,0.0,0,150.69
360,0,0.0,0,38.09
361,0,0.0,0,532.54
362,0,0.0,0,131.36
363,0,0.0,0,22.69
364,1,0.76,1,246.9
365,0,0.05,0,3278.44
366,0,0.01,0,36.14
367,0,0.02,0,83.51
368,0,0.0,0,118.82
369,0,0.0,0,85.27
370,0,0.02,0,85.99
371,0,0.0,0,35.73
372,0,0.0,0,58.51
373,0,0.0,0,154.0
374,0,0.0,0,57.1
375,0,0.0,0,108.01
376,0,0.0,0,108.9
377,0,0.04,0,128.59
378,0,0.0,0,11.07
379,0,0.0,0,99.81
380,0,0.0,0,214.42
381,0,0.0,0,716.86
382,0,0.0,0,123.24
383,0,0.01,0,20.3
384,0,0.0,0,272.54
385,0,0.0,0,143.8
386,0,0.03,0,42.62
387,0,0.02,0,60.32
388,0,0.01,0,20.86
389,0,0.0,0,17.7
390,0,0.0,0,74.01
391,0,0.0,0,77.87
392,1,0.71,1,576.76
393,0,0.0,0,642.71
394,0,0.0,0,39.34
395,0,0.01,0,30.37
396,0,0.0,0,6.0
397,1,0.63,1,421.53
398,0,0.0,0,18.15
399,0,0.0,0,49.47
400,0,0.01,0,56.13
401,0,0.0,0,111.75
402,0,0.0,0,31.06
403,0,0.0,0,3.94
404,1,0.77,1,92.37
405,0,0.0,0,88.28
406,0,0.0,0,76.91
407,0,0.0,0,46.63
408,0,0.0,0,1987.92
409,0,0.0,0,220.73
410,0,0.01,0,10.46
411,0,0.0,0,9.2
412,0,0.0,0,29.85
413,0,0.0,0,12.29
414,0,0.0,0,38.24
415,0,0.0,0,60.93
416,0,0.01,0,9.39
417,0,0.0,0,103.44
418,0,0.0,0,87.49
419,0,0.02,0,56.37
420,0,0.0,0,263.93
421,0,0.0,0,292.28
422,0,0.01,0,41.49
423,0,0.02,0,372.74
424,0,0.0,0,7.65
425,0,0.04,0,343.66
426,0,0.0,0,10.66
427,0,0.0,0,17.23
428,0,0.0,0,164.09
429,0,0.02,0,22.51
430,0,0.04,0,93.2
431,0,0.0,0,38.36
432,0,0.03,0,168.37
433,0,0.0,0,13.47
434,0,0.01,0,25.26
435,0,0.0,0,302.07
436,0,0.0,0,65.01
437,0,0.0,0,71.16
438,0,0.0,0,65.34
439,0,0.0,0,98.22
440,0,0.0,0,25.34
441,0,0.0,0,77.92
442,0,0.0,0,42.64
443,0,0.0,0,30.23
444,0,0.01,0,656.49
445,0,0.0,0,100.63
446,0,0.0,0,14.76
447,0,0.0,0,104.21
448,0,0.0,0,33.59
449,0,0.0,0,31.62
450,0,0.04,0,15.16
451,0,0.0,0,19.35
452,0,0.0,0,74.1
453,0,0.0,0,29.68
454,0,0.0,0,14.05
455,0,0.0,0,25.16
456,0,0.05,0,53.96
457,0,0.0,0,60.59
458,0,0.0,0,116.07
459,0,0.0,0,239.22
460,0,0.0,0,50.91
461,0,0.03,0,342.86
462,0,0.0,0,29.78
463,0,0.01,0,30.52
464,0,0.0,0,45.57
465,0,0.0,0,58.34
466,0,0.0,0,60.37
467,0,0.0,0,29.67
468,0,0.0,0,22.3
469,0,0.0,0,96.42
470,0,0.0,0,317.45
471,0,0.03,0,37.48
472,0,0.01,0,209.66
473,0,0.01,0,80.35
474,0,0.0,0,42.23
475,0,0.0,0,22.57
476,0,0.0,0,9.64
477,0,0.0,0,53.98
478,0,0.0,0,116.38
479,0,0.0,0,22.28
480,0,0.0,0,31.46
481,0,0.1,0,84.97
482,0,0.0,0,26.56
483,0,0.0,0,200.25
484,0,0.0,0,18.7
485,0,0.0,0,244.59
486,0,0.03,0,272.84
487,0,0.0,0,278.21
488,0,0.01,0,10.16
489,0,0.0,0,55.69
490,0,0.0,0,126.96
491,0,0.0,0,13.02
492,0,0.0,0,1.61
493,0,0.02,0,31.63
494,0,0.0,0,40.15
495,0,0.0,0,46.91
496,0,0.0,0,83.45
497,0,0.0,0,149.82
498,0,0.0,0,34.67
499,0,0.0,0,21.79
500,0,0.0,0,19.76
501,0,0.02,0,14.06
502,0,0.01,0,20.39
503,0,0.0,0,103.31
504,0,0.01,0,6.32
505,0,0.0,0,144.71
506,0,0.0,0,605.73
507,0,0.0,0,41.16
508,0,0.0,0,39.09
509,0,0.0,0,128.51
510,0,0.02,0,50.53
511,0,0.0,0,9.62
512,0,0.0,0,39.78
513,0,0.0,0,27.86
514,0,0.04,0,328.48
515,0,0.01,0,152.35
516,0,0.02,0,28.79
517,0,0.0,0,117.03
518,0,0.0,0,21.46
519,0,0.0,0,49.57
520,0,0.0,0,41.8
521,0,0.04,0,46.2
522,0,0.03,0,217.27
523,0,0.0,0,5.51
524,0,0.0,0,15.84
525,0,0.02,0,9.93
526,0,0.0,0,11.14
527,0,0.0,0,50.27
528,0,0.0,0,590.49
529,0,0.0,0,137.8
530,0,0.02,0,67.84
531,0,0.0,0,23.37
532,0,0.04,0,12.28
533,0,0.01,0,153.67
534,0,0.0,0,64.85
535,0,0.0,0,207.32
536,0,0.0,0,28.29
537,0,0.01,0,283.38
538,0,0.0,0,28.05
539,0,0.0,0,13.51
540,0,0.0,0,45.71
541,0,0.01,0,199.52
542,0,0.0,0,94.36
543,0,0.01,0,346.41
544,0,0.0,0,398.57
545,0,0.0,0,27.73
546,0,0.01,0,71.8
547,0,0.0,0,22.44
548,0,0.0,0,41.88
549,0,0.0,0,26.83
550,0,0.0,0,61.47
551,0,0.01,0,143.71
552,0,0.0,0,660.06
553,0,0.0,0,121.43
554,0,0.0,0,174.87
555,0,0.0,0,24.15
556,0,0.0,0,18.81
557,0,0.0,0,179.28
558,0,0.0,0,100.77
559,0,0.0,0,30.83
560,0,0.0,0,114.91
561,0,0.0,0,104.03
562,0,0.0,0,64.56
563,0,0.01,0,12.5
564,0,0.01,0,108.9
565,0,0.03,0,5.27
566,0,0.0,0,76.71
567,0,0.01,0,111.01
568,0,0.01,0,59.1
569,0,0.0,0,21.56
570,0,0.0,0,20.15
571,0,0.0,0,128.9
572,0,0.0,0,29.1
573,0,0.0,0,22.63
574,0,0.0,0,107.77
575,0,0.0,0,286.91
576,0,0.0,0,8.06
577,0,0.0,0,33.25
578,0,0.0,0,21.47
579,0,0.0,0,82.28
580,0,0.0,0,95.01
581,0,0.0,0,19.96
582,0,0.0,0,61.55
583,0,0.0,0,26.08
584,0,0.05,0,1223.38
585,0,0.0,0,49.03
586,0,0.0,0,45.07
587,0,0.0,0,273.42
588,0,0.01,0,198.12
589,0,0.0,0,96.89
590,0,0.03,0,427.74
591,0,0.0,0,26.41
592,0,0.02,0,198.17
593,0,0.0,0,6.19
594,0,0.01,0,49.04
595,0,0.0,0,151.08
596,0,0.02,0,24.01
597,0,0.01,0,99.99
598,0,0.0,0,44.68
599,0,0.01,0,17.52
600,1,0.82,1,23.0
601,0,0.0,0,63.37
602,0,0.02,0,22.61
603,0,0.0,0,2.21
604,0,0.03,0,330.63
605,0,0.0,0,179.66
606,0,0.0,0,72.56
607,0,0.0,0,9.91
608,0,0.01,0,305.73
609,0,0.0,0,598.13
610,0,0.05,0,17.27
611,0,0.01,0,164.43
612,0,0.02,0,805.82
613,0,0.0,0,111.96
614,0,0.02,0,13.5
615,0,0.0,0,15.69
616,0,0.01,0,8.54
617,0,0.01,0,83.68
618,0,0.0,0,17.98
619,0,0.0,0,30.13
620,0,0.0,0,14.76
621,0,0.03,0,230.7
622,0,0.0,0,30.0
623,0,0.01,0,18.31
624,0,0.02,0,30.45
625,0,0.0,0,19.81
626,0,0.0,0,57.78
627,0,0.0,0,28.94
628,0,0.0,0,83.0
629,0,0.0,0,115.87
630,0,0.0,0,272.34
631,0,0.0,0,79.75
632,0,0.0,0,93.94
633,0,0.0,0,71.99
634,0,0.0,0,46.73
635,0,0.01,0,134.39
636,0,0.0,0,37.02
637,0,0.0,0,1820.83
638,0,0.0,0,235.27
639,0,0.0,0,30.78
640,0,0.0,0,364.61
641,0,0.02,0,59.32
642,0,0.01,0,49.34
643,0,0.0,0,28.87
644,0,0.0,0,39.81
645,0,0.0,0,515.99
646,0,0.02,0,67.87
647,0,0.0,0,148.4
648,0,0.0,0,51.57
649,0,0.04,0,524.78
650,0,0.0,0,7.21
651,0,0.0,0,25.33
652,0,0.03,0,34.7
653,0,0.0,0,83.52
654,0,0.0,0,15.37
655,0,0.0,0,118.3
656,0,0.0,0,451.28
657,0,0.0,0,26.05
658,0,0.0,0,27.17
659,0,0.02,0,125.4
660,0,0.0,0,147.12
661,0,0.01,0,18.74
662,0,0.0,0,113.71
663,0,0.01,0,11.22
664,0,0.0,0,49.85
665,0,0.0,0,25.16
666,0,0.0,0,591.77
667,0,0.0,0,9.33
668,0,0.0,0,36.03
669,0,0.01,0,26.64
670,0,0.0,0,74.85
671,0,0.01,0,12.45
672,0,0.0,0,361.81
673,0,0.0,0,68.67
674,0,0.02,0,9.64
675,0,0.01,0,239.62
676,0,0.01,0,18.0
677,0,0.01,0,9.14
678,0,0.0,0,19.11
679,0,0.01,0,38.29
680,0,0.01,0,21.48
681,0,0.0,0,40.2
682,0,0.0,0,55.75
683,0,0.03,0,62.36
684,0,0.0,0,60.02
685,0,0.0,0,79.49
686,0,0.01,0,30.63
687,0,0.0,0,280.95
688,0,0.0,0,10.44
689,0,0.0,0,197.66
690,0,0.01,0,14.93
691,0,0.0,0,172.87
692,0,0.0,0,348.9
693,0,0.0,0,4.36
694,0,0.0,0,118.62
695,0,0.0,0,294.81
696,0,0.0,0,83.97
697,0,0.0,0,56.88
698,0,0.0,0,67.8
699,0,0.0,0,7.31
700,0,0.0,0,23.88
701,0,0.0,0,62.84
702,0,0.0,0,50.61
703,0,0.0,0,89.59
704,0,0.0,0,19.16
705,0,0.0,0,47.19
706,0,0.0,0,41.28
707,0,0.0,0,130.73
708,0,0.0,0,72.91
709,0,0.0,0,390.03
710,0,0.01,0,17.29
711,0,0.0,0,23.62
712,0,0.0,0,149.45
713,0,0.05,0,139.05
714,0,0.01,0,228.26
715,0,0.0,0,59.37
716,0,0.03,0,261.04
717,0,0.0,0,63.39
718,0,0.05,0,44.83
719,0,0.0,0,28.2
720,0,0.0,0,31.33
721,0,0.0,0,8.58
722,0,0.0,0,57.67
723,0,0.02,0,223.48
724,0,0.02,0,8.8
725,0,0.0,0,248.44
726,0,0.0,0,71.9
727,0,0.0,0,36.5
728,0,0.0,0,120.87
729,0,0.0,0,29.37
730,0,0.0,0,8.82
731,0,0.0,0,103.14
732,0,0.0,0,16.51
733,0,0.0,0,80.69
734,0,0.03,0,17.7
735,0,0.0,0,180.47
736,0,0.0,0,163.06
737,0,0.0,0,22.54
738,0,0.0,0,118.35
739,0,0.0,0,166.19
740,0,0.0,0,378.95
741,0,0.05,0,280.0
742,0,0.0,0,40.07
743,0,0.0,0,139.71
744,0,0.0,0,42.24
745,0,0.0,0,108.77
746,0,0.01,0,1121.02
747,0,0.0,0,81.51
748,0,0.01,0,67.42
749,0,0.01,0,76.44
750,0,0.0,0,28.04
751,0,0.0,0,70.68
752,0,0.0,0,13.74
753,0,0.0,0,11.17
754,0,0.0,0,77.55
755,0,0.0,0,43.66
756,0,0.0,0,185.24
757,0,0.0,0,8.9
758,0,0.0,0,49.06
759,0,0.0,0,646.02
760,0,0.0,0,74.02
761,0,0.0,0,23.66
762,0,0.0,0,36.22
763,0,0.0,0,38.67
764,0,0.0,0,16.03
765,0,0.0,0,85.16
766,0,0.0,0,242.09
767,0,0.03,0,27.13
768,0,0.0,0,379.13
769,0,0.0,0,113.55
770,0,0.0,0,78.01
771,0,0.0,0,91.68
772,0,0.0,0,41.17
773,0,0.01,0,61.44
774,0,0.0,0,156.28
775,0,0.03,0,23.85
776,0,0.0,0,75.26
777,0,0.01,0,26.05
778,0,0.0,0,50.83
779,0,0.0,0,69.85
780,0,0.0,0,70.59
781,0,0.0,0,91.03
782,0,0.0,0,88.78
783,0,0.03,0,132.01
784,0,0.02,0,1.43
785,0,0.0,0,64.65
786,0,0.0,0,37.08
787,0,0.0,0,55.28
788,0,0.0,0,78.06
789,0,0.0,0,72.85
790,0,0.0,0,27.21
791,0,0.0,0,84.15
792,0,0.0,0,137.19
793,0,0.0,0,130.91
794,0,0.0,0,156.18
795,0,0.0,0,27.55
796,0,0.0,0,11.35
797,0,0.0,0,263.79
798,1,0.63,1,28.26
799,0,0.0,0,133.19
800,0,0.0,0,106.09
801,0,0.0,0,122.54
802,0,0.0,0,265.78
803,0,0.0,0,455.79
804,0,0.0,0,105.24
805,0,0.01,0,144.47
806,0,0.0,0,46.35
807,0,0.0,0,4.21
808,0,0.0,0,223.5
809,0,0.01,0,130.72
810,0,0.0,0,290.04
811,0,0.06,0,36.28
812,1,0.67,1,8.97
813,0,0.0,0,27.25
814,0,0.0,0,148.76
815,0,0.0,0,290.4
816,0,0.0,0,301.72
817,0,0.0,0,33.91
818,0,0.0,0,29.53
819,0,0.0,0,13.97
820,0,0.0,0,60.41
821,0,0.0,0,61.85
822,0,0.0,0,14.07
823,0,0.02,0,718.9
824,0,0.0,0,114.59
825,0,0.0,0,14.32
826,0,0.0,0,120.06
827,0,0.0,0,58.75
828,0,0.0,0,120.1
829,0,0.0,0,343.8
830,0,0.0,0,149.11
831,0,0.0,0,89.3
832,0,0.01,0,178.79
833,0,0.0,0,86.11
834,0,0.0,0,34.71
835,0,0.0,0,15.64
836,0,0.0,0,25.14
837,0,0.0,0,236.61
838,0,0.0,0,111.08
839,0,0.02,0,7.98
840,0,0.02,0,61.53
841,0,0.0,0,144.82
842,0,0.0,0,40.23
843,0,0.01,0,789.89
844,0,0.0,0,1229.03
845,0,0.0,0,6.81
846,0,0.0,0,101.97
847,0,0.0,0,51.44
848,0,0.0,0,25.2
849,0,0.0,0,46.15
850,0,0.0,0,76.21
851,0,0.06,0,1561.69
852,0,0.0,0,67.71
853,0,0.0,0,72.97
854,0,0.0,0,17.18
855,0,0.0,0,64.97
856,0,0.0,0,83.94
857,0,0.01,0,11.81
858,0,0.0,0,15.68
859,0,0.0,0,56.84
860,0,0.01,0,160.98
861,0,0.0,0,59.71
862,0,0.0,0,8.37
863,0,0.0,0,54.86
864,0,0.0,0,11.87
865,0,0.0,0,76.55
866,0,0.0,0,172.62
867,0,0.0,0,7.27
868,0,0.0,0,15.1
869,0,0.0,0,15.74
870,0,0.03,0,31.83
871,0,0.0,0,34.79
872,0,0.0,0,24.38
873,0,0.0,0,75.34
874,0,0.0,0,72.43
875,0,0.0,0,27.0
876,0,0.0,0,25.92
877,0,0.02,0,140.99
878,0,0.0,0,71.64
879,0,0.0,0,244.17
880,0,0.0,0,72.11
881,0,0.0,0,99.96
882,0,0.0,0,22.34
883,0,0.01,0,7.78
884,0,0.04,0,156.11
885,0,0.0,0,23.75
886,0,0.0,0,38.61
887,0,0.0,0,236.06
888,0,0.0,0,19.59
889,0,0.0,0,690.33
890,0,0.0,0,91.69
891,0,0.0,0,13.69
892,0,0.0,0,61.37
893,0,0.03,0,23.05
894,0,0.0,0,5.45
895,0,0.01,0,20.53
896,0,0.0,0,546.49
897,0,0.0,0,10.38
898,0,0.0,0,20.33
899,0,0.0,0,96.05
900,0,0.0,0,27.62
901,0,0.0,0,11.51
902,0,0.0,0,54.5
903,0,0.0,0,12.68
904,0,0.0,0,366.78
905,0,0.01,0,138.15
906,0,0.0,0,22.15
907,0,0.0,0,1158.19
908,0,0.0,0,13.93
909,0,0.0,0,82.8
910,0,0.0,0,59.13
911,0,0.01,0,690.5
912,0,0.0,0,139.47
913,0,0.0,0,33.22
914,0,0.0,0,109.96
915,0,0.0,0,518.16
916,0,0.02,0,24.44
917,0,0.0,0,456.36
918,0,0.0,0,19.8
919,0,0.0,0,40.51
920,0,0.01,0,449.62
921,0,0.0,0,55.41
922,0,0.0,0,4.82
923,0,0.01,0,78.53
924,0,0.0,0,112.39
925,0,0.0,0,265.53
926,0,0.01,0,29.9
927,0,0.0,0,164.46
928,1,0.74,1,18.81
929,0,0.0,0,90.13
930,0,0.02,0,193.27
931,0,0.0,0,6.71
932,0,0.0,0,7.18
933,0,0.0,0,26.53
934,0,0.0,0,31.24
935,0,0.0,0,41.19
936,0,0.0,0,150.92
937,0,0.0,0,90.93
938,0,0.0,0,155.15
939,0,0.01,0,27.57
940,0,0.0,0,77.84
941,0,0.0,0,240.48
942,0,0.0,0,23.32
943,0,0.0,0,43.63
944,0,0.0,0,36.32
945,0,0.01,0,17.03
946,0,0.0,0,24.88
947,0,0.01,0,1364.96
948,0,0.02,0,7.07
949,0,0.0,0,96.88
950,0,0.02,0,69.85
951,0,0.01,0,446.82
952,0,0.0,0,112.43
953,0,0.0,0,37.52
954,0,0.01,0,9.66
955,1,0.69,1,11.58
956,0,0.02,0,167.44
957,0,0.0,0,39.25
958,0,0.02,0,61.54
959,0,0.01,0,242.93
960,0,0.02,0,77.74
961,0,0.02,0,16.99
962,0,0.0,0,21.69
963,0,0.0,0,34.33
964,0,0.0,0,80.2
965,0,0.07,0,233.39
966,0,0.0,0,25.88
967,0,0.0,0,53.55
968,0,0.0,0,58.73
969,0,0.03,0,5.03
970,0,0.0,0,161.27
971,1,0.75,1,350.11
972,0,0.0,0,15.85
973,0,0.0,0,76.99
974,0,0.01,0,582.51
975,0,0.0,0,161.06
976,0,0.0,0,53.73
977,0,0.01,0,9.31
978,0,0.0,0,15.76
979,0,0.0,0,87.4
980,0,0.0,0,12.45
981,0,0.01,0,14.18
982,0,0.0,0,713.0
983,0,0.01,0,182.32
984,0,0.05,0,77.07
985,0,0.0,0,14.9
986,0,0.0,0,44.25
987,0,0.0,0,26.02
988,0,0.01,0,250.59
989,0,0.0,0,92.23
990,0,0.0,0,87.84
991,0,0.0,0,208.53
992,0,0.0,0,9.29
993,0,0.0,0,64.8
994,0,0.01,0,20.93
995,0,0.0,0,89.47
996,0,0.0,0,30.16
997,0,0.01,0,276.49
998,0,0.0,0,31.28
999,0,0.0,0,18.46
1000,0,0.0,0,188.88
1001,0,0.01,0,87.58
1002,0,0.0,0,292.54
1003,0,0.0,0,16.09
1004,0,0.0,0,9.28
1005,0,0.0,0,32.36
1006,0,0.0,0,6.31
1007,0,0.0,0,202.03
1008,0,0.0,0,49.43
1009,0,0.0,0,8.27
1010,0,0.0,0,44.56
1011,0,0.01,0,167.46
1012,0,0.0,0,158.64
1013,0,0.01,0,22.08
1014,0,0.0,0,100.61
1015,0,0.0,0,44.87
1016,0,0.0,0,140.73
1017,0,0.0,0,23.85
1018,0,0.0,0,85.44
1019,0,0.0,0,8.44
1020,0,0.0,0,14.41
1021,0,0.0,0,52.57
1022,0,0.0,0,4.82
1023,0,0.0,0,35.85
1024,0,0.0,0,40.64
1025,0,0.0,0,76.29
1026,0,0.0,0,110.63
1027,0,0.0,0,62.44
1028,0,0.0,0,14.63
1029,0,0.01,0,147.55
1030,0,0.0,0,73.25
1031,0,0.0,0,149.65
1032,0,0.0,0,11.02
1033,0,0.0,0,78.52
1034,0,0.0,0,9.12
1035,0,0.02,0,320.33
1036,0,0.0,0,110.47
1037,0,0.0,0,78.11
1038,0,0.0,0,113.44
1039,0,0.0,0,135.25
1040,0,0.0,0,157.37
1041,0,0.0,0,54.76
1042,0,0.01,0,22.59
1043,0,0.0,0,23.89
1044,1,0.61,1,166.22
1045,0,0.0,0,141.39
1046,0,0.03,0,8.6
1047,0,0.03,0,70.66
1048,0,0.0,0,25.6
1049,0,0.0,0,76.77
1050,0,0.01,0,42.27
1051,0,0.0,0,70.62
1052,0,0.0,0,140.43
1053,0,0.0,0,512.01
1054,0,0.0,0,15.51
1055,0,0.01,0,60.23
1056,0,0.01,0,36.92
1057,0,0.0,0,114.01
1058,0,0.0,0,141.01
1059,0,0.0,0,7.99
1060,0,0.03,0,308.12
1061,0,0.0,0,372.7
1062,0,0.0,0,137.47
1063,0,0.0,0,35.78
1064,0,0.0,0,88.27
1065,0,0.02,0,13.83
1066,0,0.0,0,9.99
1067,0,0.0,0,30.42
1068,0,0.0,0,18.84
1069,0,0.01,0,34.3
1070,0,0.0,0,364.89
1071,0,0.0,0,77.87
1072,0,0.0,0,42.96
1073,0,0.0,0,55.41
1074,0,0.0,0,70.42
1075,0,0.0,0,47.58
1076,0,0.0,0,73.15
1077,0,0.0,0,70.93
1078,0,0.0,0,28.27
1079,0,0.0,0,103.99
1080,0,0.0,0,76.95
1081,0,0.0,0,149.87
1082,0,0.02,0,91.29
1083,0,0.0,0,70.19
1084,0,0.0,0,148.08
1085,0,0.01,0,100.93
1086,0,0.0,0,18.99
1087,0,0.01,0,47.0
1088,0,0.0,0,119.0
1089,0,0.01,0,62.23
1090,0,0.0,0,81.18
1091,0,0.0,0,182.53
1092,0,0.0,0,24.67
1093,0,0.0,0,132.99
1094,0,0.0,0,52.18
1095,0,0.0,0,48.42
1096,0,0.07,0,28.72
1097,0,0.0,0,39.65
1098,0,0.0,0,18.23
1099,0,0.03,0,93.67
1100,0,0.0,0,6.76
1101,0,0.0,0,12.08
1102,0,0.0,0,22.17
1103,0,0.0,0,41.83
1104,0,0.0,0,6.39
1105,0,0.01,0,563.06
1106,0,0.02,0,643.85
1107,0,0.01,0,335.96
1108,0,0.0,0,35.77
1109,0,0.0,0,13.11
1110,0,0.0,0,87.53
1111,0,0.01,0,236.7
1112,1,0.7,1,17.4
1113,0,0.0,0,37.61
1114,0,0.0,0,134.47
1115,0,0.01,0,40.74
1116,0,0.0,0,235.39
1117,0,0.0,0,643.19
1118,0,0.0,0,166.93
1119,0,0.0,0,70.89
1120,0,0.0,0,228.42
1121,0,0.0,0,16.04
1122,0,0.0,0,20.19
1123,0,0.03,0,22.92
1124,0,0.01,0,142.64
1125,0,0.04,0,47.93
1126,0,0.0,0,24.7
1127,0,0.0,0,30.69
1128,0,0.02,0,129.19
1129,0,0.0,0,27.64
1130,0,0.0,0,1193.98
1131,0,0.0,0,166.73
1132,0,0.09,0,48.33
1133,0,0.01,0,361.24
1134,0,0.01,0,8.97
1135,1,0.58,1,36.1
1136,0,0.0,0,37.25
1137,0,0.0,0,232.97
1138,0,0.0,0,67.76
1139,0,0.0,0,17.06
1140,0,0.01,0,86.21
1141,0,0.0,0,220.66
1142,0,0.0,0,17.14
1143,0,0.0,0,41.18
1144,0,0.0,0,53.21
1145,0,0.01,0,99.51
1146,0,0.03,0,17.98
1147,0,0.0,0,84.59
1148,0,0.0,0,26.75
1149,0,0.0,0,131.72
1150,0,0.0,0,31.59
1151,0,0.0,0,21.33
1152,0,0.0,0,80.08
1153,0,0.0,0,10.6
1154,0,0.01,0,92.53
1155,0,0.0,0,97.74
1156,0,0.01,0,6.38
1157,0,0.03,0,30.99
1158,0,0.0,0,25.41
1159,0,0.0,0,332.43
1160,0,0.0,0,61.27
1161,0,0.0,0,41.26
1162,0,0.0,0,36.72
1163,0,0.0,0,26.82
1164,0,0.0,0,55.07
1165,0,0.0,0,1159.84
1166,0,0.06,0,17.06
1167,0,0.0,0,62.73
1168,0,0.0,0,310.91
1169,0,0.01,0,508.01
1170,0,0.01,0,267.7
1171,0,0.01,0,63.65
1172,0,0.0,0,5.18
1173,0,0.0,0,45.78
1174,0,0.0,0,272.29
1175,0,0.0,0,19.36
1176,0,0.0,0,7.53
1177,0,0.03,0,109.37
1178,0,0.0,0,99.91
1179,0,0.02,0,52.31
1180,0,0.0,0,32.2
1181,0,0.0,0,104.4
1182,0,0.0,0,41.45
1183,0,0.01,0,108.49
1184,0,0.0,0,15.73
1185,0,0.01,0,105.66
1186,0,0.0,0,115.81
1187,0,0.0,0,311.27
1188,0,0.0,0,11.92
1189,0,0.0,0,245.23
1190,0,0.01,0,37.52
1191,0,0.0,0,60.6
1192,0,0.03,0,19.98
1193,0,0.0,0,377.48
1194,0,0.0,0,117.91
1195,0,0.0,0,55.2
1196,0,0.0,0,23.42
1197,0,0.0,0,78.1
1198,0,0.0,0,41.94
1199,0,0.0,0,28.66
1200,0,0.0,0,157.08
1201,0,0.01,0,21.37
1202,0,0.0,0,14.44
1203,0,0.0,0,10.08
1204,0,0.03,0,23.37
1205,0,0.0,0,7.35
1206,0,0.0,0,142.34
1207,0,0.02,0,7.82
1208,0,0.0,0,115.56
1209,0,0.0,0,53.13
1210,0,0.0,0,30.46
1211,0,0.01,0,28.96
1212,0,0.0,0,27.71
1213,0,0.0,0,263.51
1214,0,0.02,0,14.56
1215,0,0.02,0,62.37
1216,0,0.01,0,541.04
1217,0,0.02,0,33.52
1218,0,0.0,0,242.44
1219,0,0.0,0,10.07
1220,0,0.0,0,21.15
1221,0,0.0,0,6.89
1222,0,0.01,0,101.42
1223,0,0.0,0,8.89
1224,0,0.0,0,22.77
1225,0,0.0,0,31.47
1226,0,0.0,0,9.89
1227,0,0.0,0,100.94
1228,0,0.0,0,382.22
1229,0,0.0,0,289.86
1230,0,0.0,0,1329.07
1231,0,0.0,0,54.19
1232,0,0.0,0,54.98
1233,0,0.02,0,104.96
1234,0,0.02,0,113.84
1235,0,0.0,0,199.88
1236,0,0.0,0,8.82
1237,0,0.02,0,65.73
1238,0,0.0,0,200.69
1239,0,0.02,0,23.05
1240,0,0.01,0,31.2
1241,0,0.0,0,2.12
1242,0,0.0,0,89.14
1243,0,0.0,0,147.93
1244,0,0.0,0,95.88
1245,0,0.0,0,71.59
1246,0,0.0,0,62.7
1247,0,0.0,0,12.1
1248,0,0.0,0,18.6
1249,0,0.0,0,56.95
1250,0,0.06,0,148.62
1251,0,0.0,0,173.91
1252,0,0.03,0,24.45
1253,0,0.01,0,92.94
1254,0,0.0,0,147.27
1255,0,0.01,0,28.33
1256,0,0.0,0,131.06
1257,0,0.0,0,36.38
1258,0,0.0,0,40.64
1259,0,0.0,0,79.87
1260,0,0.0,0,33.75
1261,0,0.0,0,54.32
1262,0,0.02,0,226.65
1263,0,0.01,0,28.56
1264,0,0.01,0,93.78
1265,0,0.01,0,70.04
1266,0,0.0,0,7.95
1267,0,0.0,0,57.31
1268,0,0.0,0,214.51
1269,0,0.0,0,4.3
1270,0,0.0,0,133.66
1271,0,0.0,0,38.23
1272,0,0.0,0,141.18
1273,0,0.0,0,106.08
1274,0,0.0,0,14.93
1275,0,0.0,0,99.35
1276,0,0.0,0,28.71
1277,0,0.0,0,22.25
1278,0,0.08,0,97.63
1279,0,0.0,0,23.72
1280,0,0.0,0,28.71
1281,0,0.0,0,128.57
1282,0,0.0,0,71.09
1283,0,0.0,0,28.78
1284,0,0.0,0,82.49
1285,0,0.01,0,16.94
1286,0,0.0,0,499.77
1287,0,0.0,0,36.03
1288,0,0.0,0,94.78
1289,0,0.01,0,64.69
1290,0,0.02,0,788.69
1291,0,0.0,0,67.31
1292,0,0.0,0,55.61
1293,0,0.0,0,122.4
1294,0,0.0,0,10.58
1295,0,0.0,0,10.24
1296,0,0.0,0,25.55
1297,0,0.0,0,111.4
1298,0,0.03,0,32.94
1299,0,0.0,0,95.74
1300,0,0.0,0,17.32
1301,0,0.0,0,42.81
1302,0,0.0,0,97.59
1303,0,0.0,0,45.59
1304,0,0.0,0,631.62
1305,0,0.0,0,154.4
1306,0,0.0,0,64.63
1307,0,0.0,0,10.99
1308,0,0.0,0,91.55
1309,0,0.0,0,20.4
1310,0,0.0,0,149.79
1311,0,0.06,0,135.33
1312,0,0.0,0,18.07
1313,0,0.0,0,258.49
1314,0,0.01,0,55.95
1315,0,0.0,0,8.21
1316,0,0.0,0,62.87
1317,0,0.0,0,189.07
1318,0,0.0,0,12.07
1319,0,0.0,0,14.53
1320,0,0.03,0,173.95
1321,0,0.0,0,36.81
1322,0,0.06,0,8.34
1323,0,0.0,0,22.82
1324,0,0.0,0,129.29
1325,0,0.01,0,81.2
1326,0,0.02,0,175.8
1327,0,0.05,0,23.43
1328,0,0.0,0,269.86
1329,0,0.0,0,32.61
1330,0,0.0,0,275.52
1331,0,0.0,0,256.3
1332,0,0.0,0,23.85
1333,0,0.0,0,47.43
1334,0,0.06,0,126.15
1335,0,0.0,0,93.48
1336,1,0.62,1,218.92
1337,1,0.69,1,143.37
1338,0,0.02,0,22.5
1339,0,0.04,0,62.94
1340,0,0.0,0,18.47
1341,0,0.0,0,1624.19
1342,0,0.0,0,25.49
1343,0,0.0,0,45.1
1344,0,0.0,0,10.74
1345,0,0.0,0,256.16
1346,0,0.0,0,37.09
1347,0,0.01,0,442.83
1348,0,0.0,0,411.63
1349,0,0.01,0,187.81
1350,0,0.0,0,27.83
1351,0,0.0,0,186.96
1352,0,0.0,0,9.12
1353,0,0.0,0,38.66
1354,0,0.0,0,273.03
1355,0,0.01,0,17.01
1356,0,0.0,0,41.11
1357,0,0.0,0,21.69
1358,0,0.02,0,24.45
1359,0,0.0,0,18.65
1360,0,0.0,0,36.33
1361,0,0.0,0,207.16
1362,0,0.0,0,26.61
1363,0,0.0,0,13.17
1364,0,0.0,0,132.65
1365,0,0.0,0,52.79
1366,0,0.0,0,501.24
1367,0,0.0,0,49.12
1368,0,0.0,0,13.24
1369,0,0.0,0,65.12
1370,0,0.0,0,91.33
1371,0,0.01,0,49.89
1372,0,0.0,0,31.85
1373,0,0.0,0,549.68
1374,0,0.01,0,2.38
1375,0,0.02,0,247.41
1376,0,0.0,0,24.64
1377,0,0.01,0,358.15
1378,0,0.0,0,33.32
1379,0,0.0,0,31.26
1380,0,0.04,0,76.14
1381,0,0.0,0,34.09
1382,0,0.0,0,22.37
1383,0,0.0,0,29.91
1384,0,0.01,0,13.12
1385,0,0.01,0,187.52
1386,0,0.0,0,51.38
1387,0,0.0,0,69.31
1388,0,0.04,0,14.77
1389,0,0.01,0,117.26
1390,0,0.0,0,37.55
1391,0,0.01,0,345.18
1392,0,0.0,0,9.1
1393,0,0.01,0,63.86
1394,0,0.0,0,30.39
1395,0,0.0,0,41.39
1396,0,0.0,0,268.5
1397,0,0.0,0,156.69
1398,0,0.0,0,182.27
1399,0,0.01,0,28.07
1400,0,0.0,0,51.41
1401,0,0.0,0,41.31
1402,0,0.01,0,64.74
1403,0,0.0,0,69.69
1404,0,0.03,0,199.49
1405,0,0.0,0,28.95
1406,0,0.0,0,45.0
1407,0,0.01,0,129.18
1408,0,0.01,0,359.78
1409,0,0.01,0,155.2
1410,0,0.0,0,212.76
1411,0,0.0,0,10.67
1412,0,0.03,0,25.86
1413,0,0.0,0,8.43
1414,0,0.0,0,163.91
1415,0,0.0,0,173.1
1416,0,0.0,0,27.02
1417,0,0.0,0,69.3
1418,0,0.03,0,49.12
1419,0,0.01,0,22.9
1420,0,0.0,0,20.02
1421,0,0.0,0,103.66
1422,0,0.01,0,53.79
1423,0,0.01,0,61.31
1424,0,0.01,0,28.8
1425,0,0.0,0,79.48
1426,0,0.0,0,154.87
1427,0,0.0,0,43.51
1428,0,0.01,0,35.69
1429,0,0.0,0,36.13
1430,0,0.01,0,445.84
1431,0,0.0,0,5.03
1432,0,0.01,0,37.86
1433,0,0.0,0,15.33
1434,0,0.0,0,565.75
1435,0,0.0,0,103.62
1436,0,0.0,0,33.89
1437,0,0.01,0,25.61
1438,0,0.01,0,200.35
1439,0,0.0,0,14.65
1440,0,0.03,0,17.9
1441,0,0.0,0,177.21
1442,0,0.01,0,94.94
1443,0,0.0,0,99.16
1444,0,0.0,0,97.44
1445,0,0.0,0,80.69
1446,0,0.0,0,47.36
1447,0,0.04,0,74.69
1448,0,0.01,0,16.44
1449,0,0.0,0,76.06
1450,0,0.0,0,40.06
1451,0,0.0,0,101.94
1452,0,0.0,0,76.08
1453,0,0.0,0,67.26
1454,1,0.68,1,14.82
1455,0,0.0,0,36.71
1456,0,0.0,0,96.23
1457,0,0.0,0,165.8
1458,0,0.0,0,145.7
1459,0,0.02,0,15.07
1460,0,0.0,0,71.64
1461,0,0.0,0,124.74
1462,0,0.0,0,44.4
1463,0,0.0,0,15.42
1464,0,0.0,0,28.4
1465,0,0.0,0,8.29
1466,0,0.0,0,21.45
1467,0,0.0,0,72.7
1468,0,0.01,0,15.19
1469,0,0.0,0,46.4
1470,0,0.06,0,23.18
1471,0,0.0,0,120.31
1472,0,0.03,0,20.49
1473,0,0.01,0,15.97
1474,0,0.0,0,8.19
1475,0,0.01,0,106.71
1476,0,0.0,0,126.44
1477,0,0.0,0,291.7
1478,0,0.0,0,96.67
1479,0,0.02,0,6.55
1480,0,0.02,0,147.9
1481,0,0.0,0,22.67
1482,0,0.0,0,91.53
1483,0,0.0,0,66.2
1484,0,0.0,0,109.38
1485,0,0.01,0,46.91
1486,0,0.0,0,21.46
1487,0,0.0,0,19.75
1488,0,0.0,0,114.49
1489,0,0.01,0,127.83
1490,0,0.0,0,14.68
1491,0,0.0,0,177.42
1492,0,0.0,0,784.97
1493,0,0.0,0,50.04
1494,0,0.03,0,4.47
1495,1,0.76,1,78.26
1496,0,0.0,0,15.91
1497,0,0.0,0,18.84
1498,0,0.0,0,786.55
1499,0,0.0,0,47.63
1500,0,0.01,0,249.08
1501,0,0.0,0,29.86
1502,0,0.0,0,33.83
1503,0,0.0,0,22.52
1504,0,0.0,0,728.86
1505,0,0.0,0,46.37
1506,0,0.0,0,622.77
1507,0,0.0,0,19.48
1508,0,0.01,0,1395.68
1509,0,0.01,0,45.21
1510,0,0.0,0,258.73
1511,0,0.01,0,166.98
1512,0,0.0,0,66.14
1513,0,0.0,0,51.95
1514,0,0.0,0,163.41
1515,0,0.0,0,40.65
1516,0,0.0,0,44.5
1517,0,0.01,0,243.99
1518,0,0.01,0,37.1
1519,0,0.0,0,39.05
1520,0,0.0,0,30.53
1521,0,0.0,0,795.66
1522,0,0.0,0,82.36
1523,0,0.01,0,188.3
1524,0,0.0,0,9.14
1525,0,0.0,0,51.34
1526,0,0.0,0,33.01
1527,0,0.0,0,4.51
1528,0,0.0,0,52.46
1529,0,0.0,0,439.52
1530,0,0.02,0,248.04
1531,0,0.02,0,683.15
1532,0,0.0,0,121.33
1533,0,0.0,0,37.69
1534,0,0.0,0,78.92
1535,0,0.0,0,87.03
1536,0,0.01,0,216.21
1537,0,0.0,0,10.83
1538,0,0.0,0,53.47
1539,0,0.0,0,200.32
1540,0,0.0,0,10.12
1541,0,0.07,0,79.33
1542,0,0.0,0,16.98
1543,0,0.01,0,309.43
1544,0,0.01,0,145.89
1545,0,0.0,0,31.36
1546,0,0.01,0,122.35
1547,0,0.01,0,21.91
1548,0,0.05,0,12.37
1549,0,0.0,0,8.31
1550,0,0.02,0,89.68
1551,0,0.01,0,38.96
1552,0,0.0,0,47.73
1553,0,0.01,0,341.55
1554,0,0.01,0,7.34
1555,0,0.0,0,280.73
1556,1,0.67,1,7.38
1557,0,0.0,0,98.48
1558,0,0.0,0,28.33
1559,0,0.0,0,127.28
1560,0,0.0,0,39.01
1561,0,0.02,0,37.39
1562,0,0.02,0,183.88
1563,0,0.0,0,163.3
1564,0,0.0,0,40.81
1565,0,0.0,0,8.05
1566,0,0.0,0,26.07
1567,0,0.01,0,50.49
1568,0,0.0,0,11.31
1569,0,0.01,0,46.69
1570,0,0.0,0,4.38
1571,0,0.0,0,160.78
1572,0,0.0,0,11.94
1573,0,0.0,0,15.88
1574,0,0.01,0,113.8
1575,0,0.02,0,197.77
1576,0,0.01,0,14.16
1577,0,0.02,0,21.49
1578,0,0.01,0,29.54
1579,0,0.0,0,21.09
1580,0,0.0,0,38.08
1581,0,0.02,0,45.87
1582,0,0.0,0,3.27
1583,0,0.0,0,761.98
1584,0,0.0,0,30.36
1585,0,0.0,0,13.15
1586,0,0.0,0,5.52
1587,0,0.0,0,115.49
1588,0,0.02,0,10.94
1589,0,0.01,0,29.12
1590,0,0.0,0,112.98
1591,1,0.69,1,25.35
1592,0,0.0,0,28.9
1593,0,0.01,0,46.2
1594,0,0.04,0,55.08
1595,0,0.01,0,96.62
1596,0,0.01,0,23.89
1597,0,0.01,0,44.75
1598,0,0.0,0,24.02
1599,0,0.0,0,198.53
1600,0,0.0,0,106.98
1601,0,0.0,0,55.84
1602,0,0.01,0,108.61
1603,0,0.02,0,272.08
1604,0,0.0,0,59.21
1605,0,0.01,0,10.3
1606,0,0.04,0,144.86
1607,0,0.01,0,238.08
1608,0,0.0,0,207.62
1609,0,0.0,0,21.87
1610,0,0.0,0,223.31
1611,0,0.0,0,12.08
1612,0,0.0,0,93.0
1613,0,0.0,0,174.48
1614,0,0.0,0,21.02
1615,0,0.03,0,38.57
1616,0,0.0,0,51.98
1617,0,0.0,0,16.97
1618,0,0.01,0,7.78
1619,0,0.0,0,55.34
1620,0,0.02,0,27.43
1621,0,0.0,0,174.49
1622,0,0.0,0,44.82
1623,0,0.0,0,26.18
1624,0,0.01,0,44.8
1625,0,0.0,0,120.57
1626,0,0.0,0,30.72
1627,0,0.0,0,43.14
1628,0,0.0,0,57.56
1629,0,0.0,0,445.76
1630,0,0.01,0,16.81
1631,0,0.01,0,10.64
1632,0,0.0,0,235.42
1633,0,0.01,0,84.94
1634,0,0.0,0,292.02
1635,0,0.0,0,23.22
1636,0,0.0,0,89.56
1637,0,0.0,0,11.3
1638,0,0.0,0,50.74
1639,0,0.0,0,31.14
1640,0,0.0,0,14.28
1641,0,0.01,0,50.12
1642,1,0.67,1,94.24
1643,0,0.0,0,52.21
1644,0,0.0,0,39.87
1645,0,0.0,0,94.63
1646,0,0.0,0,117.36
1647,0,0.01,0,171.11
1648,0,0.01,0,96.39
1649,0,0.0,0,80.88
1650,0,0.01,0,51.08
1651,0,0.0,0,36.67
1652,0,0.02,0,19.34
1653,0,0.0,0,13.94
1654,0,0.0,0,57.64
1655,0,0.0,0,125.56
1656,0,0.0,0,125.26
1657,0,0.0,0,71.83
1658,0,0.0,0,173.5
1659,0,0.0,0,29.69
1660,0,0.01,0,509.43
1661,0,0.02,0,27.5
1662,0,0.01,0,54.58
1663,0,0.0,0,62.61
1664,0,0.08,0,37.81
1665,0,0.0,0,102.38
1666,0,0.0,0,7.45
1667,0,0.0,0,16.92
1668,0,0.03,0,225.69
1669,0,0.0,0,14.69
1670,0,0.0,0,42.21
1671,0,0.01,0,98.56
1672,0,0.0,0,49.17
1673,0,0.02,0,4309.24
1674,0,0.07,0,258.42
1675,0,0.01,0,50.53
1676,1,0.77,1,118.18
1677,0,0.0,0,33.48
1678,0,0.0,0,133.92
1679,0,0.0,0,40.13
1680,0,0.0,0,724.17
1681,0,0.0,0,26.81
1682,0,0.03,0,46.36
1683,0,0.0,0,414.22
1684,0,0.0,0,12.72
1685,0,0.04,0,692.14
1686,0,0.0,0,19.55
1687,0,0.03,0,156.74
1688,0,0.01,0,219.17
1689,0,0.0,0,64.03
1690,0,0.0,0,57.45
1691,0,0.0,0,48.73
1692,0,0.0,0,49.91
1693,0,0.0,0,267.98
1694,0,0.0,0,177.29
1695,0,0.0,0,17.3
1696,0,0.0,0,10.09
1697,0,0.0,0,46.11
1698,0,0.01,0,176.55
1699,0,0.0,0,46.91
1700,0,0.02,0,1122.62
1701,0,0.0,0,29.7
1702,0,0.0,0,55.32
1703,0,0.04,0,89.98
1704,0,0.0,0,22.9
1705,0,0.04,0,11.86
1706,0,0.0,0,49.56
1707,0,0.0,0,60.72
1708,0,0.08,0,121.24
1709,0,0.0,0,446.0
1710,0,0.0,0,167.27
1711,0,0.04,0,42.65
1712,0,0.01,0,4.88
1713,0,0.05,0,2.68
1714,0,0.0,0,161.79
1715,0,0.01,0,96.27
1716,0,0.0,0,74.57
1717,0,0.0,0,20.67
1718,0,0.0,0,24.83
1719,0,0.0,0,36.25
1720,0,0.0,0,68.29
1721,0,0.0,0,467.58
1722,0,0.0,0,19.68
1723,0,0.01,0,60.12
1724,0,0.0,0,14.44
1725,0,0.0,0,49.65
1726,0,0.0,0,36.53
1727,0,0.0,0,641.23
1728,0,0.0,0,22.33
1729,0,0.0,0,9.58
1730,0,0.0,0,35.39
1731,0,0.01,0,39.69
1732,0,0.0,0,30.59
1733,0,0.0,0,9.14
1734,0,0.0,0,75.0
1735,0,0.0,0,16.46
1736,1,0.71,1,28.98
1737,0,0.0,0,86.35
1738,0,0.0,0,59.48
1739,0,0.0,0,136.83
1740,0,0.0,0,78.62
1741,0,0.0,0,250.3
1742,0,0.0,0,82.67
1743,0,0.0,0,61.01
1744,1,0.75,1,69.77
1745,0,0.0,0,118.99
1746,1,0.65,1,597.89
1747,0,0.0,0,40.51
1748,0,0.0,0,16.32
1749,0,0.0,0,37.58
1750,0,0.01,0,133.99
1751,0,0.0,0,12.23
1752,0,0.03,0,407.86
1753,0,0.0,0,52.1
1754,0,0.01,0,44.58
1755,0,0.01,0,54.57
1756,0,0.0,0,35.31
1757,0,0.0,0,322.58
1758,0,0.01,0,17.45
1759,0,0.0,0,24.95
1760,0,0.0,0,10.46
1761,0,0.0,0,88.27
1762,0,0.0,0,69.27
1763,0,0.01,0,32.2
1764,0,0.0,0,207.16
1765,0,0.0,0,205.65
1766,0,0.0,0,211.48
1767,0,0.03,0,185.27
1768,0,0.0,0,83.95
1769,0,0.01,0,31.2
1770,0,0.02,0,16.71
1771,0,0.0,0,50.57
1772,0,0.01,0,7.44
1773,0,0.0,0,597.04
1774,0,0.07,0,33.82
1775,0,0.0,0,83.31
1776,0,0.03,0,515.02
1777,0,0.03,0,288.47
1778,0,0.01,0,412.47
1779,0,0.0,0,195.12
1780,0,0.0,0,67.06
1781,0,0.07,0,27.94
1782,0,0.0,0,65.91
1783,0,0.0,0,52.04
1784,0,0.0,0,14.87
1785,0,0.0,0,85.14
1786,0,0.0,0,222.25
1787,0,0.0,0,29.94
1788,0,0.0,0,5.99
1789,0,0.0,0,9.52
1790,0,0.0,0,53.74
1791,0,0.0,0,45.34
1792,0,0.0,0,141.28
1793,0,0.0,0,35.76
1794,0,0.0,0,36.57
1795,0,0.0,0,28.26
1796,0,0.0,0,200.89
1797,0,0.0,0,20.74
1798,0,0.02,0,121.44
1799,0,0.0,0,1230.01
1800,1,0.61,1,162.66
1801,0,0.0,0,127.98
1802,0,0.01,0,161.88
1803,0,0.01,0,10.95
1804,0,0.02,0,7.02
1805,0,0.01,0,401.95
1806,0,0.0,0,15.45
1807,0,0.01,0,410.74
1808,0,0.0,0,52.93
1809,0,0.0,0,15.42
1810,0,0.0,0,33.39
1811,0,0.0,0,104.91
1812,0,0.03,0,93.89
1813,0,0.0,0,19.53
1814,0,0.0,0,205.02
1815,0,0.0,0,69.76
1816,0,0.0,0,52.08
1817,0,0.0,0,25.55
1818,1,0.64,1,17.47
1819,0,0.0,0,48.14
1820,0,0.0,0,31.19
1821,0,0.0,0,24.73
1822,0,0.0,0,48.6
1823,0,0.02,0,52.82
1824,0,0.01,0,9.15
1825,0,0.0,0,381.54
1826,0,0.0,0,109.7
1827,0,0.01,0,206.02
1828,0,0.0,0,20.07
1829,0,0.0,0,47.99
1830,0,0.01,0,99.66
1831,0,0.04,0,5.17
1832,0,0.0,0,200.68
1833,0,0.01,0,3153.47
1834,0,0.0,0,30.21
1835,0,0.0,0,44.75
1836,0,0.02,0,244.78
1837,0,0.0,0,72.95
1838,0,0.0,0,128.85
1839,0,0.0,0,65.9
1840,0,0.09,0,339.68
1841,0,0.0,0,60.62
1842,0,0.0,0,61.96
1843,0,0.0,0,291.66
1844,0,0.0,0,63.63
1845,0,0.02,0,41.26
1846,0,0.0,0,62.51
1847,0,0.0,0,9.41
1848,0,0.0,0,61.82
1849,0,0.01,0,22.74
1850,0,0.01,0,96.98
1851,0,0.0,0,22.68
1852,0,0.02,0,107.06
1853,0,0.0,0,136.82
1854,0,0.01,0,1529.45
1855,0,0.01,0,11.84
1856,0,0.0,0,62.02
1857,0,0.0,0,65.66
1858,0,0.0,0,254.36
1859,0,0.0,0,75.6
1860,0,0.0,0,89.21
1861,0,0.04,0,385.89
1862,0,0.0,0,27.81
1863,0,0.0,0,200.87
1864,0,0.0,0,22.12
1865,0,0.0,0,13.47
1866,0,0.0,0,11.87
1867,0,0.0,0,75.09
1868,0,0.0,0,32.39
1869,0,0.0,0,63.08
1870,0,0.0,0,285.53
1871,0,0.0,0,34.72
1872,0,0.0,0,120.96
1873,0,0.0,0,6.19
1874,0,0.0,0,7.33
1875,0,0.0,0,72.15
1876,0,0.03,0,113.21
1877,0,0.0,0,277.03
1878,0,0.02,0,368.9
1879,0,0.0,0,1097.52
1880,0,0.0,0,8.32
1881,0,0.0,0,114.51
1882,0,0.0,0,7.7
1883,0,0.0,0,45.68
1884,0,0.0,0,187.83
1885,0,0.03,0,265.67
1886,0,0.01,0,220.55
1887,0,0.0,0,16.04
1888,0,0.01,0,181.61
1889,0,0.02,0,110.65
1890,0,0.02,0,35.01
1891,0,0.01,0,26.61
1892,0,0.0,0,7.51
1893,0,0.03,0,131.04
1894,0,0.0,0,37.55
1895,0,0.0,0,59.94
1896,0,0.0,0,17.22
1897,0,0.0,0,31.28
1898,0,0.0,0,347.72
1899,0,0.0,0,19.87
1900,0,0.0,0,139.46
1901,0,0.01,0,46.54
1902,0,0.0,0,82.83
1903,0,0.0,0,29.17
1904,0,0.0,0,615.45
1905,0,0.0,0,337.33
1906,0,0.0,0,182.9
1907,0,0.0,0,24.45
1908,0,0.0,0,90.24
1909,0,0.0,0,11.85
1910,0,0.03,0,17.31
1911,0,0.0,0,166.19
1912,0,0.0,0,109.18
1913,0,0.03,0,251.37
1914,0,0.01,0,724.67
1915,0,0.0,0,20.11
1916,0,0.0,0,7.39
1917,0,0.0,0,121.88
1918,0,0.0,0,52.31
1919,0,0.01,0,138.04
1920,0,0.05,0,36.3
1921,0,0.0,0,3.28
1922,0,0.0,0,29.33
1923,0,0.0,0,51.82
1924,0,0.03,0,53.11
1925,0,0.01,0,102.11
1926,0,0.0,0,38.0
1927,0,0.0,0,10.86
1928,0,0.0,0,37.55
1929,0,0.07,0,275.15
1930,0,0.01,0,13.95
1931,0,0.01,0,7.7
1932,0,0.0,0,103.82
1933,0,0.0,0,55.87
1934,0,0.0,0,632.52
1935,0,0.0,0,109.63
1936,0,0.01,0,21.88
1937,0,0.0,0,58.4
1938,0,0.0,0,14.2
1939,0,0.0,0,40.7
1940,0,0.0,0,69.64
1941,0,0.04,0,84.85
1942,0,0.0,0,368.78
1943,0,0.0,0,187.53
1944,0,0.01,0,358.27
1945,0,0.0,0,215.22
1946,0,0.0,0,11.42
1947,0,0.0,0,477.65
1948,0,0.0,0,50.23
1949,0,0.0,0,17.14
1950,0,0.0,0,155.74
1951,0,0.0,0,3.21
1952,0,0.01,0,42.45
1953,0,0.0,0,191.02
1954,0,0.02,0,218.17
1955,0,0.01,0,31.53
1956,0,0.01,0,241.2
1957,0,0.0,0,375.78
1958,0,0.06,0,152.97
1959,0,0.0,0,646.21
1960,0,0.04,0,22.95
1961,0,0.0,0,566.19
1962,0,0.01,0,13.25
1963,0,0.0,0,90.48
1964,0,0.0,0,54.62
1965,0,0.0,0,6.34
1966,0,0.0,0,379.46
1967,0,0.0,0,48.95
1968,0,0.0,0,125.59
1969,0,0.0,0,37.29
1970,0,0.04,0,204.9
1971,0,0.01,0,13.08
1972,0,0.01,0,534.17
1973,0,0.0,0,100.93
1974,0,0.0,0,86.46
1975,0,0.0,0,176.86
1976,0,0.0,0,35.16
1977,0,0.01,0,2418.62
1978,0,0.0,0,27.21
1979,0,0.01,0,71.75
1980,0,0.0,0,92.09
1981,0,0.0,0,14.26
1982,0,0.0,0,125.1
1983,0,0.0,0,14.97
1984,0,0.0,0,14.52
1985,0,0.0,0,203.75
1986,0,0.0,0,30.08
1987,0,0.0,0,38.64
1988,0,0.0,0,54.08
1989,0,0.1,0,33.54
1990,0,0.0,0,17.3
1991,0,0.05,0,15.26
1992,0,0.03,0,18.86
1993,0,0.01,0,12.21
1994,0,0.0,0,256.09
1995,0,0.1,0,3593.42
1996,0,0.01,0,247.89
1997,0,0.01,0,23.24
1998,0,0.0,0,68.87
1999,0,0.03,0,311.92
2000,0,0.0,0,31.63
2001,0,0.0,0,21.8
2002,0,0.0,0,166.02
2003,0,0.02,0,39.21
2004,0,0.0,0,111.02
2005,0,0.0,0,50.45
2006,0,0.0,0,324.34
2007,0,0.0,0,57.28
2008,0,0.0,0,115.98
2009,0,0.0,0,94.05
2010,0,0.03,0,190.24
2011,0,0.0,0,39.1
2012,0,0.0,0,34.53
2013,0,0.0,0,36.03
2014,0,0.02,0,48.11
2015,0,0.0,0,53.67
2016,0,0.0,0,104.97
2017,0,0.0,0,71.41
2018,0,0.0,0,20.33
2019,0,0.0,0,48.35
2020,0,0.0,0,46.16
2021,0,0.0,0,149.36
2022,0,0.0,0,47.73
2023,0,0.0,0,66.91
2024,0,0.0,0,57.63
2025,0,0.0,0,12.24
2026,0,0.0,0,130.03
2027,0,0.02,0,32.29
2028,0,0.0,0,13.94
2029,0,0.0,0,913.96
2030,0,0.0,0,65.78
2031,0,0.0,0,173.4
2032,0,0.0,0,43.64
2033,0,0.0,0,122.97
2034,0,0.0,0,36.97
2035,0,0.02,0,46.41
2036,0,0.08,0,263.82
2037,0,0.0,0,74.1
2038,0,0.01,0,44.37
2039,0,0.0,0,48.7
2040,0,0.0,0,82.1
2041,0,0.0,0,46.65
2042,0,0.0,0,161.48
2043,0,0.02,0,419.01
2044,0,0.0,0,38.06
2045,0,0.0,0,36.06
2046,0,0.01,0,16.54
2047,0,0.0,0,126.14
2048,0,0.0,0,29.94
2049,0,0.01,0,70.83
2050,0,0.0,0,30.91
2051,0,0.0,0,139.58
2052,0,0.0,0,30.47
2053,0,0.0,0,81.13
2054,0,0.04,0,18.35
2055,0,0.0,0,27.29
2056,0,0.0,0,321.68
2057,0,0.01,0,432.03
2058,0,0.0,0,12.96
2059,0,0.01,0,217.42
2060,0,0.0,0,29.14
2061,0,0.0,0,34.56
2062,0,0.07,0,112.54
2063,0,0.0,0,165.31
2064,0,0.0,0,350.89
2065,0,0.0,0,17.21
2066,0,0.0,0,30.25
2067,0,0.01,0,25.0
2068,0,0.0,0,93.44
2069,0,0.0,0,5.75
2070,0,0.0,0,505.53
2071,0,0.0,0,266.41
2072,0,0.0,0,38.23
2073,0,0.0,0,132.43
2074,0,0.01,0,225.75
2075,0,0.02,0,56.01
2076,0,0.0,0,13.41
2077,0,0.0,0,239.54
2078,0,0.02,0,18.83
2079,0,0.0,0,32.24
2080,0,0.02,0,76.8
2081,0,0.05,0,11.82
2082,0,0.0,0,16.85
2083,0,0.01,0,33.81
2084,0,0.03,0,39.92
2085,0,0.0,0,52.6
2086,0,0.0,0,163.55
2087,0,0.01,0,285.98
2088,0,0.0,0,23.03
2089,0,0.0,0,178.42
2090,0,0.02,0,22.1
2091,0,0.0,0,543.82
2092,0,0.0,0,342.83
2093,0,0.0,0,10.56
2094,0,0.0,0,15.21
2095,0,0.0,0,21.83
2096,0,0.01,0,59.99
2097,0,0.01,0,442.19
2098,0,0.0,0,34.54
2099,0,0.01,0,136.64
2100,0,0.0,0,27.3
2101,0,0.01,0,196.67
2102,0,0.04,0,61.39
2103,0,0.0,0,89.49
2104,0,0.0,0,15.61
2105,0,0.02,0,194.99
2106,0,0.0,0,105.12
2107,0,0.01,0,193.73
2108,0,0.0,0,43.2
2109,0,0.01,0,170.74
2110,0,0.0,0,99.61
2111,0,0.0,0,124.53
2112,0,0.0,0,56.62
2113,0,0.01,0,36.21
2114,0,0.0,0,188.72
2115,0,0.0,0,287.82
2116,0,0.0,0,21.99
2117,0,0.0,0,153.82
2118,0,0.0,0,58.28
2119,0,0.0,0,637.93
2120,0,0.0,0,49.77
2121,0,0.0,0,28.59
2122,0,0.0,0,38.23
2123,0,0.0,0,91.88
2124,0,0.0,0,515.12
2125,0,0.03,0,21.27
2126,0,0.01,0,35.15
2127,0,0.0,0,34.16
2128,0,0.02,0,43.47
2129,0,0.0,0,232.36
2130,0,0.0,0,182.79
2131,0,0.0,0,173.15
2132,0,0.03,0,9.43
2133,0,0.01,0,27.06
2134,0,0.0,0,58.16
2135,0,0.04,0,32.98
2136,1,0.72,1,100.43
2137,0,0.03,0,29.13
2138,0,0.0,0,45.18
2139,0,0.02,0,161.4
2140,0,0.0,0,30.14
2141,0,0.0,0,8.06
2142,0,0.0,0,28.67
2143,0,0.0,0,41.97
2144,0,0.0,0,70.7
2145,0,0.0,0,3.73
2146,0,0.01,0,8.42
2147,0,0.0,0,26.76
2148,0,0.06,0,16.88
2149,0,0.0,0,216.01
2150,0,0.02,0,8.97
2151,0,0.0,0,44.2
2152,0,0.0,0,9.88
2153,0,0.0,0,14.03
2154,0,0.0,0,12.02
2155,0,0.01,0,10.27
2156,0,0.02,0,386.15
2157,0,0.0,0,37.72
2158,0,0.0,0,55.8
2159,0,0.0,0,5.24
2160,0,0.05,0,157.17
2161,1,0.74,1,48.46
2162,0,0.0,0,22.73
2163,0,0.0,0,70.71
2164,0,0.01,0,110.33
2165,0,0.0,0,13.79
2166,0,0.0,0,167.45
2167,0,0.0,0,57.26
2168,0,0.0,0,443.7
2169,0,0.0,0,1003.61
2170,0,0.0,0,38.57
2171,0,0.0,0,243.21
2172,0,0.01,0,64.81
2173,0,0.0,0,16.17
2174,0,0.0,0,25.73
2175,0,0.01,0,14.21
2176,0,0.0,0,541.0
2177,0,0.0,0,134.9
2178,0,0.0,0,18.75
2179,0,0.01,0,33.9
2180,0,0.0,0,34.09
2181,0,0.0,0,144.31
2182,0,0.0,0,63.41
2183,0,0.0,0,17.32
2184,0,0.0,0,424.61
2185,0,0.0,0,78.7
2186,0,0.0,0,135.8
2187,0,0.0,0,4.38
2188,0,0.0,0,54.9
2189,0,0.0,0,917.77
2190,0,0.0,0,7.35
2191,0,0.0,0,9.0
2192,0,0.0,0,42.02
2193,0,0.0,0,66.02
2194,0,0.0,0,80.78
2195,0,0.0,0,29.39
2196,0,0.0,0,204.42
2197,0,0.0,0,53.67
2198,0,0.0,0,136.11
2199,0,0.0,0,75.73
2200,0,0.0,0,16.12
2201,0,0.0,0,38.61
2202,0,0.01,0,6.19
2203,0,0.0,0,63.25
2204,0,0.02,0,43.42
2205,0,0.0,0,89.11
2206,0,0.0,0,64.91
2207,0,0.0,0,47.18
2208,0,0.0,0,19.9
2209,0,0.01,0,58.1
2210,0,0.0,0,174.5
2211,0,0.01,0,29.72
2212,0,0.0,0,40.23
2213,0,0.0,0,106.74
2214,0,0.0,0,160.24
2215,0,0.0,0,155.48
2216,0,0.0,0,28.28
2217,0,0.01,0,112.2
2218,0,0.01,0,130.16
2219,0,0.0,0,8.05
2220,0,0.0,0,144.24
2221,0,0.0,0,66.5
2222,0,0.01,0,30.74
2223,0,0.0,0,24.18
2224,0,0.0,0,49.45
2225,0,0.0,0,31.23
2226,0,0.0,0,3.64
2227,0,0.0,0,12.58
2228,0,0.02,0,273.63
2229,0,0.0,0,126.88
2230,0,0.03,0,109.12
2231,0,0.0,0,252.73
2232,0,0.0,0,4.18
2233,0,0.0,0,25.13
2234,0,0.0,0,20.32
2235,0,0.0,0,116.11
2236,0,0.0,0,31.99
2237,0,0.01,0,465.46
2238,0,0.0,0,15.98
2239,0,0.0,0,89.92
2240,0,0.0,0,86.74
2241,0,0.0,0,124.42
2242,0,0.01,0,15.54
2243,0,0.0,0,71.01
2244,0,0.0,0,17.77
2245,0,0.0,0,232.4
2246,0,0.0,0,63.24
2247,0,0.0,0,11.83
2248,0,0.0,0,12.02
2249,0,0.0,0,8.04
2250,0,0.0,0,376.8
2251,0,0.01,0,85.19
2252,0,0.0,0,22.77
2253,0,0.0,0,818.88
2254,0,0.01,0,713.49
2255,0,0.0,0,149.57
2256,0,0.0,0,78.68
2257,0,0.0,0,110.82
2258,0,0.0,0,375.66
2259,0,0.01,0,13.9
2260,0,0.0,0,145.62
2261,0,0.0,0,169.98
2262,0,0.0,0,297.04
2263,0,0.01,0,60.61
2264,0,0.0,0,29.41
2265,0,0.0,0,45.44
2266,0,0.02,0,82.45
2267,0,0.02,0,48.08
2268,0,0.0,0,47.31
2269,0,0.0,0,57.82
2270,0,0.0,0,99.7
2271,0,0.0,0,220.98
2272,0,0.02,0,108.55
2273,0,0.0,0,52.77
2274,0,0.0,0,231.43
2275,0,0.0,0,16.23
2276,0,0.0,0,236.62
2277,0,0.0,0,16.84
2278,1,0.69,1,50.72
2279,0,0.01,0,47.96
2280,0,0.0,0,9.74
2281,0,0.04,0,156.66
2282,0,0.0,0,105.47
2283,0,0.0,0,29.62
2284,0,0.0,0,214.65
2285,1,0.6,1,125.05
2286,0,0.0,0,135.39
2287,0,0.0,0,15.16
2288,0,0.0,0,46.72
2289,0,0.01,0,29.09
2290,0,0.01,0,150.93
2291,0,0.01,0,5.61
2292,0,0.01,0,18.74
2293,0,0.0,0,107.61
2294,0,0.0,0,409.19
2295,0,0.0,0,138.49
2296,0,0.01,0,67.65
2297,0,0.03,0,345.55
2298,0,0.0,0,354.73
2299,0,0.0,0,80.38
2300,0,0.0,0,115.5
2301,0,0.02,0,11.82
2302,0,0.04,0,23.31
2303,0,0.0,0,9.82
2304,0,0.0,0,60.96
2305,0,0.02,0,25.71
2306,0,0.01,0,3.17
2307,0,0.02,0,3.03
2308,0,0.0,0,26.67
2309,0,0.01,0,65.27
2310,0,0.01,0,31.66
2311,0,0.0,0,25.2
2312,1,0.69,1,216.93
2313,0,0.0,0,318.06
2314,0,0.01,0,428.51
2315,0,0.0,0,34.33
2316,0,0.0,0,39.35
2317,0,0.01,0,15.24
2318,0,0.0,0,374.42
2319,0,0.01,0,82.98
2320,0,0.0,0,50.74
2321,0,0.0,0,27.53
2322,0,0.02,0,29.87
2323,0,0.0,0,138.87
2324,0,0.0,0,281.09
2325,0,0.09,0,178.99
2326,0,0.0,0,125.27
2327,0,0.0,0,123.09
2328,0,0.0,0,55.46
2329,0,0.0,0,131.64
2330,0,0.0,0,59.05
2331,0,0.02,0,205.66
2332,0,0.0,0,9.92
2333,0,0.01,0,224.84
2334,0,0.02,0,198.29
2335,0,0.0,0,23.74
2336,0,0.05,0,50.52
2337,0,0.0,0,96.84
2338,0,0.0,0,46.12
2339,0,0.0,0,8.39
2340,0,0.0,0,133.23
2341,0,0.0,0,110.69
2342,0,0.0,0,7.41
2343,0,0.0,0,336.46
2344,0,0.0,0,10.35
2345,0,0.0,0,120.85
2346,1,0.66,1,33.25
2347,0,0.0,0,16.21
2348,0,0.0,0,21.18
2349,0,0.0,0,15.34
2350,0,0.0,0,8.36
2351,0,0.0,0,27.21
2352,0,0.08,0,66.51
2353,0,0.01,0,181.03
2354,0,0.0,0,42.47
2355,0,0.0,0,30.4
2356,0,0.0,0,45.49
2357,0,0.0,0,50.77
2358,0,0.0,0,62.26
2359,0,0.0,0,255.02
2360,0,0.0,0,17.04
2361,0,0.02,0,29.97
2362,0,0.0,0,191.46
2363,0,0.0,0,38.85
2364,0,0.01,0,205.11
2365,0,0.0,0,154.6
2366,0,0.0,0,41.95
2367,0,0.0,0,49.22
2368,0,0.01,0,221.58
2369,0,0.0,0,40.24
2370,0,0.0,0,17.1
2371,0,0.01,0,32.89
2372,0,0.0,0,12.96
2373,0,0.0,0,155.74
2374,0,0.01,0,27.93
2375,0,0.0,0,56.68
2376,0,0.0,0,39.25
2377,0,0.0,0,9.32
2378,0,0.0,0,116.19
2379,0,0.0,0,27.44
2380,0,0.0,0,37.37
2381,0,0.0,0,960.65
2382,0,0.0,0,84.69
2383,0,0.01,0,99.46
2384,0,0.0,0,21.29
2385,0,0.0,0,15.23
2386,0,0.0,0,238.85
2387,0,0.0,0,163.23
2388,0,0.03,0,147.38
2389,0,0.0,0,89.23
2390,0,0.02,0,323.7
2391,0,0.0,0,20.43
2392,0,0.0,0,65.32
2393,0,0.0,0,123.37
2394,0,0.0,0,97.22
2395,0,0.0,0,11.16
2396,0,0.0,0,16.59
2397,0,0.0,0,58.41
2398,0,0.0,0,183.28
2399,0,0.0,0,25.89
2400,0,0.0,0,122.55
2401,0,0.0,0,7.03
2402,0,0.0,0,46.54
2403,0,0.0,0,61.59
2404,0,0.0,0,100.4
2405,0,0.0,0,10.98
2406,0,0.0,0,35.88
2407,0,0.0,0,116.3
2408,0,0.0,0,20.67
2409,0,0.0,0,4.19
2410,1,0.64,1,171.04
2411,0,0.02,0,426.24
2412,0,0.0,0,89.85
2413,0,0.0,0,79.08
2414,0,0.0,0,46.73
2415,0,0.02,0,41.06
2416,0,0.0,0,118.78
2417,0,0.0,0,81.35
2418,0,0.01,0,14.43
2419,0,0.0,0,38.32
2420,0,0.0,0,10.17
2421,0,0.06,0,73.03
2422,0,0.0,0,15.7
2423,0,0.02,0,68.34
2424,0,0.0,0,12.15
2425,0,0.0,0,30.69
2426,0,0.06,0,5.07
2427,0,0.0,0,156.17
2428,0,0.0,0,454.57
2429,0,0.01,0,42.2
2430,0,0.0,0,64.15
2431,0,0.0,0,57.98
2432,0,0.0,0,15.5
2433,0,0.0,0,110.17
2434,0,0.0,0,2.18
2435,0,0.0,0,628.8
2436,0,0.0,0,18.49
2437,0,0.0,0,18.08
2438,0,0.01,0,92.72
2439,0,0.01,0,65.26
2440,0,0.0,0,6.8
2441,0,0.0,0,296.91
2442,0,0.0,0,75.1
2443,0,0.0,0,22.41
2444,0,0.01,0,8.62
2445,0,0.0,0,46.67
2446,0,0.0,0,4.03
2447,0,0.0,0,67.96
2448,0,0.0,0,80.23
2449,0,0.0,0,35.65
2450,0,0.0,0,112.92
2451,0,0.0,0,103.96
2452,0,0.0,0,28.76
2453,0,0.0,0,67.56
2454,0,0.0,0,29.75
2455,0,0.0,0,43.53
2456,0,0.0,0,45.57
2457,0,0.0,0,21.89
2458,0,0.0,0,8.37
2459,0,0.0,0,36.63
2460,0,0.0,0,460.7
2461,0,0.01,0,20.07
2462,0,0.0,0,208.75
2463,0,0.01,0,19.66
2464,0,0.0,0,103.91
2465,0,0.0,0,27.06
2466,0,0.0,0,102.43
2467,0,0.0,0,37.59
2468,0,0.0,0,34.53
2469,0,0.01,0,502.46
2470,0,0.0,0,366.03
2471,0,0.0,0,125.62
2472,0,0.01,0,6.21
2473,0,0.01,0,21.09
2474,0,0.06,0,97.26
2475,0,0.0,0,25.47
2476,0,0.0,0,218.34
2477,0,0.0,0,271.64
2478,0,0.05,0,19.37
2479,0,0.0,0,216.81
2480,0,0.0,0,170.16
2481,0,0.0,0,76.57
2482,0,0.0,0,344.4
2483,0,0.0,0,160.67
2484,0,0.0,0,19.8
2485,0,0.0,0,59.85
2486,0,0.02,0,10.77
2487,0,0.0,0,24.19
2488,0,0.03,0,102.49
2489,0,0.0,0,55.69
2490,0,0.0,0,237.23
2491,0,0.0,0,255.07
2492,0,0.01,0,336.25
2493,0,0.0,0,63.19
2494,0,0.0,0,22.54
2495,0,0.01,0,27.93
2496,0,0.0,0,86.25
2497,0,0.0,0,5.91
2498,0,0.0,0,8.34
2499,0,0.0,0,72.52
2500,0,0.0,0,736.09
2501,0,0.01,0,349.38
2502,0,0.0,0,106.69
2503,0,0.0,0,19.41
2504,0,0.05,0,51.47
2505,0,0.01,0,9.7
2506,0,0.0,0,83.31
2507,0,0.0,0,40.08
2508,0,0.01,0,9.01
2509,0,0.0,0,61.89
2510,0,0.0,0,28.19
2511,0,0.01,0,178.49
2512,0,0.0,0,131.86
2513,0,0.0,0,49.78
2514,0,0.0,0,11.25
2515,0,0.01,0,25.25
2516,0,0.0,0,69.21
2517,0,0.0,0,26.61
2518,0,0.01,0,185.14
2519,0,0.0,0,8.63
2520,0,0.0,0,1353.2
2521,0,0.0,0,323.71
2522,0,0.01,0,23.17
2523,0,0.01,0,9.26
2524,0,0.0,0,112.54
2525,0,0.0,0,10.95
2526,0,0.0,0,20.79
2527,0,0.0,0,210.95
2528,0,0.0,0,78.11
2529,0,0.0,0,30.66
2530,0,0.02,0,18.72
2531,0,0.0,0,30.26
2532,0,0.0,0,7.61
2533,0,0.0,0,18.39
2534,0,0.01,0,15.97
2535,0,0.0,0,240.73
2536,0,0.0,0,41.93
2537,0,0.0,0,9.15
2538,0,0.0,0,46.49
2539,0,0.0,0,194.33
2540,0,0.0,0,101.53
2541,0,0.01,0,826.19
2542,0,0.0,0,26.44
2543,0,0.01,0,31.19
2544,0,0.0,0,36.74
2545,0,0.01,0,56.21
2546,0,0.0,0,11.03
2547,0,0.02,0,38.33
2548,0,0.01,0,224.72
2549,0,0.0,0,25.83
2550,0,0.0,0,12.76
2551,0,0.05,0,511.22
2552,0,0.0,0,38.02
2553,0,0.0,0,28.91
2554,0,0.0,0,126.22
2555,0,0.0,0,219.67
2556,0,0.0,0,286.01
2557,0,0.0,0,46.47
2558,0,0.0,0,19.71
2559,0,0.0,0,195.39
2560,0,0.01,0,31.57
2561,0,0.04,0,113.7
2562,0,0.0,0,77.2
2563,0,0.0,0,149.55
2564,0,0.0,0,177.72
2565,0,0.02,0,968.47
2566,0,0.0,0,17.2
2567,0,0.0,0,158.4
2568,0,0.0,0,290.45
2569,0,0.05,0,19.63
2570,0,0.0,0,21.64
2571,0,0.05,0,1980.53
2572,0,0.0,0,24.27
2573,0,0.0,0,8.23
2574,0,0.0,0,78.85
2575,0,0.04,0,32.57
2576,0,0.0,0,153.14
2577,0,0.0,0,177.35
2578,0,0.0,0,482.72
2579,0,0.01,0,21.08
2580,0,0.0,0,182.16
2581,0,0.01,0,10.7
2582,0,0.0,0,26.39
2583,0,0.05,0,702.84
2584,0,0.0,0,44.45
2585,0,0.04,0,124.29
2586,0,0.0,0,41.08
2587,0,0.0,0,44.31
2588,0,0.0,0,30.82
2589,0,0.0,0,28.94
2590,0,0.0,0,261.6
2591,0,0.0,0,49.5
2592,0,0.0,0,7.21
2593,0,0.0,0,66.47
2594,0,0.0,0,144.95
2595,0,0.0,0,99.26
2596,0,0.0,0,169.3
2597,0,0.0,0,23.52
2598,0,0.0,0,9.63
2599,0,0.0,0,12.16
2600,0,0.0,0,88.12
2601,0,0.0,0,18.76
2602,0,0.01,0,1.54
2603,0,0.01,0,9.21
2604,0,0.0,0,105.94
2605,0,0.0,0,50.78
2606,0,0.0,0,7.55
2607,0,0.0,0,387.43
2608,1,0.65,1,49.35
2609,0,0.0,0,76.68
2610,0,0.0,0,132.43
2611,0,0.01,0,22.97
2612,0,0.02,0,29.69
2613,0,0.01,0,13.28
2614,0,0.01,0,39.36
2615,0,0.01,0,374.44
2616,0,0.0,0,62.72
2617,0,0.0,0,82.19
2618,0,0.0,0,3.35
2619,0,0.01,0,190.14
2620,0,0.0,0,375.49
2621,0,0.01,0,17.53
2622,0,0.0,0,50.78
2623,0,0.04,0,97.58
2624,0,0.0,0,16.48
2625,0,0.0,0,179.61
2626,0,0.01,0,34.6
2627,0,0.0,0,33.29
2628,0,0.0,0,73.92
2629,0,0.0,0,38.3
2630,0,0.0,0,181.55
2631,0,0.01,0,60.59
2632,0,0.0,0,88.32
2633,0,0.0,0,30.38
2634,0,0.0,0,27.55
2635,0,0.0,0,87.0
2636,0,0.0,0,8.53
2637,0,0.0,0,186.28
2638,0,0.03,0,44.76
2639,0,0.0,0,571.27
2640,0,0.0,0,80.32
2641,0,0.03,0,108.95
2642,0,0.0,0,56.58
2643,0,0.0,0,18.92
2644,0,0.0,0,23.32
2645,0,0.0,0,135.65
2646,0,0.04,0,551.99
2647,0,0.01,0,41.19
2648,0,0.0,0,20.16
2649,0,0.0,0,58.13
2650,0,0.0,0,53.97
2651,0,0.02,0,233.66
2652,0,0.0,0,24.13
2653,1,0.76,1,164.42
2654,0,0.0,0,145.86
2655,0,0.0,0,41.48
2656,0,0.0,0,136.44
2657,0,0.01,0,65.39
2658,0,0.01,0,66.2
2659,0,0.0,0,54.74
2660,0,0.04,0,1676.61
2661,0,0.0,0,190.51
2662,0,0.0,0,207.79
2663,0,0.02,0,128.54
2664,0,0.01,0,8.45
2665,0,0.0,0,350.44
2666,0,0.0,0,32.61
2667,0,0.02,0,9.87
2668,0,0.0,0,69.62
2669,0,0.0,0,166.57
2670,0,0.0,0,171.91
2671,0,0.04,0,68.3
2672,0,0.03,0,15.76
2673,0,0.0,0,81.29
2674,0,0.0,0,309.7
2675,0,0.09,0,6.51
2676,0,0.0,0,9.87
2677,0,0.01,0,63.33
2678,0,0.0,0,79.23
2679,0,0.0,0,6.22
2680,0,0.0,0,30.94
2681,0,0.0,0,46.53
2682,0,0.0,0,222.5
2683,0,0.0,0,46.37
2684,0,0.0,0,68.15
2685,0,0.01,0,58.78
2686,0,0.04,0,483.91
2687,0,0.06,0,118.44
2688,0,0.0,0,48.58
2689,0,0.0,0,75.48
2690,0,0.0,0,45.51
2691,0,0.0,0,33.0
2692,0,0.0,0,42.11
2693,0,0.01,0,35.33
2694,0,0.0,0,17.98
2695,0,0.0,0,46.84
2696,0,0.0,0,7.64
2697,0,0.0,0,97.04
2698,0,0.0,0,32.37
2699,0,0.0,0,504.06
2700,0,0.0,0,16.69
2701,0,0.0,0,94.62
2702,0,0.01,0,1082.12
2703,0,0.0,0,48.68
2704,0,0.0,0,52.66
2705,0,0.02,0,70.2
2706,0,0.0,0,32.49
2707,0,0.0,0,17.34
2708,0,0.0,0,14.06
2709,0,0.0,0,29.19
2710,0,0.02,0,370.12
2711,0,0.01,0,80.95
2712,0,0.0,0,7.25
2713,0,0.0,0,18.53
2714,0,0.0,0,11.75
2715,0,0.01,0,147.43
2716,0,0.04,0,10.74
2717,0,0.0,0,41.96
2718,0,0.03,0,71.98
2719,0,0.0,0,31.38
2720,0,0.0,0,54.08
2721,0,0.01,0,57.29
2722,0,0.0,0,501.35
2723,0,0.0,0,35.75
2724,0,0.0,0,82.76
2725,0,0.02,0,41.01
2726,0,0.0,0,28.58
2727,0,0.02,0,22.56
2728,0,0.0,0,22.03
2729,0,0.0,0,96.11
2730,0,0.0,0,883.92
2731,0,0.0,0,30.14
2732,0,0.0,0,177.42
2733,0,0.0,0,47.43
2734,0,0.03,0,115.6
2735,0,0.01,0,222.49
2736,0,0.0,0,79.27
2737,0,0.0,0,26.92
2738,0,0.0,0,97.92
2739,0,0.0,0,2.11
2740,0,0.0,0,49.4
2741,0,0.0,0,147.98
2742,0,0.0,0,74.93
2743,0,0.0,0,17.8
2744,0,0.0,0,10.3
2745,0,0.0,0,113.73
2746,0,0.0,0,28.42
2747,0,0.01,0,673.58
2748,0,0.0,0,115.88
2749,0,0.01,0,51.69
2750,0,0.0,0,387.16
2751,0,0.0,0,26.09
2752,0,0.0,0,39.72
2753,0,0.0,0,73.1
2754,0,0.0,0,59.04
2755,0,0.0,0,393.54
2756,0,0.0,0,559.64
2757,0,0.0,0,204.65
2758,0,0.0,0,21.24
2759,0,0.0,0,39.6
2760,0,0.0,0,139.16
2761,0,0.0,0,1023.5
2762,0,0.0,0,664.14
2763,0,0.0,0,34.5
2764,0,0.0,0,125.4
2765,0,0.01,0,57.43
2766,0,0.0,0,55.76
2767,0,0.0,0,20.4
2768,0,0.0,0,58.76
2769,0,0.0,0,31.41
2770,0,0.0,0,44.95
2771,0,0.0,0,151.64
2772,0,0.0,0,79.61
2773,0,0.0,0,65.52
2774,0,0.0,0,106.15
2775,0,0.0,0,118.66
2776,0,0.0,0,2.45
2777,0,0.0,0,970.61
2778,0,0.0,0,7.3
2779,0,0.0,0,167.91
2780,1,0.69,1,15.39
2781,0,0.05,0,241.42
2782,0,0.0,0,32.51
2783,0,0.03,0,50.73
2784,0,0.03,0,61.19
2785,0,0.01,0,50.82
2786,0,0.0,0,446.48
2787,0,0.01,0,51.24
2788,0,0.02,0,30.92
2789,0,0.01,0,12.15
2790,0,0.0,0,260.37
2791,0,0.0,0,54.3
2792,0,0.0,0,268.52
2793,0,0.0,0,1.95
2794,0,0.0,0,2.98
2795,1,0.58,1,37.85
2796,0,0.0,0,55.33
2797,0,0.01,0,304.83
2798,0,0.02,0,175.78
2799,0,0.0,0,56.83
2800,0,0.0,0,24.89
2801,0,0.01,0,73.3
2802,0,0.01,0,7.92
2803,0,0.0,0,75.5
2804,0,0.0,0,17.68
2805,0,0.0,0,53.05
2806,0,0.0,0,194.23
2807,0,0.0,0,289.35
2808,0,0.01,0,64.51
2809,0,0.01,0,19.21
2810,0,0.0,0,204.65
2811,0,0.0,0,31.21
2812,0,0.01,0,115.73
2813,0,0.02,0,157.93
2814,0,0.0,0,91.47
2815,0,0.0,0,41.22
2816,0,0.0,0,55.86
2817,0,0.01,0,32.32
2818,0,0.0,0,56.78
2819,0,0.01,0,39.51
2820,0,0.01,0,79.91
2821,0,0.01,0,330.28
2822,0,0.01,0,54.33
2823,0,0.01,0,47.82
2824,0,0.0,0,32.02
2825,0,0.0,0,160.6
2826,0,0.0,0,39.55
2827,0,0.0,0,46.63
2828,0,0.0,0,13.68
2829,0,0.01,0,21.27
2830,0,0.03,0,109.71
2831,0,0.0,0,297.71
2832,0,0.0,0,16.66
2833,0,0.0,0,224.55
2834,0,0.03,0,1675.22
2835,0,0.01,0,1843.23
2836,0,0.07,0,145.39
2837,0,0.0,0,33.34
2838,0,0.01,0,194.55
2839,0,0.0,0,19.82
2840,0,0.0,0,23.46
2841,0,0.01,0,11.79
2842,0,0.01,0,360.7
2843,0,0.0,0,36.91
2844,0,0.0,0,301.08
2845,0,0.0,0,36.23
2846,0,0.0,0,331.68
2847,0,0.0,0,28.25
2848,0,0.0,0,35.45
2849,0,0.02,0,26.37
2850,0,0.0,0,69.47
2851,0,0.0,0,109.37
2852,0,0.0,0,204.17
2853,0,0.0,0,165.53
2854,0,0.0,0,44.3
2855,0,0.0,0,51.74
2856,0,0.0,0,704.23
2857,0,0.0,0,40.01
2858,0,0.0,0,194.16
2859,0,0.0,0,72.92
2860,0,0.0,0,616.74
2861,0,0.02,0,35.18
2862,0,0.0,0,86.93
2863,0,0.0,0,95.05
2864,0,0.0,0,150.84
2865,0,0.01,0,60.03
2866,0,0.0,0,23.01
2867,0,0.0,0,110.68
2868,0,0.0,0,22.82
2869,0,0.0,0,89.94
2870,0,0.0,0,129.7
2871,0,0.01,0,10.63
2872,0,0.0,0,25.33
2873,0,0.0,0,141.62
2874,0,0.0,0,9.09
2875,0,0.01,0,13.91
2876,0,0.0,0,74.12
2877,0,0.0,0,4.78
2878,0,0.0,0,152.34
2879,0,0.0,0,40.45
2880,0,0.01,0,2.94
2881,0,0.0,0,63.65
2882,0,0.0,0,16.21
2883,0,0.0,0,47.57
2884,0,0.0,0,71.76
2885,0,0.0,0,32.12
2886,0,0.01,0,26.96
2887,0,0.0,0,50.64
2888,0,0.0,0,33.92
2889,0,0.0,0,15.72
2890,0,0.0,0,61.74
2891,0,0.0,0,23.32
2892,0,0.0,0,66.12
2893,0,0.0,0,199.48
2894,0,0.01,0,39.97
2895,0,0.0,0,18.54
2896,0,0.0,0,32.71
2897,0,0.0,0,142.22
2898,0,0.0,0,145.66
2899,0,0.02,0,93.44
2900,0,0.0,0,70.32
2901,0,0.01,0,25.08
2902,0,0.0,0,179.74
2903,0,0.0,0,29.36
2904,0,0.0,0,52.83
2905,0,0.0,0,157.22
2906,0,0.0,0,36.68
2907,0,0.0,0,13.94
2908,0,0.0,0,64.95
2909,0,0.01,0,480.18
2910,0,0.0,0,158.65
2911,0,0.0,0,91.06
2912,0,0.0,0,98.43
2913,0,0.0,0,20.61
2914,0,0.02,0,37.56
2915,0,0.01,0,255.55
2916,0,0.0,0,16.34
2917,0,0.0,0,92.22
2918,0,0.0,0,217.38
2919,0,0.0,0,64.13
2920,0,0.0,0,16.36
2921,0,0.0,0,20.05
2922,0,0.0,0,41.75
2923,0,0.0,0,10.57
2924,0,0.0,0,21.06
2925,0,0.0,0,375.8
2926,0,0.03,0,89.79
2927,0,0.01,0,23.44
2928,0,0.0,0,51.52
2929,0,0.0,0,22.4
2930,0,0.0,0,276.47
2931,0,0.0,0,13.0
2932,0,0.01,0,5.69
2933,0,0.0,0,109.95
2934,0,0.0,0,31.14
2935,0,0.0,0,83.09
2936,0,0.0,0,151.23
2937,0,0.0,0,44.17
2938,0,0.0,0,34.51
2939,0,0.0,0,104.91
2940,0,0.0,0,14.93
2941,0,0.0,0,9.59
2942,0,0.0,0,172.23
2943,0,0.0,0,51.0
2944,0,0.0,0,478.42
2945,0,0.0,0,182.64
2946,0,0.0,0,64.46
2947,0,0.0,0,6.09
2948,0,0.0,0,87.84
2949,0,0.0,0,95.26
2950,0,0.0,0,53.25
2951,0,0.0,0,73.16
2952,0,0.0,0,106.37
2953,0,0.01,0,52.85
2954,0,0.0,0,218.28
2955,0,0.0,0,119.48
2956,0,0.0,0,66.51
2957,0,0.0,0,90.54
2958,0,0.0,0,39.52
2959,0,0.0,0,97.86
2960,0,0.01,0,11.35
2961,0,0.0,0,465.03
2962,0,0.01,0,9.5
2963,0,0.0,0,244.45
2964,0,0.0,0,121.93
2965,0,0.0,0,4.71
2966,0,0.03,0,105.27
2967,0,0.01,0,25.02
2968,0,0.0,0,44.94
2969,0,0.0,0,82.81
2970,0,0.01,0,15.49
2971,0,0.0,0,71.86
2972,0,0.08,0,625.15
2973,0,0.02,0,115.31
2974,0,0.0,0,21.22
2975,0,0.0,0,10.14
2976,0,0.0,0,331.22
2977,0,0.01,0,49.23
2978,1,0.72,1,43.69
2979,0,0.01,0,70.46
2980,0,0.03,0,15.8
2981,0,0.0,0,532.95
2982,0,0.0,0,20.29
2983,0,0.02,0,6.14
2984,0,0.01,0,21.66
2985,0,0.0,0,159.27
2986,0,0.0,0,83.41
2987,0,0.01,0,323.28
2988,0,0.0,0,10.17
2989,0,0.01,0,145.24
2990,0,0.04,0,145.34
2991,0,0.0,0,297.8
2992,0,0.0,0,461.99
2993,0,0.0,0,656.11
2994,0,0.0,0,50.66
2995,0,0.0,0,1913.65
2996,0,0.01,0,61.31
2997,0,0.0,0,372.85
2998,0,0.0,0,359.18
2999,0,0.0,0,83.13
3000,0,0.0,0,16.66
3001,0,0.0,0,73.65
3002,0,0.01,0,42.59
3003,0,0.02,0,450.81
3004,0,0.0,0,87.14
3005,0,0.0,0,15.13
3006,0,0.0,0,106.97
3007,0,0.0,0,94.46
3008,0,0.0,0,65.49
3009,0,0.0,0,42.4
3010,0,0.0,0,38.29
3011,0,0.0,0,61.24
3012,0,0.0,0,77.21
3013,0,0.0,0,93.33
3014,0,0.0,0,260.79
3015,0,0.0,0,10.19
3016,0,0.0,0,402.79
3017,0,0.0,0,488.41
3018,0,0.0,0,476.56
3019,0,0.03,0,9.22
3020,0,0.0,0,21.29
3021,0,0.0,0,90.94
3022,0,0.0,0,225.6
3023,0,0.03,0,112.99
3024,0,0.01,0,156.48
3025,0,0.0,0,62.63
3026,0,0.0,0,9.51
3027,0,0.03,0,17.93
3028,0,0.01,0,18.52
3029,0,0.0,0,41.26
3030,0,0.01,0,49.6
3031,0,0.0,0,50.47
3032,0,0.01,0,21.45
3033,0,0.0,0,54.38
3034,0,0.0,0,87.27
3035,0,0.0,0,22.19
3036,0,0.0,0,59.71
3037,0,0.0,0,49.33
3038,0,0.0,0,73.1
3039,0,0.02,0,23.66
3040,0,0.03,0,158.0
3041,0,0.0,0,548.24
3042,0,0.0,0,134.64
3043,0,0.0,0,911.96
3044,0,0.0,0,294.35
3045,0,0.0,0,38.25
3046,0,0.0,0,146.86
3047,0,0.02,0,226.65
3048,0,0.0,0,42.93
3049,0,0.0,0,49.58
3050,0,0.01,0,407.42
3051,0,0.03,0,4.91
3052,0,0.0,0,13.78
3053,0,0.0,0,85.54
3054,0,0.0,0,31.56
3055,0,0.0,0,17.96
3056,0,0.0,0,199.45
3057,0,0.0,0,60.75
3058,0,0.0,0,51.05
3059,0,0.0,0,814.93
3060,1,0.6,1,5.14
3061,0,0.0,0,7.29
3062,0,0.0,0,18.66
3063,0,0.0,0,39.35
3064,0,0.0,0,5.14
3065,0,0.01,0,145.32
3066,0,0.0,0,40.46
3067,1,0.7,1,54.08
3068,0,0.01,0,783.88
3069,0,0.01,0,83.37
3070,0,0.03,0,192.91
3071,0,0.08,0,1357.38
3072,0,0.01,0,161.69
3073,0,0.01,0,324.27
3074,0,0.0,0,25.85
3075,0,0.0,0,42.36
3076,0,0.0,0,7.2
3077,0,0.0,0,20.27
3078,0,0.0,0,286.86
3079,0,0.0,0,16.64
3080,0,0.05,0,202.89
3081,0,0.0,0,26.57
3082,0,0.0,0,23.15
3083,0,0.0,0,366.88
3084,0,0.0,0,36.02
3085,0,0.0,0,10.0
3086,0,0.0,0,474.26
3087,0,0.01,0,8.02
3088,0,0.0,0,5.55
3089,0,0.01,0,30.25
3090,0,0.0,0,613.98
3091,0,0.08,0,33.34
3092,0,0.0,0,46.16
3093,0,0.0,0,80.94
3094,0,0.0,0,98.01
3095,0,0.0,0,24.16
3096,0,0.0,0,12.48
3097,0,0.0,0,19.81
3098,0,0.0,0,109.73
3099,0,0.03,0,60.59
3100,0,0.0,0,9.61
3101,0,0.0,0,181.26
3102,0,0.02,0,368.44
3103,0,0.0,0,34.85
3104,0,0.0,0,101.92
3105,0,0.02,0,113.0
3106,0,0.01,0,292.17
3107,0,0.0,0,33.44
3108,0,0.0,0,32.23
3109,0,0.01,0,408.18
3110,0,0.0,0,198.33
3111,0,0.07,0,7.34
3112,0,0.0,0,5.98
3113,0,0.0,0,29.7
3114,0,0.0,0,55.17
3115,0,0.03,0,28.55
3116,0,0.0,0,54.84
3117,0,0.0,0,25.25
3118,0,0.0,0,191.33
3119,0,0.0,0,79.18
3120,0,0.0,0,8.24
3121,0,0.0,0,17.78
3122,0,0.0,0,56.41
3123,0,0.0,0,478.99
3124,0,0.0,0,62.53
3125,0,0.01,0,31.6
3126,0,0.06,0,80.6
3127,0,0.0,0,74.72
3128,0,0.03,0,69.47
3129,0,0.0,0,72.02
3130,0,0.01,0,495.76
3131,0,0.0,0,98.97
3132,0,0.0,0,87.51
3133,0,0.0,0,23.38
3134,0,0.0,0,160.81
3135,0,0.0,0,103.99
3136,0,0.01,0,71.99
3137,0,0.04,0,87.59
3138,0,0.0,0,244.5
3139,0,0.0,0,51.97
3140,0,0.02,0,5.15
3141,0,0.0,0,137.57
3142,0,0.0,0,30.25
3143,0,0.0,0,13.13
3144,0,0.0,0,12.13
3145,0,0.0,0,17.17
3146,0,0.01,0,29.23
3147,0,0.01,0,58.89
3148,0,0.0,0,64.42
3149,0,0.02,0,129.12
3150,0,0.0,0,32.39
3151,0,0.0,0,41.36
3152,0,0.0,0,13.15
3153,0,0.12,0,275.3
3154,0,0.02,0,21.21
3155,0,0.0,0,56.74
3156,1,0.67,1,13.43
3157,0,0.01,0,24.77
3158,0,0.01,0,323.8
3159,0,0.0,0,153.14
3160,0,0.04,0,108.92
3161,0,0.0,0,22.17
3162,0,0.0,0,11.18
3163,0,0.0,0,210.45
3164,0,0.0,0,63.79
3165,0,0.03,0,51.63
3166,0,0.0,0,80.35
3167,0,0.0,0,156.66
3168,0,0.02,0,36.54
3169,0,0.0,0,174.03
3170,0,0.0,0,72.83
3171,0,0.0,0,7.03
3172,0,0.0,0,63.07
3173,0,0.01,0,87.31
3174,0,0.0,0,33.33
3175,0,0.0,0,10.74
3176,0,0.01,0,47.1
3177,0,0.02,0,34.03
3178,0,0.03,0,38.26
3179,1,0.65,1,21.42
3180,0,0.02,0,27.56
3181,0,0.0,0,43.41
3182,0,0.0,0,80.46
3183,0,0.0,0,22.51
3184,0,0.0,0,590.38
3185,0,0.01,0,555.63
3186,0,0.0,0,68.61
3187,0,0.0,0,25.46
3188,0,0.0,0,31.5
3189,0,0.0,0,57.33
3190,0,0.01,0,179.47
3191,0,0.0,0,55.34
3192,0,0.0,0,15.09
3193,0,0.0,0,98.73
3194,0,0.0,0,785.35
3195,0,0.0,0,17.83
3196,0,0.0,0,54.7
3197,0,0.0,0,41.19
3198,0,0.0,0,352.58
3199,0,0.0,0,236.01
3200,0,0.01,0,216.61
3201,0,0.0,0,21.33
3202,0,0.01,0,32.01
3203,0,0.0,0,56.11
3204,0,0.0,0,79.55
3205,0,0.01,0,15.18
3206,0,0.0,0,107.48
3207,0,0.0,0,265.31
3208,0,0.0,0,8.5
3209,0,0.01,0,48.27
3210,0,0.01,0,5.29
3211,0,0.02,0,95.6
3212,0,0.0,0,285.07
3213,0,0.0,0,67.11
3214,0,0.01,0,37.51
3215,0,0.01,0,31.82
3216,0,0.01,0,2091.52
3217,0,0.0,0,127.14
3218,0,0.0,0,42.04
3219,0,0.0,0,31.62
3220,0,0.0,0,46.34
3221,0,0.0,0,32.05
3222,0,0.0,0,104.95
3223,0,0.03,0,244.86
3224,0,0.0,0,24.32
3225,0,0.0,0,77.51
3226,0,0.0,0,254.22
3227,0,0.11,0,215.59
3228,0,0.01,0,22.5
3229,0,0.06,0,11.46
3230,0,0.0,0,88.23
3231,0,0.0,0,906.59
3232,0,0.0,0,7.65
3233,0,0.0,0,34.14
3234,0,0.03,0,6.94
3235,0,0.0,0,57.67
3236,0,0.05,0,3.77
3237,0,0.02,0,7.43
3238,0,0.0,0,445.47
3239,1,0.7,1,7.59
3240,0,0.0,0,103.91
3241,0,0.0,0,40.94
3242,0,0.05,0,32.21
3243,0,0.0,0,437.89
3244,0,0.06,0,642.46
3245,0,0.0,0,59.05
3246,0,0.0,0,13.84
3247,0,0.0,0,126.33
3248,0,0.0,0,186.02
3249,0,0.0,0,57.41
3250,0,0.0,0,9.17
3251,0,0.0,0,9.88
3252,0,0.01,0,30.48
3253,0,0.01,0,8.66
3254,0,0.0,0,17.59
3255,0,0.0,0,12.62
3256,0,0.02,0,70.39
3257,0,0.0,0,90.77
3258,0,0.0,0,664.47
3259,0,0.0,0,108.42
3260,0,0.0,0,95.13
3261,0,0.03,0,60.15
3262,0,0.0,0,147.37
3263,0,0.0,0,111.51
3264,0,0.0,0,7.75
3265,0,0.0,0,42.75
3266,0,0.0,0,17.23
3267,0,0.0,0,50.14
3268,0,0.0,0,52.98
3269,0,0.01,0,38.35
3270,0,0.0,0,179.74
3271,0,0.08,0,8.98
3272,0,0.01,0,213.85
3273,0,0.01,0,162.6
3274,0,0.05,0,167.54
3275,0,0.0,0,199.97
3276,0,0.06,0,102.83
3277,0,0.0,0,101.59
3278,0,0.0,0,11.23
3279,0,0.0,0,58.42
3280,0,0.0,0,36.29
3281,0,0.0,0,39.07
3282,0,0.0,0,170.53
3283,0,0.0,0,34.17
3284,0,0.02,0,17.01
3285,0,0.0,0,80.9
3286,0,0.0,0,49.93
3287,0,0.0,0,118.88
3288,0,0.0,0,72.05
3289,0,0.03,0,21.33
3290,0,0.03,0,214.65
3291,0,0.0,0,386.63
3292,0,0.01,0,54.96
3293,0,0.04,0,37.53
3294,0,0.01,0,33.54
3295,0,0.0,0,27.29
3296,0,0.0,0,65.37
3297,0,0.01,0,32.08
3298,0,0.02,0,240.44
3299,0,0.01,0,145.56
3300,0,0.02,0,112.82
3301,0,0.0,0,10.07
3302,0,0.01,0,54.75
3303,0,0.01,0,24.51
3304,0,0.0,0,46.64
3305,0,0.0,0,39.23
3306,0,0.0,0,136.69
3307,0,0.0,0,77.99
3308,0,0.0,0,12.48
3309,0,0.01,0,7.11
3310,0,0.0,0,106.41
3311,0,0.02,0,605.45
3312,0,0.0,0,42.92
3313,1,0.81,1,26.65
3314,0,0.05,0,34.42
3315,0,0.06,0,119.66
3316,0,0.0,0,27.27
3317,0,0.02,0,124.63
3318,0,0.0,0,25.91
3319,0,0.0,0,254.14
3320,1,0.71,1,27.74
3321,0,0.0,0,3.02
3322,0,0.0,0,261.14
3323,0,0.0,0,38.12
3324,0,0.01,0,29.17
3325,0,0.01,0,8.24
3326,0,0.03,0,32.41
3327,0,0.0,0,19.2
3328,0,0.01,0,896.55
3329,0,0.0,0,33.83
3330,0,0.0,0,253.52
3331,0,0.0,0,579.33
3332,0,0.0,0,327.46
3333,0,0.0,0,22.18
3334,0,0.0,0,163.44
3335,0,0.0,0,486.12
3336,0,0.0,0,202.43
3337,0,0.0,0,21.0
3338,0,0.0,0,88.97
3339,0,0.0,0,40.37
3340,0,0.02,0,40.05
3341,0,0.0,0,9.87
3342,0,0.01,0,97.45
3343,0,0.01,0,45.45
3344,0,0.0,0,20.33
3345,0,0.01,0,67.08
3346,0,0.0,0,63.41
3347,0,0.0,0,149.75
3348,0,0.0,0,24.26
3349,0,0.0,0,117.49
3350,0,0.0,0,56.38
3351,0,0.0,0,338.14
3352,0,0.02,0,43.27
3353,0,0.0,0,30.59
3354,0,0.03,0,31.48
3355,0,0.02,0,114.03
3356,0,0.01,0,81.4
3357,0,0.01,0,14.75
3358,0,0.0,0,24.24
3359,0,0.0,0,145.21
3360,0,0.0,0,314.78
3361,0,0.0,0,3.43
3362,0,0.01,0,103.73
3363,0,0.0,0,14.49
3364,0,0.02,0,181.05
3365,0,0.0,0,111.63
3366,0,0.0,0,22.05
3367,0,0.0,0,341.73
3368,0,0.0,0,21.9
3369,0,0.02,0,42.77
3370,0,0.0,0,29.91
3371,0,0.09,0,171.78
3372,0,0.0,0,22.87
3373,0,0.0,0,339.51
3374,0,0.0,0,176.13
3375,0,0.0,0,38.09
3376,0,0.01,0,24.21
3377,0,0.0,0,82.99
3378,0,0.0,0,213.72
3379,0,0.0,0,1017.55
3380,0,0.0,0,21.18
3381,0,0.0,0,39.64
3382,0,0.0,0,114.48
3383,0,0.02,0,18.02
3384,0,0.0,0,818.42
3385,0,0.0,0,53.23
3386,0,0.0,0,420.97
3387,0,0.0,0,40.64
3388,0,0.0,0,30.7
3389,0,0.0,0,116.28
3390,0,0.0,0,36.7
3391,0,0.01,0,196.91
3392,0,0.01,0,2.41
3393,0,0.0,0,24.91
3394,0,0.0,0,218.82
3395,0,0.0,0,58.47
3396,0,0.0,0,10.02
3397,0,0.03,0,151.14
3398,0,0.0,0,8.79
3399,0,0.0,0,132.06
3400,0,0.02,0,240.57
3401,0,0.0,0,44.39
3402,0,0.0,0,14.99
3403,0,0.01,0,37.65
3404,0,0.0,0,74.3
3405,0,0.0,0,34.1
3406,0,0.0,0,533.84
3407,0,0.0,0,13.35
3408,1,0.67,1,17.14
3409,0,0.0,0,242.35
3410,0,0.0,0,101.03
3411,0,0.01,0,145.87
3412,0,0.0,0,91.53
3413,0,0.01,0,93.93
3414,0,0.01,0,42.41
3415,0,0.0,0,118.03
3416,0,0.0,0,102.0
3417,0,0.0,0,14.07
3418,0,0.01,0,120.51
3419,0,0.02,0,159.83
3420,0,0.0,0,6.73
3421,0,0.01,0,521.1
3422,0,0.0,0,31.91
3423,0,0.0,0,103.93
3424,0,0.0,0,98.98
3425,0,0.0,0,4.93
3426,0,0.0,0,19.48
3427,0,0.0,0,135.69
3428,0,0.0,0,19.83
3429,0,0.0,0,29.86
3430,0,0.0,0,126.7
3431,0,0.02,0,506.88
3432,0,0.06,0,144.81
3433,0,0.01,0,42.41
3434,0,0.0,0,41.62
3435,0,0.0,0,12.25
3436,0,0.0,0,28.77
3437,0,0.0,0,72.46
3438,0,0.01,0,75.48
3439,0,0.0,0,75.48
3440,0,0.03,0,47.23
3441,0,0.0,0,66.58
3442,0,0.0,0,42.49
3443,0,0.02,0,28.05
3444,0,0.02,0,85.09
3445,0,0.0,0,46.61
3446,0,0.01,0,172.16
3447,0,0.0,0,2.88
3448,0,0.0,0,289.75
3449,0,0.0,0,20.41
3450,0,0.02,0,14.32
3451,0,0.0,0,201.53
3452,0,0.0,0,77.84
3453,0,0.0,0,37.13
3454,0,0.0,0,97.67
3455,0,0.0,0,14.52
3456,0,0.0,0,54.55
3457,0,0.0,0,76.87
3458,0,0.0,0,80.69
3459,0,0.0,0,80.34
3460,0,0.15,0,582.7
3461,0,0.0,0,31.5
3462,0,0.0,0,30.92
3463,0,0.0,0,525.83
3464,0,0.05,0,25.83
3465,0,0.12,0,86.46
3466,1,0.74,1,16.05
3467,0,0.01,0,787.34
3468,0,0.0,0,368.75
3469,0,0.0,0,16.69
3470,0,0.0,0,139.85
3471,0,0.0,0,169.26
3472,0,0.0,0,49.62
3473,0,0.02,0,27.14
3474,0,0.0,0,43.8
3475,0,0.01,0,8.47
3476,0,0.02,0,70.89
3477,0,0.01,0,400.91
3478,0,0.0,0,85.47
3479,0,0.0,0,111.42
3480,0,0.0,0,55.71
3481,0,0.01,0,14.23
3482,0,0.0,0,95.07
3483,0,0.0,0,22.6
3484,0,0.01,0,7.14
3485,0,0.0,0,27.46
3486,0,0.0,0,35.46
3487,0,0.0,0,85.28
3488,0,0.0,0,55.92
3489,0,0.0,0,39.13
3490,0,0.02,0,76.89
3491,0,0.06,0,40.81
3492,0,0.0,0,72.94
3493,0,0.0,0,31.97
3494,0,0.0,0,6.81
3495,0,0.0,0,130.06
3496,0,0.0,0,112.57
3497,0,0.01,0,122.91
3498,0,0.0,0,115.28
3499,0,0.01,0,361.36
3500,0,0.0,0,70.26
3501,0,0.0,0,91.21
3502,0,0.0,0,72.36
3503,0,0.0,0,13.08
3504,0,0.0,0,63.51
3505,0,0.0,0,24.39
3506,0,0.01,0,60.03
3507,0,0.0,0,122.88
3508,0,0.0,0,153.06
3509,0,0.0,0,155.78
3510,0,0.0,0,3.61
3511,0,0.01,0,39.46
3512,0,0.0,0,22.75
3513,0,0.0,0,132.25
3514,0,0.0,0,9.07
3515,0,0.0,0,191.24
3516,0,0.0,0,69.67
3517,0,0.03,0,2158.29
3518,0,0.0,0,25.0
3519,0,0.0,0,176.38
3520,0,0.0,0,72.67
3521,0,0.0,0,34.37
3522,0,0.0,0,130.48
3523,0,0.0,0,493.61
3524,0,0.0,0,61.29
3525,0,0.01,0,28.12
3526,0,0.0,0,5.68
3527,0,0.0,0,12.42
3528,0,0.01,0,222.41
3529,0,0.0,0,289.0
3530,0,0.1,0,20.59
3531,0,0.03,0,138.29
3532,0,0.03,0,11.95
3533,0,0.0,0,544.14
3534,0,0.0,0,1159.33
3535,0,0.0,0,18.38
3536,0,0.02,0,614.97
3537,0,0.0,0,178.77
3538,0,0.01,0,16.94
3539,0,0.02,0,3.39
3540,0,0.01,0,392.63
3541,0,0.01,0,114.3
3542,0,0.0,0,69.46
3543,0,0.0,0,55.73
3544,0,0.01,0,80.42
3545,0,0.0,0,132.52
3546,0,0.0,0,38.18
3547,0,0.0,0,133.26
3548,0,0.02,0,6.49
3549,0,0.0,0,42.55
3550,0,0.05,0,27.81
3551,0,0.12,0,120.96
3552,0,0.0,0,58.14
3553,0,0.0,0,46.33
3554,0,0.01,0,168.23
3555,0,0.0,0,36.99
3556,0,0.0,0,6.4
3557,0,0.0,0,31.82
3558,0,0.0,0,55.77
3559,0,0.01,0,95.52
3560,0,0.0,0,163.0
3561,0,0.03,0,299.1
3562,0,0.0,0,13.44
3563,0,0.0,0,236.38
3564,0,0.0,0,28.92
3565,0,0.01,0,70.11
3566,0,0.0,0,92.1
3567,0,0.0,0,27.91
3568,0,0.0,0,304.73
3569,0,0.0,0,19.51
3570,0,0.0,0,32.49
3571,1,0.7,1,54.86
3572,0,0.01,0,200.01
3573,0,0.01,0,116.38
3574,0,0.0,0,435.89
3575,0,0.0,0,39.6
3576,0,0.0,0,32.94
3577,0,0.0,0,35.08
3578,0,0.0,0,124.95
3579,0,0.02,0,54.83
3580,0,0.0,0,62.86
3581,0,0.02,0,423.01
3582,0,0.01,0,99.82
3583,0,0.0,0,47.44
3584,0,0.0,0,79.01
3585,0,0.0,0,51.98
3586,0,0.03,0,26.06
3587,0,0.0,0,51.47
3588,0,0.01,0,21.27
3589,0,0.01,0,18.66
3590,0,0.0,0,90.21
3591,0,0.01,0,48.44
3592,0,0.02,0,661.65
3593,0,0.0,0,61.31
3594,0,0.0,0,114.32
3595,1,0.72,1,66.92
3596,0,0.0,0,100.91
3597,0,0.0,0,8.23
3598,0,0.0,0,366.27
3599,0,0.0,0,21.32
3600,0,0.0,0,35.55
3601,0,0.01,0,39.4
3602,0,0.0,0,75.09
3603,0,0.0,0,64.5
3604,0,0.0,0,458.15
3605,0,0.0,0,21.74
3606,0,0.0,0,10.56
3607,0,0.0,0,65.48
3608,0,0.02,0,1486.55
3609,0,0.01,0,327.24
3610,0,0.0,0,81.3
3611,0,0.0,0,121.51
3612,0,0.01,0,1124.06
3613,0,0.0,0,39.71
3614,0,0.0,0,31.44
3615,0,0.01,0,58.4
3616,0,0.0,0,76.56
3617,0,0.01,0,6.03
3618,0,0.0,0,10.89
3619,0,0.0,0,111.77
3620,0,0.0,0,17.22
3621,0,0.01,0,26.54
3622,0,0.01,0,155.99
3623,0,0.0,0,88.41
3624,0,0.0,0,175.57
3625,0,0.0,0,56.45
3626,0,0.0,0,43.26
3627,0,0.0,0,55.12
3628,0,0.0,0,4.66
3629,0,0.0,0,368.41
3630,0,0.02,0,61.41
3631,0,0.0,0,163.39
3632,0,0.02,0,19.92
3633,0,0.0,0,15.22
3634,0,0.0,0,11.4
3635,0,0.0,0,95.19
3636,0,0.0,0,39.29
3637,0,0.0,0,859.42
3638,0,0.01,0,1125.95
3639,0,0.0,0,19.91
3640,0,0.0,0,175.99
3641,0,0.04,0,2865.23
3642,0,0.0,0,414.24
3643,0,0.0,0,23.76
3644,0,0.0,0,464.26
3645,0,0.0,0,22.81
3646,0,0.0,0,297.27
3647,0,0.0,0,108.87
3648,0,0.01,0,57.92
3649,0,0.0,0,279.51
3650,0,0.0,0,75.34
3651,0,0.0,0,33.71
3652,0,0.0,0,9.92
3653,0,0.0,0,9.95
3654,0,0.0,0,42.0
3655,0,0.0,0,142.42
3656,0,0.01,0,1119.92
3657,0,0.0,0,47.1
3658,0,0.0,0,83.35
3659,0,0.0,0,2.61
3660,0,0.0,0,419.15
3661,0,0.0,0,20.38
3662,0,0.0,0,42.3
3663,0,0.0,0,15.49
3664,0,0.02,0,257.67
3665,0,0.0,0,457.88
3666,0,0.0,0,93.69
3667,0,0.0,0,31.15
3668,0,0.0,0,17.97
3669,0,0.0,0,32.78
3670,0,0.0,0,32.59
3671,0,0.0,0,59.62
3672,0,0.02,0,8.55
3673,0,0.0,0,13.33
3674,0,0.0,0,31.35
3675,0,0.0,0,90.31
3676,0,0.0,0,147.69
3677,0,0.0,0,12.7
3678,0,0.0,0,29.76
3679,0,0.0,0,80.13
3680,0,0.0,0,100.56
3681,0,0.01,0,4.2
3682,0,0.0,0,45.22
3683,0,0.0,0,314.24
3684,0,0.0,0,38.32
3685,0,0.0,0,75.8
3686,0,0.0,0,45.13
3687,0,0.0,0,86.78
3688,0,0.02,0,431.5
3689,0,0.02,0,159.49
3690,0,0.0,0,285.72
3691,0,0.0,0,25.51
3692,0,0.0,0,66.23
3693,0,0.0,0,103.91
3694,0,0.03,0,26.73
3695,0,0.0,0,15.62
3696,0,0.0,0,18.85
3697,0,0.0,0,14.25
3698,0,0.0,0,92.84
3699,0,0.0,0,74.47
3700,0,0.0,0,27.9
3701,0,0.0,0,33.18
3702,0,0.0,0,90.24
3703,0,0.01,0,81.46
3704,0,0.0,0,62.56
3705,0,0.0,0,65.06
3706,0,0.0,0,38.93
3707,0,0.0,0,122.88
3708,0,0.0,0,189.64
3709,0,0.0,0,161.82
3710,0,0.01,0,26.76
3711,0,0.03,0,1724.48
3712,0,0.0,0,7.5
3713,0,0.0,0,239.74
3714,0,0.01,0,41.15
3715,0,0.0,0,13.56
3716,0,0.0,0,97.21
3717,0,0.0,0,199.08
3718,0,0.01,0,69.2
3719,0,0.01,0,56.97
3720,0,0.0,0,38.21
3721,0,0.0,0,192.35
3722,0,0.0,0,38.88
3723,0,0.0,0,653.3
3724,0,0.0,0,127.83
3725,0,0.0,0,176.23
3726,0,0.01,0,158.42
3727,0,0.01,0,6.95
3728,0,0.01,0,324.47
3729,0,0.0,0,45.7
3730,0,0.0,0,16.6
3731,0,0.0,0,14.02
3732,0,0.0,0,78.49
3733,0,0.02,0,106.4
3734,0,0.0,0,7.16
3735,0,0.0,0,206.55
3736,0,0.0,0,150.17
3737,0,0.0,0,92.9
3738,0,0.0,0,77.4
3739,0,0.0,0,32.9
3740,0,0.0,0,21.77
3741,0,0.01,0,57.2
3742,0,0.0,0,236.02
3743,0,0.0,0,42.95
3744,0,0.01,0,97.35
3745,0,0.01,0,83.43
3746,0,0.0,0,29.54
3747,0,0.0,0,2.24
3748,0,0.0,0,69.6
3749,0,0.0,0,75.11
3750,0,0.0,0,81.83
3751,0,0.0,0,16.91
3752,0,0.0,0,74.86
3753,0,0.0,0,48.85
3754,0,0.0,0,119.79
3755,0,0.0,0,37.17
3756,0,0.02,0,24.32
3757,0,0.0,0,39.2
3758,0,0.0,0,917.94
3759,0,0.0,0,237.87
3760,0,0.0,0,6.19
3761,0,0.01,0,9.4
3762,0,0.0,0,98.55
3763,0,0.0,0,21.51
3764,0,0.0,0,12.31
3765,0,0.0,0,114.18
3766,0,0.04,0,217.53
3767,0,0.01,0,88.72
3768,0,0.0,0,68.82
3769,0,0.0,0,33.14
3770,0,0.01,0,757.46
3771,0,0.01,0,120.22
3772,0,0.0,0,9.19
3773,0,0.0,0,94.36
3774,0,0.02,0,79.63
3775,0,0.0,0,22.36
3776,0,0.0,0,29.64
3777,0,0.0,0,83.18
3778,0,0.0,0,4.87
3779,0,0.0,0,42.3
3780,0,0.01,0,766.69
3781,0,0.03,0,70.69
3782,0,0.01,0,469.97
3783,0,0.0,0,26.67
3784,0,0.0,0,393.28
3785,0,0.0,0,88.21
3786,0,0.0,0,643.11
3787,0,0.0,0,15.13
3788,0,0.0,0,104.17
3789,0,0.04,0,1824.46
3790,0,0.0,0,50.57
3791,0,0.01,0,129.36
3792,0,0.0,0,78.53
3793,0,0.0,0,12.59
3794,0,0.0,0,11.89
3795,0,0.0,0,18.72
3796,0,0.0,0,21.21
3797,0,0.05,0,6.02
3798,0,0.0,0,111.08
3799,0,0.01,0,53.52
3800,0,0.0,0,50.2
3801,0,0.0,0,235.87
3802,0,0.03,0,68.0
3803,0,0.01,0,49.03
3804,0,0.01,0,153.2
3805,0,0.0,0,126.91
3806,0,0.02,0,477.46
3807,0,0.0,0,71.31
3808,0,0.0,0,23.76
3809,0,0.0,0,43.78
3810,0,0.0,0,19.06
3811,0,0.0,0,307.43
3812,0,0.0,0,138.21
3813,0,0.0,0,198.66
3814,0,0.01,0,80.5
3815,0,0.02,0,53.03
3816,0,0.01,0,121.61
3817,0,0.0,0,232.91
3818,0,0.01,0,10.04
3819,0,0.0,0,42.72
3820,0,0.0,0,155.82
3821,0,0.0,0,285.06
3822,0,0.01,0,116.58
3823,0,0.0,0,186.08
3824,0,0.01,0,183.43
3825,0,0.0,0,40.04
3826,0,0.0,0,374.1
3827,0,0.0,0,9.71
3828,0,0.0,0,81.14
3829,0,0.0,0,38.5
3830,0,0.0,0,7.36
3831,0,0.0,0,38.5
3832,0,0.02,0,49.38
3833,0,0.0,0,3.65
3834,0,0.0,0,95.96
3835,0,0.0,0,73.72
3836,0,0.0,0,923.21
3837,0,0.01,0,87.82
3838,0,0.0,0,182.87
3839,0,0.0,0,65.1
3840,0,0.0,0,741.45
3841,0,0.0,0,24.81
3842,0,0.01,0,52.87
3843,0,0.0,0,22.3
3844,0,0.0,0,28.4
3845,0,0.0,0,15.36
3846,0,0.0,0,32.64
3847,0,0.02,0,14.59
3848,0,0.0,0,83.33
3849,0,0.0,0,30.24
3850,0,0.0,0,383.06
3851,0,0.0,0,20.05
3852,0,0.0,0,304.6
3853,0,0.0,0,513.7
3854,0,0.0,0,3.0
3855,0,0.0,0,14.92
3856,0,0.0,0,9.81
3857,0,0.01,0,239.76
3858,0,0.0,0,16.93
3859,0,0.01,0,102.84
3860,0,0.05,0,31.23
3861,0,0.0,0,310.29
3862,0,0.05,0,37.71
3863,0,0.0,0,33.71
3864,0,0.05,0,7.89
3865,0,0.0,0,29.2
3866,0,0.02,0,15.89
3867,0,0.0,0,65.83
3868,0,0.0,0,554.67
3869,0,0.0,0,80.92
3870,0,0.0,0,224.06
3871,0,0.0,0,148.3
3872,0,0.01,0,7.29
3873,0,0.01,0,83.5
3874,0,0.0,0,323.46
3875,0,0.0,0,66.3
3876,0,0.01,0,449.53
3877,0,0.0,0,14.01
3878,0,0.01,0,52.97
3879,0,0.02,0,7.49
3880,0,0.0,0,10.48
3881,0,0.02,0,13.7
3882,0,0.01,0,111.23
3883,0,0.0,0,43.5
3884,0,0.0,0,12.15
3885,0,0.0,0,61.4
3886,0,0.0,0,408.15
3887,0,0.0,0,35.49
3888,0,0.0,0,70.33
3889,0,0.0,0,22.75
3890,0,0.05,0,1241.19
3891,0,0.04,0,15.9
3892,0,0.0,0,41.0
3893,0,0.0,0,147.46
3894,0,0.0,0,20.63
3895,1,0.66,1,576.56
3896,0,0.01,0,4.65
3897,0,0.0,0,1598.65
3898,0,0.01,0,403.21
3899,0,0.01,0,51.46
3900,0,0.0,0,64.14
3901,0,0.01,0,103.11
3902,0,0.0,0,95.45
3903,0,0.0,0,53.62
3904,1,0.71,1,240.13
3905,0,0.0,0,121.35
3906,0,0.01,0,399.14
3907,0,0.0,0,103.31
3908,0,0.0,0,17.4
3909,0,0.01,0,143.66
3910,0,0.01,0,104.45
3911,0,0.0,0,60.1
3912,0,0.01,0,55.57
3913,0,0.0,0,40.15
3914,0,0.04,0,707.58
3915,0,0.0,0,39.26
3916,1,0.73,1,37.0
3917,0,0.0,0,97.6
3918,0,0.0,0,37.51
3919,0,0.0,0,10.48
3920,0,0.0,0,59.17
3921,0,0.01,0,49.56
3922,0,0.0,0,16.29
3923,0,0.0,0,24.51
3924,0,0.01,0,79.61
3925,0,0.0,0,52.67
3926,0,0.0,0,64.92
3927,0,0.0,0,14.19
3928,1,0.67,1,72.89
3929,0,0.0,0,31.19
3930,0,0.0,0,15.05
3931,0,0.0,0,29.35
3932,0,0.02,0,328.78
3933,0,0.0,0,148.34
3934,0,0.0,0,154.73
3935,0,0.0,0,533.43
3936,0,0.0,0,596.77
3937,0,0.0,0,14.96
3938,0,0.03,0,34.98
3939,0,0.01,0,41.7
3940,0,0.0,0,570.11
3941,0,0.0,0,38.87
3942,0,0.0,0,39.77
3943,0,0.0,0,78.61
3944,0,0.01,0,11.6
3945,0,0.01,0,80.18
3946,0,0.0,0,76.35
3947,0,0.0,0,5.47
3948,0,0.0,0,27.19
3949,0,0.02,0,11.77
3950,0,0.01,0,292.56
3951,0,0.0,0,5.83
3952,0,0.0,0,23.42
3953,0,0.0,0,110.87
3954,0,0.0,0,93.43
3955,0,0.0,0,47.88
3956,0,0.06,0,21.73
3957,0,0.0,0,107.05
3958,0,0.0,0,59.4
3959,0,0.0,0,18.88
3960,0,0.0,0,31.21
3961,0,0.0,0,67.65
3962,0,0.0,0,18.36
3963,0,0.01,0,703.92
3964,0,0.0,0,171.83
3965,0,0.04,0,63.0
3966,0,0.0,0,23.92
3967,0,0.02,0,4.63
3968,0,0.0,0,250.12
3969,0,0.0,0,4.09
3970,0,0.0,0,65.43
3971,0,0.02,0,397.09
3972,0,0.0,0,105.28
3973,0,0.03,0,1688.15
3974,0,0.0,0,282.7
3975,0,0.01,0,73.55
3976,0,0.03,0,126.12
3977,1,0.76,1,4.09
3978,0,0.03,0,217.18
3979,0,0.02,0,49.01
3980,0,0.0,0,88.42
3981,0,0.0,0,13.03
3982,0,0.0,0,72.75
3983,0,0.0,0,10.67
3984,0,0.0,0,360.33
3985,0,0.0,0,26.64
3986,0,0.0,0,44.2
3987,0,0.0,0,40.17
3988,0,0.0,0,138.95
3989,0,0.0,0,110.72
3990,0,0.0,0,83.85
3991,0,0.0,0,91.89
3992,0,0.0,0,26.53
3993,0,0.0,0,62.9
3994,0,0.0,0,272.22
3995,0,0.0,0,40.04
3996,0,0.0,0,272.63
3997,0,0.0,0,77.93
3998,0,0.01,0,3039.43
3999,0,0.0,0,90.38
4000,0,0.01,0,35.92
4001,1,0.73,1,33.07
4002,0,0.0,0,49.6
4003,0,0.01,0,34.37
4004,0,0.0,0,17.5
4005,0,0.01,0,584.78
4006,0,0.01,0,34.21
4007,0,0.0,0,6.81
4008,0,0.0,0,22.24
4009,0,0.01,0,11.24
4010,0,0.0,0,44.78
4011,0,0.01,0,55.43
4012,0,0.0,0,91.63
4013,0,0.0,0,14.18
4014,0,0.04,0,38.26
4015,0,0.06,0,63.32
4016,0,0.01,0,171.89
4017,0,0.0,0,13.36
4018,0,0.0,0,8.94
4019,0,0.0,0,85.65
4020,0,0.0,0,25.85
4021,0,0.08,0,224.22
4022,0,0.04,0,93.28
4023,0,0.0,0,145.81
4024,0,0.0,0,62.85
4025,0,0.0,0,78.35
4026,0,0.0,0,31.35
4027,0,0.0,0,12.4
4028,0,0.0,0,19.45
4029,0,0.0,0,48.91
4030,0,0.01,0,20.31
4031,0,0.01,0,21.98
4032,0,0.0,0,64.29
4033,0,0.02,0,112.44
4034,0,0.0,0,113.74
4035,0,0.01,0,202.92
4036,0,0.01,0,123.55
4037,0,0.0,0,79.27
4038,0,0.04,0,38.65
4039,0,0.0,0,91.64
4040,0,0.0,0,72.33
4041,0,0.0,0,28.49
4042,0,0.01,0,194.19
4043,0,0.0,0,38.72
4044,0,0.0,0,118.4
4045,0,0.0,0,16.97
4046,0,0.0,0,70.08
4047,0,0.0,0,63.27
4048,0,0.01,0,13.8
4049,0,0.0,0,28.12
4050,0,0.0,0,320.45
4051,0,0.0,0,29.06
4052,0,0.0,0,30.61
4053,0,0.0,0,71.06
4054,0,0.01,0,43.06
4055,0,0.01,0,108.87
4056,0,0.0,0,20.78
4057,0,0.0,0,97.87
4058,0,0.0,0,67.82
4059,0,0.0,0,21.28
4060,0,0.01,0,27.62
4061,0,0.01,0,202.84
4062,0,0.0,0,85.54
4063,0,0.0,0,88.45
4064,0,0.0,0,23.84
4065,0,0.0,0,116.5
4066,0,0.0,0,10.91
4067,0,0.0,0,98.6
4068,0,0.01,0,223.04
4069,0,0.0,0,148.15
4070,0,0.02,0,228.96
4071,0,0.01,0,46.95
4072,0,0.01,0,189.63
4073,1,0.66,1,247.15
4074,0,0.03,0,78.1
4075,0,0.0,0,126.12
4076,0,0.02,0,1611.68
4077,0,0.0,0,50.96
4078,0,0.0,0,318.86
4079,0,0.02,0,52.52
4080,0,0.0,0,285.74
4081,0,0.0,0,36.21
4082,0,0.01,0,46.91
4083,0,0.0,0,225.57
4084,0,0.0,0,22.97
4085,0,0.0,0,333.2
4086,0,0.0,0,76.42
4087,0,0.0,0,30.44
4088,0,0.0,0,4.12
4089,0,0.0,0,36.11
4090,1,0.65,1,34.41
4091,0,0.03,0,145.83
4092,0,0.02,0,519.49
4093,0,0.0,0,180.5
4094,0,0.0,0,42.95
4095,0,0.0,0,57.88
4096,0,0.01,0,10.85
4097,0,0.0,0,146.3
4098,0,0.0,0,17.54
4099,0,0.0,0,6.7
4100,0,0.0,0,163.51
4101,0,0.0,0,16.7
4102,0,0.05,0,203.64
4103,0,0.0,0,519.89
4104,0,0.01,0,193.0
4105,0,0.0,0,180.62
4106,0,0.0,0,108.13
4107,0,0.05,0,947.96
4108,0,0.0,0,59.14
4109,0,0.0,0,12.24
4110,0,0.0,0,130.59
4111,1,0.66,1,173.73
4112,0,0.0,0,62.18
4113,0,0.01,0,292.12
4114,0,0.03,0,586.18
4115,0,0.0,0,18.14
4116,0,0.02,0,164.22
4117,0,0.0,0,559.94
4118,0,0.0,0,482.98
4119,0,0.0,0,201.88
4120,0,0.0,0,6.45
4121,0,0.0,0,11.54
4122,0,0.02,0,53.28
4123,0,0.0,0,27.49
4124,0,0.01,0,24.31
4125,0,0.0,0,967.58
4126,0,0.01,0,73.85
4127,1,0.66,1,32.19
4128,0,0.03,0,65.42
4129,0,0.0,0,370.85
4130,0,0.0,0,4.39
4131,0,0.0,0,49.07
4132,0,0.0,0,449.74
4133,0,0.0,0,70.96
4134,0,0.0,0,240.02
4135,0,0.0,0,380.66
4136,0,0.0,0,405.89
4137,0,0.0,0,11.37
4138,0,0.0,0,125.36
4139,0,0.0,0,164.77
4140,0,0.03,0,26.02
4141,0,0.0,0,23.9
4142,0,0.0,0,91.44
4143,0,0.03,0,150.2
4144,0,0.0,0,15.06
4145,0,0.0,0,108.27
4146,0,0.0,0,61.48
4147,1,0.72,1,101.92
4148,0,0.0,0,32.11
4149,0,0.0,0,28.29
4150,0,0.0,0,174.14
4151,0,0.02,0,225.03
4152,0,0.0,0,80.9
4153,0,0.0,0,101.36
4154,0,0.0,0,48.14
4155,0,0.0,0,174.44
4156,0,0.01,0,193.79
4157,0,0.01,0,31.37
4158,0,0.0,0,126.51
4159,0,0.01,0,15.31
4160,0,0.0,0,37.52
4161,0,0.0,0,111.84
4162,0,0.0,0,127.84
4163,0,0.01,0,71.78
4164,0,0.0,0,36.97
4165,0,0.0,0,51.22
4166,0,0.01,0,104.94
4167,0,0.0,0,44.09
4168,0,0.0,0,5.53
4169,0,0.0,0,225.29
4170,0,0.0,0,236.73
4171,0,0.0,0,106.07
4172,0,0.0,0,53.31
4173,1,0.53,1,1694.19
4174,0,0.0,0,9.49
4175,0,0.03,0,31.22
4176,0,0.01,0,58.63
4177,0,0.0,0,472.36
4178,0,0.01,0,16.62
4179,0,0.04,0,267.68
4180,0,0.0,0,114.29
4181,0,0.0,0,239.83
4182,0,0.0,0,6.78
4183,0,0.0,0,35.12
4184,0,0.01,0,55.5
4185,0,0.0,0,74.55
4186,0,0.0,0,43.94
4187,0,0.0,0,65.69
4188,0,0.02,0,154.3
4189,0,0.0,0,80.56
4190,0,0.0,0,84.85
4191,0,0.0,0,86.03
4192,0,0.0,0,17.69
4193,0,0.03,0,109.4
4194,0,0.0,0,54.1
4195,0,0.0,0,53.92
4196,0,0.0,0,131.94
4197,0,0.0,0,33.49
4198,0,0.0,0,12.26
4199,0,0.0,0,121.44
4200,0,0.01,0,116.22
4201,0,0.0,0,217.2
4202,0,0.04,0,90.25
4203,0,0.01,0,30.56
4204,0,0.0,0,38.29
4205,0,0.0,0,32.13
4206,0,0.01,0,409.52
4207,0,0.0,0,5.63
4208,0,0.0,0,101.75
4209,0,0.0,0,22.57
4210,0,0.01,0,4.08
4211,0,0.07,0,7.43
4212,0,0.0,0,28.09
4213,0,0.0,0,90.26
4214,0,0.01,0,30.34
4215,0,0.0,0,51.4
4216,0,0.01,0,136.33
4217,0,0.0,0,68.59
4218,0,0.02,0,21.64
4219,0,0.01,0,51.44
4220,0,0.0,0,18.67
4221,0,0.0,0,66.79
4222,0,0.0,0,31.37
4223,0,0.0,0,24.44
4224,0,0.0,0,126.67
4225,0,0.0,0,142.85
4226,0,0.0,0,33.11
4227,0,0.0,0,22.04
4228,0,0.0,0,271.7
4229,0,0.0,0,140.22
4230,0,0.01,0,3.26
4231,0,0.0,0,46.04
4232,0,0.0,0,38.17
4233,0,0.0,0,48.67
4234,0,0.01,0,23.93
4235,0,0.01,0,211.39
4236,0,0.0,0,16.78
4237,0,0.0,0,44.96
4238,0,0.02,0,131.13
4239,0,0.0,0,2.72
4240,0,0.0,0,192.57
4241,0,0.02,0,29.87
4242,0,0.0,0,3.3
4243,0,0.0,0,8.97
4244,0,0.02,0,122.68
4245,0,0.0,0,54.68
4246,0,0.01,0,49.61
4247,0,0.0,0,60.47
4248,0,0.0,0,5.44
4249,0,0.0,0,40.18
4250,0,0.0,0,4.58
4251,0,0.0,0,470.85
4252,0,0.0,0,50.51
4253,0,0.01,0,31.85
4254,0,0.0,0,254.89
4255,0,0.0,0,91.46
4256,0,0.0,0,40.05
4257,0,0.0,0,30.82
4258,0,0.0,0,101.23
4259,0,0.0,0,18.26
4260,0,0.0,0,62.31
4261,0,0.0,0,61.96
4262,0,0.0,0,25.76
4263,1,0.67,1,84.28
4264,0,0.0,0,15.88
4265,0,0.05,0,83.87
4266,0,0.0,0,57.83
4267,0,0.0,0,86.7
4268,0,0.0,0,95.85
4269,0,0.0,0,50.17
4270,0,0.01,0,106.36
4271,0,0.01,0,606.61
4272,0,0.0,0,97.54
4273,0,0.0,0,27.9
4274,0,0.01,0,166.01
4275,0,0.0,0,10.44
4276,0,0.01,0,127.87
4277,0,0.0,0,370.2
4278,0,0.01,0,49.83
4279,0,0.0,0,23.2
4280,0,0.0,0,17.23
4281,0,0.0,0,172.63
4282,0,0.04,0,5.55
4283,0,0.0,0,92.08
4284,0,0.0,0,31.28
4285,0,0.0,0,52.69
4286,0,0.0,0,54.23
4287,0,0.0,0,15.43
4288,0,0.0,0,17.87
4289,0,0.0,0,41.68
4290,0,0.0,0,63.72
4291,0,0.02,0,24.72
4292,0,0.0,0,69.46
4293,0,0.0,0,35.32
4294,0,0.0,0,393.9
4295,0,0.02,0,19.77
4296,0,0.0,0,8.21
4297,0,0.01,0,46.07
4298,0,0.0,0,6.42
4299,0,0.0,0,108.16
4300,0,0.0,0,187.14
4301,0,0.0,0,35.67
4302,0,0.01,0,834.02
4303,0,0.0,0,20.89
4304,0,0.0,0,58.67
4305,0,0.0,0,14.33
4306,0,0.01,0,113.36
4307,0,0.0,0,22.54
4308,0,0.0,0,31.22
4309,0,0.03,0,177.28
4310,0,0.0,0,14.38
4311,0,0.01,0,192.33
4312,0,0.0,0,828.36
4313,0,0.0,0,11.05
4314,0,0.0,0,457.39
4315,0,0.0,0,13.83
4316,0,0.0,0,36.09
4317,0,0.01,0,25.32
4318,0,0.0,0,295.86
4319,0,0.0,0,83.28
4320,0,0.01,0,43.87
4321,0,0.0,0,22.1
4322,0,0.0,0,44.72
4323,0,0.04,0,65.35
4324,0,0.0,0,71.78
4325,0,0.0,0,72.76
4326,0,0.01,0,18.27
4327,0,0.0,0,29.23
4328,0,0.0,0,49.18
4329,0,0.0,0,56.07
4330,0,0.0,0,648.4
4331,0,0.01,0,60.95
4332,0,0.0,0,29.6
4333,0,0.0,0,151.32
4334,0,0.01,0,34.15
4335,0,0.0,0,1895.01
4336,0,0.0,0,107.7
4337,0,0.0,0,111.68
4338,0,0.02,0,26.03
4339,0,0.0,0,19.49
4340,0,0.0,0,202.62
4341,0,0.0,0,40.45
4342,0,0.0,0,42.45
4343,0,0.0,0,111.67
4344,0,0.0,0,11.06
4345,0,0.01,0,12.84
4346,0,0.0,0,3.56
4347,0,0.0,0,10.92
4348,0,0.02,0,137.19
4349,0,0.0,0,207.38
4350,0,0.0,0,78.17
4351,0,0.0,0,59.84
4352,1,0.69,1,93.36
4353,0,0.0,0,39.8
4354,0,0.0,0,65.74
4355,0,0.01,0,3.49
4356,0,0.06,0,27.49
4357,0,0.02,0,14.68
4358,0,0.01,0,62.69
4359,0,0.0,0,209.41
4360,0,0.0,0,297.57
4361,0,0.0,0,272.11
4362,0,0.01,0,66.82
4363,0,0.0,0,128.84
4364,0,0.0,0,37.05
4365,0,0.01,0,116.65
4366,0,0.0,0,14.61
4367,0,0.0,0,100.76
4368,0,0.0,0,40.23
4369,0,0.05,0,96.56
4370,0,0.01,0,38.25
4371,0,0.0,0,23.36
4372,0,0.0,0,22.61
4373,0,0.0,0,40.33
4374,0,0.04,0,29.0
4375,0,0.0,0,475.54
4376,0,0.0,0,48.08
4377,0,0.03,0,86.44
4378,0,0.02,0,1469.97
4379,0,0.02,0,10.03
4380,0,0.04,0,52.35
4381,0,0.0,0,58.51
4382,0,0.01,0,16.05
4383,0,0.0,0,154.8
4384,0,0.01,0,38.51
4385,0,0.01,0,16.13
4386,0,0.02,0,275.99
4387,0,0.0,0,111.92
4388,0,0.0,0,26.39
4389,0,0.0,0,61.16
4390,0,0.0,0,189.05
4391,0,0.0,0,24.55
4392,0,0.0,0,22.53
4393,0,0.0,0,17.3
4394,0,0.0,0,69.08
4395,0,0.02,0,25.82
4396,0,0.0,0,31.54
4397,0,0.0,0,92.27
4398,0,0.0,0,138.13
4399,0,0.09,0,56.86
4400,0,0.01,0,101.07
4401,0,0.0,0,157.59
4402,0,0.0,0,743.35
4403,0,0.02,0,35.55
4404,0,0.0,0,24.54
4405,0,0.0,0,63.81
4406,0,0.0,0,84.75
4407,0,0.0,0,421.95
4408,0,0.0,0,45.89
4409,0,0.0,0,31.5
4410,0,0.0,0,10.98
4411,0,0.0,0,348.64
4412,0,0.0,0,22.24
4413,0,0.02,0,125.25
4414,0,0.0,0,14.39
4415,1,0.65,1,233.94
4416,0,0.0,0,85.34
4417,0,0.0,0,263.17
4418,0,0.0,0,11.24
4419,0,0.0,0,35.34
4420,0,0.0,0,131.41
4421,0,0.03,0,273.81
4422,0,0.0,0,62.13
4423,0,0.0,0,18.3
4424,0,0.0,0,55.6
4425,0,0.0,0,451.39
4426,0,0.02,0,26.63
4427,0,0.0,0,19.36
4428,0,0.0,0,7.26
4429,0,0.0,0,142.27
4430,0,0.0,0,11.67
4431,0,0.01,0,195.33
4432,0,0.0,0,103.28
4433,0,0.0,0,92.4
4434,0,0.02,0,457.59
4435,0,0.0,0,63.91
4436,0,0.0,0,51.19
4437,0,0.0,0,331.79
4438,0,0.0,0,53.99
4439,0,0.0,0,228.48
4440,0,0.01,0,20.86
4441,0,0.0,0,106.47
4442,0,0.01,0,71.23
4443,0,0.0,0,619.27
4444,0,0.0,0,36.53
4445,0,0.03,0,25.74
4446,0,0.01,0,101.79
4447,0,0.0,0,783.3
4448,0,0.0,0,33.24
4449,0,0.0,0,424.14
4450,0,0.01,0,247.53
4451,0,0.0,0,15.28
4452,0,0.0,0,327.86
4453,0,0.01,0,1.61
4454,0,0.08,0,524.31
4455,0,0.01,0,1064.15
4456,0,0.01,0,30.01
4457,0,0.01,0,38.81
4458,0,0.03,0,296.52
4459,0,0.0,0,57.64
4460,0,0.0,0,158.76
4461,0,0.0,0,139.92
4462,0,0.0,0,95.67
4463,0,0.0,0,88.13
4464,0,0.0,0,14.12
4465,0,0.0,0,102.08
4466,0,0.01,0,185.43
4467,0,0.0,0,72.04
4468,0,0.0,0,257.23
4469,0,0.02,0,121.07
4470,0,0.01,0,262.92
4471,0,0.0,0,61.97
4472,0,0.0,0,390.75
4473,0,0.05,0,53.77
4474,0,0.0,0,63.64
4475,0,0.0,0,64.37
4476,0,0.0,0,13.8
4477,0,0.0,0,51.98
4478,0,0.01,0,52.51
4479,0,0.01,0,18.32
4480,0,0.01,0,46.73
4481,0,0.03,0,57.05
4482,0,0.0,0,12.51
4483,0,0.03,0,140.05
4484,0,0.01,0,43.16
4485,0,0.0,0,280.22
4486,0,0.0,0,91.96
4487,0,0.01,0,22.53
4488,0,0.0,0,31.4
4489,0,0.0,0,203.92
4490,0,0.01,0,32.6
4491,0,0.0,0,15.96
4492,0,0.01,0,153.12
4493,0,0.0,0,102.54
4494,0,0.0,0,262.88
4495,0,0.0,0,12.02
4496,0,0.0,0,4.02
4497,0,0.02,0,5.36
4498,0,0.03,0,240.02
4499,0,0.0,0,297.8
4500,0,0.03,0,21.11
4501,1,0.61,1,24.16
4502,0,0.0,0,34.1
4503,0,0.01,0,227.44
4504,0,0.0,0,35.07
4505,0,0.0,0,77.72
4506,0,0.0,0,56.96
4507,0,0.0,0,30.97
4508,0,0.0,0,118.21
4509,0,0.0,0,831.46
4510,0,0.0,0,43.14
4511,0,0.0,0,39.71
4512,0,0.0,0,20.67
4513,0,0.0,0,64.79
4514,0,0.01,0,22.95
4515,1,0.7,1,75.79
4516,0,0.0,0,366.65
4517,0,0.0,0,19.68
4518,0,0.0,0,47.06
4519,0,0.0,0,21.62
4520,0,0.0,0,239.32
4521,0,0.0,0,6.85
4522,0,0.0,0,68.73
4523,0,0.0,0,68.56
4524,0,0.0,0,44.75
4525,0,0.0,0,165.47
4526,0,0.0,0,241.35
4527,0,0.0,0,86.18
4528,0,0.0,0,5.59
4529,0,0.0,0,46.04
4530,0,0.0,0,602.29
4531,0,0.0,0,13.86
4532,0,0.0,0,27.81
4533,0,0.02,0,72.72
4534,0,0.0,0,14.94
4535,0,0.0,0,7.14
4536,0,0.0,0,29.9
4537,0,0.0,0,38.68
4538,0,0.01,0,228.26
4539,0,0.0,0,114.64
4540,0,0.0,0,187.98
4541,0,0.0,0,3.79
4542,0,0.0,0,39.16
4543,0,0.0,0,85.4
4544,1,0.65,1,70.38
4545,0,0.0,0,118.86
4546,0,0.01,0,18.66
4547,0,0.0,0,261.72
4548,0,0.0,0,638.35
4549,0,0.0,0,106.46
4550,0,0.03,0,26.52
4551,0,0.0,0,179.36
4552,0,0.02,0,97.02
4553,0,0.0,0,16.37
4554,0,0.0,0,345.04
4555,0,0.0,0,97.57
4556,0,0.0,0,82.51
4557,0,0.0,0,14.27
4558,0,0.0,0,66.91
4559,0,0.0,0,138.22
4560,0,0.0,0,49.3
4561,0,0.0,0,24.83
4562,0,0.0,0,241.5
4563,0,0.03,0,14.63
4564,0,0.02,0,81.53
4565,0,0.0,0,87.39
4566,0,0.0,0,37.5
4567,0,0.0,0,6.34
4568,0,0.01,0,690.01
4569,0,0.0,0,105.08
4570,0,0.02,0,65.03
4571,0,0.0,0,6.28
4572,0,0.0,0,77.4
4573,0,0.07,0,164.07
4574,0,0.0,0,30.89
4575,1,0.7,1,138.54
4576,0,0.02,0,201.03
4577,0,0.0,0,113.87
4578,0,0.0,0,24.5
4579,0,0.0,0,71.44
4580,0,0.0,0,58.54
4581,0,0.0,0,11.15
4582,0,0.0,0,35.39
4583,0,0.0,0,63.87
4584,0,0.0,0,57.25
4585,0,0.0,0,35.49
4586,0,0.0,0,67.23
4587,0,0.0,0,152.3
4588,0,0.0,0,20.54
4589,0,0.0,0,11.39
4590,0,0.0,0,6.16
4591,0,0.0,0,73.21
4592,0,0.0,0,328.78
4593,0,0.01,0,17.64
4594,0,0.0,0,79.27
4595,0,0.03,0,202.72
4596,0,0.0,0,42.08
4597,0,0.01,0,83.38
4598,0,0.02,0,59.02
4599,0,0.01,0,146.73
4600,0,0.02,0,6.92
4601,0,0.02,0,44.29
4602,0,0.0,0,52.73
4603,0,0.02,0,53.02
4604,0,0.0,0,93.53
4605,0,0.01,0,210.59
4606,0,0.0,0,52.19
4607,0,0.0,0,18.84
4608,0,0.0,0,86.37
4609,0,0.0,0,41.77
4610,0,0.01,0,50.24
4611,0,0.0,0,116.02
4612,0,0.0,0,6.62
4613,0,0.0,0,39.78
4614,0,0.0,0,14.18
4615,0,0.01,0,265.78
4616,0,0.0,0,10.88
4617,0,0.0,0,51.0
4618,0,0.0,0,49.24
4619,0,0.0,0,18.79
4620,0,0.04,0,939.38
4621,0,0.0,0,66.82
4622,0,0.01,0,93.02
4623,1,0.65,1,73.89
4624,0,0.0,0,75.91
4625,0,0.01,0,119.61
4626,0,0.0,0,46.89
4627,0,0.01,0,278.03
4628,0,0.0,0,77.18
4629,0,0.01,0,5.0
4630,0,0.0,0,167.63
4631,0,0.0,0,200.18
4632,0,0.03,0,33.75
4633,0,0.0,0,9.74
4634,0,0.0,0,80.59
4635,0,0.0,0,144.76
4636,0,0.0,0,137.99
4637,0,0.0,0,8.51
4638,0,0.0,0,19.73
4639,0,0.0,0,39.42
4640,0,0.03,0,81.01
4641,0,0.01,0,192.23
4642,0,0.01,0,264.98
4643,0,0.02,0,17.02
4644,0,0.0,0,37.96
4645,0,0.0,0,24.81
4646,0,0.03,0,87.95
4647,0,0.02,0,172.46
4648,0,0.0,0,863.59
4649,0,0.0,0,58.22
4650,0,0.01,0,548.02
4651,0,0.03,0,152.45
4652,0,0.0,0,25.25
4653,0,0.0,0,57.94
4654,0,0.02,0,21.99
4655,0,0.0,0,249.27
4656,0,0.0,0,39.89
4657,0,0.0,0,22.24
4658,0,0.0,0,14.49
4659,0,0.0,0,23.11
4660,0,0.0,0,19.0
4661,0,0.02,0,71.66
4662,0,0.0,0,209.28
4663,0,0.01,0,51.15
4664,0,0.0,0,52.04
4665,0,0.0,0,253.19
4666,0,0.0,0,31.69
4667,0,0.0,0,59.41
4668,0,0.0,0,22.88
4669,0,0.06,0,5.2
4670,0,0.01,0,50.72
4671,0,0.0,0,124.43
4672,0,0.02,0,15.65
4673,0,0.0,0,166.3
4674,1,0.67,1,10.78
4675,0,0.0,0,59.24
4676,0,0.01,0,47.05
4677,0,0.0,0,4.35
4678,0,0.0,0,13.92
4679,0,0.02,0,37.12
4680,0,0.0,0,74.38
4681,0,0.01,0,22.29
4682,0,0.0,0,51.38
4683,0,0.0,0,48.0
4684,0,0.0,0,45.37
4685,0,0.02,0,6.48
4686,0,0.0,0,65.74
4687,0,0.0,0,15.48
4688,0,0.04,0,81.48
4689,0,0.01,0,193.88
4690,0,0.0,0,34.57
4691,0,0.0,0,21.62
4692,0,0.0,0,19.52
4693,0,0.01,0,314.57
4694,0,0.0,0,46.14
4695,0,0.0,0,72.39
4696,0,0.12,0,95.28
4697,0,0.0,0,239.36
4698,0,0.0,0,81.27
4699,0,0.0,0,13.89
4700,0,0.0,0,35.22
4701,0,0.0,0,53.44
4702,0,0.0,0,40.22
4703,0,0.0,0,14.45
4704,0,0.0,0,119.3
4705,0,0.0,0,60.34
4706,0,0.03,0,37.84
4707,0,0.01,0,512.86
4708,0,0.0,0,24.5
4709,0,0.0,0,17.49
4710,0,0.01,0,53.44
4711,0,0.0,0,5.14
4712,0,0.03,0,23.05
4713,0,0.03,0,85.2
4714,0,0.09,0,59.53
4715,0,0.01,0,226.86
4716,0,0.0,0,77.99
4717,0,0.0,0,31.79
4718,1,0.73,1,43.68
4719,0,0.0,0,56.9
4720,0,0.0,0,313.01
4721,0,0.0,0,29.67
4722,0,0.01,0,88.54
4723,0,0.01,0,7.17
4724,0,0.0,0,140.39
4725,0,0.0,0,528.58
4726,0,0.0,0,19.62
4727,0,0.0,0,144.98
4728,0,0.0,0,93.86
4729,0,0.0,0,28.98
4730,0,0.02,0,20.19
4731,0,0.0,0,30.01
4732,0,0.0,0,114.47
4733,0,0.0,0,14.58
4734,0,0.0,0,268.87
4735,0,0.0,0,210.68
4736,0,0.0,0,90.2
4737,0,0.0,0,43.95
4738,0,0.0,0,59.01
4739,0,0.0,0,17.19
4740,0,0.0,0,88.94
4741,0,0.01,0,3.28
4742,0,0.0,0,24.2
4743,0,0.0,0,21.66
4744,0,0.0,0,36.65
4745,0,0.0,0,140.63
4746,0,0.0,0,30.62
4747,0,0.0,0,37.59
4748,0,0.0,0,47.77
4749,0,0.0,0,29.09
4750,0,0.0,0,54.77
4751,0,0.01,0,94.36
4752,0,0.0,0,21.39
4753,0,0.0,0,17.43
4754,0,0.01,0,37.12
4755,0,0.0,0,23.45
4756,0,0.0,0,187.27
4757,0,0.0,0,25.82
4758,0,0.0,0,67.86
4759,0,0.0,0,32.48
4760,0,0.0,0,54.14
4761,0,0.0,0,442.36
4762,0,0.0,0,16.89
4763,0,0.0,0,55.17
4764,0,0.0,0,92.71
4765,0,0.0,0,481.58
4766,0,0.0,0,45.23
4767,0,0.0,0,21.11
4768,0,0.0,0,192.46
4769,0,0.03,0,246.42
4770,0,0.0,0,179.89
4771,0,0.0,0,15.48
4772,0,0.0,0,72.65
4773,0,0.0,0,352.7
4774,0,0.0,0,30.71
4775,0,0.01,0,273.09
4776,0,0.02,0,30.35
4777,0,0.0,0,13.43
4778,0,0.0,0,112.82
4779,0,0.0,0,14.81
4780,0,0.03,0,13.07
4781,0,0.0,0,38.47
4782,0,0.0,0,108.4
4783,0,0.0,0,80.11
4784,0,0.0,0,161.83
4785,0,0.0,0,34.7
4786,0,0.0,0,28.03
4787,0,0.0,0,89.33
4788,0,0.01,0,80.93
4789,0,0.01,0,12.99
4790,0,0.0,0,37.24
4791,0,0.0,0,158.59
4792,0,0.0,0,328.52
4793,0,0.0,0,143.64
4794,0,0.02,0,8.74
4795,0,0.01,0,210.36
4796,0,0.0,0,54.34
4797,0,0.01,0,102.38
4798,0,0.0,0,30.27
4799,0,0.0,0,106.96
4800,0,0.0,0,206.57
4801,0,0.0,0,34.07
4802,0,0.01,0,10.16
4803,0,0.0,0,172.53
4804,0,0.0,0,121.0
4805,0,0.02,0,200.22
4806,0,0.03,0,13.3
4807,0,0.0,0,170.83
4808,0,0.0,0,312.87
4809,0,0.0,0,62.05
4810,0,0.0,0,53.83
4811,0,0.0,0,173.12
4812,1,0.73,1,34.22
4813,1,0.63,1,12.69
4814,0,0.0,0,574.23
4815,0,0.04,0,1009.23
4816,0,0.0,0,5.68
4817,0,0.01,0,45.28
4818,0,0.0,0,202.81
4819,0,0.0,0,24.34
4820,0,0.0,0,44.61
4821,0,0.01,0,122.17
4822,0,0.01,0,17.41
4823,0,0.0,0,107.71
4824,0,0.0,0,14.74
4825,0,0.01,0,287.95
4826,0,0.01,0,18.3
4827,0,0.01,0,25.34
4828,0,0.0,0,467.25
4829,0,0.01,0,76.04
4830,0,0.0,0,51.97
4831,0,0.0,0,31.9
4832,0,0.0,0,147.74
4833,0,0.0,0,41.45
4834,0,0.0,0,23.75
4835,0,0.0,0,301.15
4836,0,0.07,0,210.65
4837,0,0.0,0,27.59
4838,0,0.0,0,327.63
4839,0,0.0,0,1073.52
4840,0,0.0,0,503.81
4841,0,0.0,0,341.15
4842,0,0.0,0,62.37
4843,0,0.03,0,97.35
4844,0,0.01,0,23.48
4845,0,0.0,0,53.41
4846,0,0.0,0,59.65
4847,0,0.0,0,20.54
4848,0,0.0,0,135.82
4849,0,0.0,0,130.45
4850,1,0.8,1,17.21
4851,0,0.0,0,36.27
4852,0,0.0,0,26.0
4853,0,0.0,0,1.94
4854,0,0.01,0,55.37
4855,0,0.0,0,221.64
4856,0,0.01,0,677.74
4857,0,0.0,0,13.78
4858,0,0.04,0,56.09
4859,0,0.01,0,10.08
4860,0,0.04,0,71.46
4861,0,0.0,0,22.34
4862,0,0.0,0,41.11
4863,0,0.0,0,7.66
4864,0,0.0,0,352.67
4865,0,0.0,0,39.77
4866,0,0.0,0,112.27
4867,0,0.01,0,321.2
4868,0,0.01,0,51.13
4869,0,0.0,0,1402.35
4870,0,0.0,0,142.18
4871,0,0.0,0,21.94
4872,0,0.01,0,37.26
4873,0,0.0,0,11.59
4874,0,0.01,0,211.02
4875,0,0.01,0,89.95
4876,0,0.0,0,130.02
4877,0,0.02,0,242.2
4878,0,0.01,0,111.91
4879,0,0.0,0,13.59
4880,0,0.0,0,55.17
4881,0,0.0,0,10.81
4882,0,0.0,0,94.66
4883,0,0.02,0,37.97
4884,0,0.0,0,76.97
4885,0,0.03,0,20.89
4886,0,0.0,0,49.23
4887,0,0.0,0,152.18
4888,0,0.05,0,26.64
4889,0,0.0,0,19.54
4890,1,0.63,1,84.44
4891,0,0.0,0,10.3
4892,0,0.0,0,75.64
4893,0,0.0,0,26.56
4894,0,0.0,0,296.19
4895,0,0.01,0,171.01
4896,0,0.0,0,43.98
4897,0,0.0,0,275.93
4898,0,0.0,0,16.11
4899,0,0.0,0,63.7
4900,0,0.0,0,24.19
4901,0,0.04,0,10.64
4902,0,0.0,0,32.27
4903,0,0.0,0,94.83
4904,0,0.0,0,61.1
4905,0,0.0,0,112.77
4906,0,0.03,0,167.81
4907,0,0.02,0,360.12
4908,0,0.0,0,25.75
4909,0,0.04,0,29.92
4910,0,0.0,0,28.66
4911,0,0.0,0,291.7
4912,0,0.02,0,84.08
4913,0,0.0,0,194.54
4914,0,0.01,0,15.02
4915,0,0.0,0,90.44
4916,0,0.0,0,13.52
4917,0,0.0,0,5.2
4918,0,0.0,0,83.39
4919,0,0.0,0,326.1
4920,0,0.0,0,36.08
4921,1,0.75,1,46.9
4922,0,0.0,0,12.2
4923,0,0.0,0,12.2
4924,0,0.04,0,8.57
4925,0,0.02,0,3.74
4926,0,0.0,0,43.18
4927,0,0.0,0,13.51
4928,0,0.01,0,14.62
4929,0,0.0,0,24.48
4930,0,0.0,0,96.52
4931,0,0.01,0,189.22
4932,0,0.0,0,51.95
4933,0,0.01,0,22.22
4934,0,0.01,0,204.9
4935,0,0.01,0,236.13
4936,0,0.0,0,39.2
4937,0,0.0,0,71.55
4938,0,0.0,0,124.42
4939,0,0.0,0,6.14
4940,0,0.0,0,128.92
4941,0,0.01,0,53.58
4942,0,0.01,0,19.82
4943,0,0.0,0,1552.46
4944,0,0.0,0,137.27
4945,0,0.0,0,28.07
4946,0,0.0,0,79.69
4947,0,0.0,0,100.83
4948,0,0.0,0,148.95
4949,0,0.0,0,52.91
4950,0,0.02,0,108.92
4951,0,0.01,0,91.09
4952,0,0.02,0,511.1
4953,0,0.0,0,82.91
4954,0,0.0,0,372.07
4955,0,0.0,0,47.66
4956,0,0.0,0,11.03
4957,0,0.01,0,22.57
4958,0,0.01,0,23.08
4959,0,0.01,0,6.2
4960,0,0.0,0,536.28
4961,0,0.0,0,181.06
4962,0,0.01,0,110.2
4963,0,0.0,0,348.57
4964,0,0.0,0,89.51
4965,0,0.0,0,461.89
4966,0,0.0,0,61.37
4967,0,0.0,0,525.13
4968,0,0.0,0,19.34
4969,0,0.0,0,42.25
4970,0,0.04,0,8.58
4971,0,0.0,0,26.83
4972,0,0.0,0,117.85
4973,0,0.0,0,15.33
4974,0,0.0,0,170.75
4975,0,0.01,0,22.25
4976,0,0.0,0,66.44
4977,0,0.01,0,266.73
4978,0,0.0,0,67.03
4979,0,0.0,0,17.42
4980,0,0.0,0,83.75
4981,0,0.0,0,52.4
4982,0,0.0,0,27.83
4983,0,0.0,0,85.47
4984,0,0.0,0,96.01
4985,0,0.03,0,23.31
4986,0,0.01,0,8.08
4987,0,0.02,0,66.48
4988,0,0.0,0,116.07
4989,0,0.0,0,81.66
4990,0,0.0,0,164.71
4991,0,0.0,0,10.79
4992,1,0.72,1,12.55
4993,0,0.0,0,21.44
4994,0,0.0,0,44.03
4995,0,0.0,0,28.07
4996,0,0.0,0,60.64
4997,0,0.01,0,222.41
4998,0,0.01,0,5.78
4999,0,0.0,0,73.38
5000,0,0.01,0,574.87
5001,0,0.0,0,23.99
5002,0,0.01,0,709.12
5003,0,0.01,0,33.92
5004,0,0.0,0,44.49
5005,0,0.0,0,41.14
5006,0,0.01,0,80.37
5007,0,0.0,0,40.53
5008,0,0.01,0,86.7
5009,0,0.0,0,64.35
5010,0,0.02,0,342.41
5011,0,0.0,0,318.15
5012,0,0.0,0,32.47
5013,0,0.0,0,24.14
5014,0,0.0,0,338.63
5015,0,0.0,0,9.72
5016,0,0.0,0,182.25
5017,0,0.0,0,17.8
5018,0,0.0,0,66.08
5019,0,0.0,0,30.94
5020,0,0.01,0,5.87
5021,0,0.01,0,439.51
5022,0,0.0,0,29.72
5023,0,0.0,0,73.31
5024,0,0.01,0,740.62
5025,0,0.0,0,104.7
5026,0,0.0,0,13.07
5027,0,0.0,0,17.55
5028,0,0.0,0,242.38
5029,0,0.0,0,96.12
5030,0,0.0,0,21.83
5031,0,0.01,0,707.25
5032,0,0.0,0,506.74
5033,0,0.0,0,50.75
5034,0,0.01,0,53.18
5035,0,0.0,0,42.36
5036,0,0.01,0,33.19
5037,0,0.0,0,161.17
5038,0,0.04,0,794.29
5039,0,0.0,0,356.36
5040,0,0.01,0,33.79
5041,0,0.01,0,14.54
5042,0,0.0,0,219.73
5043,0,0.0,0,20.35
5044,0,0.0,0,5.09
5045,0,0.0,0,25.89
5046,0,0.0,0,59.11
5047,0,0.01,0,63.81
5048,0,0.0,0,219.27
5049,0,0.0,0,139.87
5050,0,0.02,0,280.07
5051,0,0.03,0,205.71
5052,0,0.0,0,183.2
5053,0,0.0,0,114.11
5054,0,0.0,0,50.0
5055,0,0.0,0,37.86
5056,0,0.01,0,177.51
5057,0,0.0,0,46.3
5058,0,0.0,0,50.03
5059,0,0.0,0,67.44
5060,0,0.03,0,140.67
5061,0,0.0,0,36.33
5062,0,0.0,0,82.64
5063,0,0.0,0,77.05
5064,0,0.0,0,195.69
5065,0,0.0,0,35.04
5066,1,0.76,1,132.82
5067,0,0.0,0,7.9
5068,0,0.0,0,59.96
5069,0,0.0,0,89.41
5070,0,0.02,0,814.98
5071,0,0.0,0,100.19
5072,0,0.0,0,250.81
5073,0,0.0,0,63.54
5074,0,0.0,0,152.09
5075,0,0.0,0,19.45
5076,0,0.0,0,16.16
5077,0,0.0,0,21.6
5078,0,0.01,0,12.54
5079,0,0.0,0,75.31
5080,0,0.01,0,104.0
5081,0,0.01,0,48.87
5082,0,0.0,0,265.86
5083,0,0.0,0,18.23
5084,0,0.0,0,459.15
5085,0,0.02,0,49.4
5086,0,0.0,0,49.13
5087,0,0.0,0,89.71
5088,0,0.0,0,2.3
5089,0,0.0,0,70.39
5090,1,0.64,1,10.33
5091,0,0.0,0,41.27
5092,0,0.0,0,79.9
5093,0,0.0,0,324.14
5094,0,0.0,0,34.06
5095,1,0.73,1,107.64
5096,0,0.0,0,226.45
5097,0,0.0,0,88.16
5098,0,0.01,0,59.44
5099,0,0.04,0,100.65
5100,0,0.0,0,17.9
5101,0,0.0,0,112.07
5102,0,0.0,0,55.92
5103,0,0.0,0,19.33
5104,0,0.0,0,128.99
5105,0,0.0,0,277.63
5106,0,0.0,0,21.87
5107,0,0.02,0,655.15
5108,0,0.01,0,113.89
5109,0,0.0,0,133.22
5110,0,0.01,0,24.71
5111,1,0.76,1,93.72
5112,0,0.0,0,73.48
5113,0,0.03,0,25.96
5114,0,0.0,0,85.97
5115,0,0.0,0,64.61
5116,0,0.0,0,29.13
5117,0,0.0,0,106.64
5118,0,0.0,0,3.79
5119,0,0.0,0,84.31
5120,0,0.03,0,441.28
5121,0,0.0,0,54.0
5122,0,0.0,0,35.74
5123,0,0.0,0,10.96
5124,0,0.0,0,4.33
5125,0,0.02,0,115.77
5126,0,0.0,0,547.79
5127,0,0.01,0,74.68
5128,0,0.0,0,40.83
5129,0,0.0,0,47.71
5130,0,0.0,0,490.23
5131,0,0.0,0,48.62
5132,0,0.0,0,122.24
5133,0,0.0,0,147.76
5134,0,0.0,0,61.94
5135,0,0.01,0,8.9
5136,0,0.0,0,96.22
5137,0,0.0,0,20.63
5138,0,0.0,0,23.48
5139,0,0.0,0,118.27
5140,0,0.0,0,107.21
5141,0,0.0,0,482.98
5142,0,0.01,0,13.11
5143,0,0.0,0,22.93
5144,0,0.0,0,6.14
5145,0,0.0,0,264.56
5146,0,0.0,0,5.19
5147,0,0.0,0,155.19
5148,0,0.05,0,342.61
5149,0,0.0,0,45.77
5150,0,0.03,0,41.14
5151,0,0.0,0,106.02
5152,0,0.01,0,90.98
5153,0,0.01,0,20.18
5154,0,0.0,0,36.08
5155,0,0.01,0,34.7
5156,0,0.0,0,152.97
5157,0,0.03,0,65.7
5158,0,0.0,0,48.4
5159,0,0.0,0,217.69
5160,0,0.0,0,654.57
5161,0,0.05,0,111.51
5162,0,0.0,0,8.12
5163,0,0.01,0,22.75
5164,0,0.0,0,11.44
5165,0,0.01,0,10.15
5166,0,0.0,0,25.41
5167,0,0.0,0,39.52
5168,0,0.0,0,71.77
5169,0,0.01,0,49.91
5170,0,0.0,0,28.9
5171,0,0.0,0,71.58
5172,0,0.0,0,120.26
5173,0,0.01,0,50.17
5174,0,0.0,0,63.18
5175,0,0.0,0,13.88
5176,0,0.0,0,24.05
5177,0,0.0,0,176.33
5178,0,0.0,0,90.64
5179,0,0.0,0,332.01
5180,0,0.0,0,37.68
5181,0,0.02,0,1124.96
5182,0,0.0,0,106.04
5183,0,0.0,0,30.99
5184,0,0.0,0,188.21
5185,0,0.0,0,29.11
5186,0,0.01,0,110.28
5187,0,0.0,0,57.66
5188,0,0.0,0,32.83
5189,0,0.0,0,175.38
5190,1,0.66,1,98.84
5191,0,0.0,0,63.5
5192,0,0.0,0,44.15
5193,0,0.0,0,201.12
5194,0,0.0,0,7.8
5195,0,0.02,0,59.64
5196,0,0.0,0,137.85
5197,0,0.0,0,242.27
5198,0,0.0,0,85.75
5199,0,0.0,0,205.52
5200,0,0.0,0,64.12
5201,0,0.0,0,37.1
5202,0,0.0,0,14.5
5203,0,0.02,0,9.38
5204,0,0.0,0,11.39
5205,0,0.0,0,18.49
5206,0,0.0,0,77.43
5207,0,0.0,0,35.49
5208,0,0.03,0,749.63
5209,0,0.0,0,159.34
5210,0,0.0,0,877.81
5211,0,0.0,0,29.07
5212,1,0.59,1,1015.12
5213,0,0.0,0,128.15
5214,0,0.0,0,97.37
5215,0,0.0,0,36.54
5216,0,0.0,0,28.57
5217,0,0.01,0,112.9
5218,0,0.0,0,21.82
5219,0,0.0,0,20.65
5220,0,0.0,0,33.77
5221,0,0.0,0,139.88
5222,0,0.02,0,22.23
5223,0,0.0,0,48.6
5224,0,0.0,0,30.47
5225,0,0.0,0,37.23
5226,0,0.01,0,9.64
5227,0,0.01,0,33.02
5228,0,0.0,0,74.14
5229,0,0.0,0,940.47
5230,0,0.0,0,64.42
5231,0,0.01,0,84.27
5232,0,0.0,0,30.89
5233,0,0.01,0,182.73
5234,0,0.03,0,36.29
5235,0,0.0,0,371.83
5236,0,0.07,0,28.38
5237,0,0.02,0,39.21
5238,0,0.0,0,22.15
5239,0,0.01,0,22.36
5240,0,0.0,0,79.83
5241,0,0.0,0,139.29
5242,0,0.02,0,200.53
5243,0,0.0,0,83.95
5244,0,0.03,0,11.18
5245,0,0.0,0,35.85
5246,0,0.0,0,942.25
5247,0,0.01,0,261.2
5248,0,0.0,0,76.86
5249,0,0.0,0,42.17
5250,0,0.01,0,320.37
5251,0,0.0,0,234.24
5252,0,0.01,0,96.65
5253,0,0.0,0,22.63
5254,0,0.0,0,48.87
5255,0,0.04,0,4.14
5256,0,0.0,0,55.68
5257,0,0.0,0,285.78
5258,0,0.02,0,45.08
5259,0,0.0,0,28.26
5260,0,0.0,0,586.07
5261,0,0.0,0,50.19
5262,0,0.01,0,91.35
5263,0,0.0,0,769.05
5264,0,0.02,0,33.0
5265,0,0.0,0,161.08
5266,0,0.0,0,36.11
5267,0,0.0,0,245.53
5268,0,0.01,0,42.27
5269,0,0.01,0,28.64
5270,0,0.0,0,9.17
5271,0,0.0,0,94.55
5272,0,0.02,0,97.88
5273,0,0.0,0,13.36
5274,0,0.0,0,59.92
5275,0,0.0,0,455.69
5276,0,0.0,0,52.38
5277,0,0.0,0,55.43
5278,0,0.01,0,22.29
5279,0,0.0,0,98.18
5280,0,0.0,0,180.94
5281,0,0.0,0,142.5
5282,0,0.0,0,107.28
5283,0,0.0,0,68.6
5284,0,0.01,0,13.88
5285,0,0.0,0,713.86
5286,0,0.04,0,54.32
5287,0,0.01,0,49.31
5288,0,0.01,0,21.58
5289,0,0.0,0,134.77
5290,0,0.0,0,32.37
5291,0,0.0,0,151.75
5292,0,0.01,0,81.7
5293,0,0.0,0,18.74
5294,0,0.0,0,17.87
5295,0,0.0,0,11.78
5296,0,0.01,0,93.9
5297,0,0.0,0,9.85
5298,0,0.01,0,37.66
5299,0,0.0,0,4.8
5300,0,0.0,0,16.15
5301,0,0.02,0,305.0
5302,0,0.02,0,105.68
5303,0,0.0,0,149.28
5304,0,0.0,0,63.92
5305,0,0.01,0,118.76
5306,0,0.0,0,47.57
5307,0,0.05,0,23.8
5308,0,0.01,0,51.76
5309,0,0.0,0,258.58
5310,0,0.0,0,17.39
5311,0,0.0,0,67.47
5312,0,0.0,0,434.91
5313,0,0.0,0,265.6
5314,0,0.01,0,279.8
5315,0,0.0,0,286.32
5316,0,0.01,0,167.85
5317,0,0.0,0,107.38
5318,0,0.0,0,75.39
5319,0,0.0,0,333.04
5320,0,0.0,0,31.24
5321,0,0.11,0,2874.84
5322,0,0.02,0,51.63
5323,0,0.0,0,787.94
5324,0,0.0,0,18.41
5325,0,0.0,0,155.24
5326,0,0.05,0,89.17
5327,0,0.0,0,155.03
5328,0,0.0,0,56.7
5329,0,0.01,0,10.11
5330,0,0.0,0,18.29
5331,0,0.0,0,177.42
5332,0,0.0,0,30.05
5333,0,0.01,0,93.34
5334,0,0.03,0,446.73
5335,0,0.0,0,3.18
5336,0,0.0,0,20.15
5337,0,0.0,0,99.82
5338,0,0.0,0,19.39
5339,0,0.0,0,163.49
5340,0,0.01,0,100.85
5341,0,0.0,0,183.38
5342,0,0.03,0,796.49
5343,0,0.0,0,39.11
5344,1,0.61,1,288.71
5345,1,0.62,1,117.84
5346,0,0.0,0,54.59
5347,1,0.62,1,32.56
5348,1,0.69,1,40.55
5349,0,0.0,0,22.66
5350,0,0.01,0,70.64
5351,0,0.0,0,51.95
5352,0,0.0,0,18.11
5353,0,0.0,0,467.37
5354,0,0.02,0,84.45
5355,0,0.0,0,102.15
5356,0,0.01,0,747.12
5357,0,0.0,0,26.2
5358,0,0.04,0,111.32
5359,0,0.0,0,32.43
5360,0,0.0,0,50.65
5361,0,0.0,0,161.55
5362,0,0.01,0,609.29
5363,0,0.0,0,42.42
5364,0,0.0,0,138.26
5365,0,0.0,0,36.75
5366,0,0.0,0,122.06
5367,0,0.0,0,27.03
5368,0,0.01,0,8.9
5369,1,0.74,1,121.54
5370,0,0.0,0,23.14
5371,1,0.65,1,183.39
5372,0,0.01,0,54.3
5373,0,0.0,0,35.63
5374,0,0.0,0,250.51
5375,0,0.03,0,84.43
5376,0,0.01,0,20.17
5377,0,0.0,0,26.2
5378,0,0.01,0,169.47
5379,0,0.01,0,233.21
5380,0,0.01,0,2581.63
5381,0,0.0,0,81.71
5382,0,0.0,0,18.22
5383,0,0.01,0,73.44
5384,0,0.0,0,23.55
5385,0,0.01,0,6.31
5386,0,0.0,0,62.89
5387,0,0.0,0,27.07
5388,0,0.04,0,163.18
5389,0,0.01,0,57.88
5390,1,0.68,1,28.05
5391,0,0.0,0,1.0
5392,0,0.01,0,35.75
5393,0,0.0,0,1090.6
5394,0,0.02,0,77.12
5395,0,0.0,0,221.8
5396,0,0.0,0,38.83
5397,0,0.0,0,82.68
5398,0,0.05,0,35.78
5399,0,0.0,0,80.21
5400,0,0.04,0,151.46
5401,0,0.0,0,113.35
5402,0,0.0,0,100.2
5403,0,0.0,0,45.59
5404,0,0.02,0,140.19
5405,0,0.0,0,53.32
5406,0,0.0,0,44.76
5407,0,0.0,0,92.04
5408,0,0.0,0,219.65
5409,0,0.01,0,23.07
5410,0,0.0,0,158.47
5411,0,0.02,0,15.47
5412,0,0.0,0,10.51
5413,0,0.0,0,45.25
5414,0,0.0,0,182.77
5415,0,0.0,0,48.32
5416,0,0.0,0,527.41
5417,0,0.02,0,19.18
5418,0,0.0,0,58.87
5419,0,0.0,0,71.62
5420,0,0.0,0,407.3
5421,0,0.0,0,218.39
5422,0,0.0,0,17.24
5423,0,0.0,0,199.62
5424,0,0.01,0,12.82
5425,0,0.0,0,11.51
5426,0,0.01,0,20.34
5427,0,0.02,0,68.01
5428,0,0.0,0,28.48
5429,0,0.0,0,28.93
5430,0,0.0,0,83.99
5431,0,0.0,0,71.11
5432,0,0.0,0,112.66
5433,0,0.0,0,31.6
5434,0,0.0,0,59.02
5435,0,0.0,0,51.45
5436,1,0.7,1,17.46
5437,0,0.0,0,449.92
5438,0,0.02,0,31.21
5439,0,0.02,0,1.15
5440,0,0.0,0,19.8
5441,0,0.0,0,104.86
5442,0,0.04,0,11.47
5443,0,0.0,0,194.16
5444,0,0.0,0,36.85
5445,0,0.0,0,28.0
5446,0,0.0,0,78.26
5447,0,0.0,0,40.54
5448,0,0.01,0,14.64
5449,0,0.03,0,8.77
5450,0,0.01,0,82.1
5451,0,0.0,0,27.94
5452,0,0.0,0,66.04
5453,0,0.0,0,76.15
5454,0,0.0,0,25.8
5455,0,0.0,0,91.46
5456,0,0.0,0,11.51
5457,0,0.0,0,119.94
5458,0,0.0,0,15.74
5459,0,0.0,0,2.38
5460,0,0.01,0,118.48
5461,0,0.0,0,266.78
5462,0,0.0,0,171.0
5463,0,0.0,0,615.71
5464,0,0.01,0,489.49
5465,0,0.05,0,404.53
5466,0,0.0,0,335.97
5467,0,0.03,0,26.52
5468,0,0.0,0,32.16
5469,0,0.01,0,20.79
5470,0,0.0,0,61.25
5471,0,0.02,0,392.25
5472,0,0.02,0,77.61
5473,0,0.0,0,26.17
5474,0,0.0,0,22.44
5475,0,0.0,0,210.5
5476,0,0.0,0,309.3
5477,0,0.03,0,53.35
5478,0,0.0,0,86.51
5479,0,0.0,0,538.52
5480,0,0.0,0,30.37
5481,0,0.0,0,141.18
5482,0,0.12,0,44.0
5483,0,0.0,0,18.3
5484,0,0.0,0,30.03
5485,0,0.0,0,26.48
5486,0,0.0,0,42.65
5487,0,0.0,0,71.47
5488,0,0.0,0,297.28
5489,0,0.01,0,48.65
5490,0,0.0,0,19.33
5491,0,0.0,0,10.32
5492,0,0.0,0,203.68
5493,0,0.01,0,43.65
5494,0,0.0,0,102.63
5495,0,0.0,0,93.34
5496,0,0.0,0,20.99
5497,0,0.0,0,1544.44
5498,0,0.0,0,246.84
5499,0,0.0,0,74.68
5500,0,0.0,0,318.38
5501,0,0.0,0,74.59
5502,0,0.0,0,1909.63
5503,0,0.0,0,94.16
5504,0,0.01,0,9.66
5505,0,0.0,0,83.35
5506,0,0.01,0,116.69
5507,0,0.0,0,30.17
5508,0,0.0,0,97.87
5509,0,0.01,0,43.55
5510,0,0.0,0,25.95
5511,0,0.0,0,17.61
5512,0,0.02,0,54.48
5513,0,0.0,0,33.9
5514,0,0.02,0,31.0
5515,0,0.0,0,69.28
5516,0,0.0,0,20.58
5517,0,0.0,0,233.92
5518,0,0.0,0,26.97
5519,0,0.0,0,76.98
5520,0,0.01,0,20.86
5521,0,0.0,0,112.49
5522,0,0.0,0,349.63
5523,0,0.02,0,189.14
5524,0,0.0,0,53.81
5525,0,0.05,0,9.85
5526,0,0.0,0,202.91
5527,0,0.0,0,19.14
5528,0,0.0,0,28.04
5529,0,0.03,0,408.82
5530,0,0.0,0,26.9
5531,0,0.0,0,299.47
5532,0,0.0,0,6.39
5533,0,0.0,0,29.04
5534,0,0.01,0,439.76
5535,0,0.0,0,184.2
5536,0,0.0,0,327.44
5537,0,0.0,0,159.91
5538,0,0.0,0,198.52
5539,0,0.0,0,280.04
5540,0,0.0,0,127.99
5541,0,0.06,0,18.41
5542,0,0.0,0,63.82
5543,0,0.0,0,52.03
5544,0,0.0,0,53.66
5545,0,0.0,0,32.79
5546,0,0.01,0,42.91
5547,0,0.0,0,20.76
5548,0,0.0,0,192.84
5549,0,0.0,0,150.12
5550,0,0.01,0,11.51
5551,0,0.0,0,64.41
5552,0,0.0,0,123.24
5553,0,0.01,0,66.01
5554,0,0.0,0,20.33
5555,0,0.0,0,61.58
5556,0,0.01,0,601.36
5557,0,0.04,0,43.51
5558,0,0.0,0,32.12
5559,0,0.0,0,52.79
5560,0,0.0,0,36.02
5561,0,0.0,0,822.67
5562,0,0.0,0,100.54
5563,0,0.01,0,520.22
5564,0,0.04,0,254.38
5565,0,0.0,0,49.82
5566,0,0.0,0,65.79
5567,0,0.03,0,297.99
5568,0,0.0,0,212.57
5569,0,0.0,0,43.43
5570,0,0.0,0,272.6
5571,0,0.0,0,139.64
5572,0,0.0,0,11.55
5573,0,0.0,0,97.42
5574,0,0.01,0,33.11
5575,0,0.0,0,238.32
5576,0,0.0,0,49.44
5577,0,0.0,0,7.15
5578,0,0.0,0,296.41
5579,0,0.0,0,19.82
5580,1,0.71,1,61.31
5581,0,0.0,0,32.33
5582,0,0.0,0,280.52
5583,0,0.0,0,146.46
5584,0,0.0,0,4.26
5585,0,0.0,0,43.75
5586,0,0.0,0,34.72
5587,1,0.68,1,86.71
5588,0,0.0,0,143.58
5589,0,0.01,0,154.75
5590,0,0.01,0,335.67
5591,0,0.0,0,13.15
5592,0,0.0,0,16.79
5593,0,0.0,0,62.21
5594,0,0.0,0,10.29
5595,0,0.01,0,26.84
5596,0,0.0,0,19.5
5597,0,0.03,0,55.62
5598,0,0.0,0,71.83
5599,0,0.0,0,1880.35
5600,0,0.01,0,14.24
5601,0,0.0,0,28.94
5602,0,0.0,0,54.54
5603,0,0.0,0,39.6
5604,0,0.0,0,470.75
5605,0,0.0,0,97.34
5606,0,0.0,0,228.34
5607,0,0.0,0,59.24
5608,0,0.01,0,161.53
5609,0,0.0,0,2.85
5610,0,0.0,0,90.14
5611,0,0.0,0,43.95
5612,0,0.0,0,54.92
5613,0,0.0,0,38.73
5614,0,0.02,0,15.16
5615,0,0.0,0,187.44
5616,0,0.0,0,26.36
5617,0,0.0,0,72.25
5618,0,0.01,0,15.76
5619,0,0.01,0,213.54
5620,0,0.0,0,57.51
5621,0,0.0,0,33.28
5622,0,0.01,0,79.53
5623,0,0.08,0,9.25
5624,0,0.0,0,87.63
5625,0,0.0,0,26.78
5626,0,0.0,0,24.84
5627,0,0.0,0,62.07
5628,0,0.0,0,79.89
5629,0,0.0,0,60.77
5630,0,0.0,0,123.81
5631,0,0.0,0,164.56
5632,0,0.0,0,51.13
5633,0,0.0,0,52.64
5634,0,0.0,0,218.35
5635,0,0.0,0,9.98
5636,0,0.0,0,31.02
5637,0,0.0,0,14.2
5638,0,0.01,0,59.56
5639,0,0.0,0,20.32
5640,0,0.0,0,45.41
5641,0,0.0,0,110.99
5642,0,0.0,0,16.62
5643,0,0.0,0,33.4
5644,0,0.0,0,38.26
5645,0,0.0,0,112.13
5646,0,0.01,0,10.15
5647,0,0.0,0,47.98
5648,0,0.03,0,6.99
5649,0,0.0,0,241.35
5650,1,0.73,1,17.47
5651,0,0.0,0,25.6
5652,0,0.0,0,227.28
5653,0,0.0,0,197.14
5654,0,0.0,0,78.2
5655,0,0.0,0,11.23
5656,0,0.0,0,17.13
5657,0,0.0,0,196.86
5658,0,0.0,0,94.48
5659,0,0.01,0,3.31
5660,0,0.01,0,138.05
5661,0,0.02,0,118.29
5662,0,0.01,0,362.23
5663,0,0.0,0,20.69
5664,0,0.0,0,684.8
5665,0,0.0,0,4.88
5666,0,0.0,0,32.21
5667,0,0.01,0,87.24
5668,0,0.0,0,105.36
5669,0,0.0,0,42.4
5670,0,0.03,0,155.12
5671,0,0.0,0,164.45
5672,0,0.0,0,23.82
5673,0,0.0,0,39.7
5674,1,0.66,1,208.55
5675,0,0.01,0,140.72
5676,0,0.0,0,37.56
5677,0,0.03,0,40.38
5678,0,0.01,0,58.89
5679,0,0.0,0,141.51
5680,0,0.0,0,70.12
5681,0,0.0,0,39.15
5682,0,0.0,0,10.84
5683,0,0.0,0,49.44
5684,0,0.01,0,12.09
5685,0,0.0,0,51.9
5686,0,0.0,0,97.24
5687,0,0.05,0,24.55
5688,0,0.0,0,94.69
5689,0,0.07,0,517.78
5690,0,0.0,0,3.73
5691,0,0.0,0,49.14
5692,0,0.0,0,18.32
5693,0,0.0,0,24.25
5694,0,0.0,0,50.91
5695,0,0.0,0,502.78
5696,0,0.01,0,52.19
5697,0,0.01,0,182.95
5698,0,0.01,0,144.73
5699,0,0.01,0,570.28
5700,1,0.64,1,49.71
5701,0,0.0,0,13.78
5702,0,0.0,0,297.41
5703,0,0.04,0,12.12
5704,0,0.0,0,30.11
5705,0,0.0,0,30.79
5706,0,0.0,0,35.95
5707,0,0.0,0,340.94
5708,0,0.0,0,65.96
5709,0,0.0,0,276.16
5710,0,0.03,0,197.38
5711,0,0.01,0,225.6
5712,0,0.0,0,89.26
5713,0,0.0,0,33.47
5714,0,0.0,0,2018.97
5715,0,0.0,0,49.79
5716,0,0.0,0,66.85
5717,0,0.0,0,45.51
5718,0,0.0,0,186.81
5719,0,0.0,0,21.95
5720,0,0.0,0,357.25
5721,0,0.0,0,24.12
5722,0,0.0,0,23.67
5723,0,0.0,0,21.29
5724,0,0.0,0,240.65
5725,0,0.0,0,176.87
5726,0,0.0,0,39.99
5727,0,0.0,0,21.06
5728,0,0.0,0,84.89
5729,0,0.01,0,51.94
5730,0,0.0,0,60.85
5731,0,0.0,0,32.67
5732,0,0.0,0,37.53
5733,0,0.01,0,148.46
5734,0,0.0,0,5.84
5735,0,0.01,0,26.97
5736,0,0.01,0,371.77
5737,0,0.01,0,4.41
5738,0,0.0,0,8.22
5739,0,0.0,0,26.63
5740,0,0.01,0,7.16
5741,0,0.0,0,55.59
5742,0,0.03,0,1018.21
5743,1,0.66,1,49.35
5744,0,0.0,0,500.97
5745,0,0.0,0,893.24
5746,0,0.0,0,823.14
5747,0,0.01,0,346.48
5748,0,0.07,0,78.46
5749,0,0.0,0,42.59
5750,0,0.0,0,1899.58
5751,0,0.03,0,210.54
5752,0,0.01,0,262.58
5753,0,0.0,0,4.89
5754,0,0.0,0,100.59
5755,0,0.0,0,80.72
5756,0,0.0,0,28.89
5757,0,0.0,0,283.26
5758,0,0.0,0,17.34
5759,0,0.0,0,23.76
5760,0,0.0,0,37.95
5761,0,0.01,0,66.44
5762,0,0.0,0,83.97
5763,0,0.0,0,225.12
5764,0,0.02,0,463.2
5765,0,0.01,0,63.15
5766,0,0.0,0,46.14
5767,0,0.02,0,47.96
5768,0,0.0,0,90.41
5769,0,0.02,0,16.31
5770,0,0.0,0,226.01
5771,0,0.02,0,45.14
5772,0,0.03,0,33.8
5773,0,0.0,0,338.06
5774,0,0.0,0,102.7
5775,0,0.0,0,121.58
5776,0,0.01,0,91.05
5777,0,0.0,0,347.38
5778,0,0.0,0,44.98
5779,0,0.0,0,33.65
5780,0,0.0,0,47.41
5781,0,0.03,0,7.35
5782,0,0.0,0,43.09
5783,0,0.03,0,9.41
5784,0,0.0,0,71.82
5785,0,0.0,0,231.45
5786,0,0.0,0,19.44
5787,0,0.0,0,102.8
5788,0,0.0,0,132.97
5789,0,0.03,0,1267.44
5790,0,0.0,0,19.82
5791,0,0.02,0,21.68
5792,0,0.0,0,28.85
5793,0,0.0,0,128.97
5794,0,0.01,0,2.95
5795,0,0.0,0,254.83
5796,0,0.01,0,123.36
5797,0,0.0,0,10.57
5798,0,0.0,0,48.3
5799,0,0.0,0,88.77
5800,0,0.03,0,123.63
5801,0,0.01,0,18.43
5802,0,0.01,0,31.96
5803,0,0.0,0,446.27
5804,1,0.72,1,60.62
5805,0,0.0,0,24.12
5806,0,0.01,0,131.67
5807,0,0.0,0,32.94
5808,0,0.0,0,76.99
5809,0,0.03,0,1279.49
5810,0,0.02,0,85.66
5811,0,0.04,0,40.96
5812,0,0.01,0,212.91
5813,0,0.01,0,911.21
5814,0,0.0,0,7.15
5815,0,0.04,0,48.26
5816,0,0.0,0,114.1
5817,0,0.03,0,31.95
5818,0,0.0,0,234.99
5819,0,0.0,0,4.43
5820,0,0.0,0,51.9
5821,0,0.02,0,779.09
5822,0,0.0,0,13.39
5823,1,0.7,1,18.06
5824,0,0.0,0,69.47
5825,0,0.02,0,31.75
5826,0,0.0,0,22.08
5827,0,0.01,0,141.69
5828,0,0.0,0,157.43
5829,0,0.0,0,68.1
5830,0,0.03,0,44.36
5831,0,0.01,0,15.37
5832,0,0.02,0,471.98
5833,0,0.01,0,18.23
5834,0,0.0,0,22.41
5835,0,0.0,0,52.31
5836,0,0.03,0,9.94
5837,0,0.0,0,199.01
5838,0,0.0,0,226.09
5839,0,0.01,0,71.58
5840,0,0.0,0,156.86
5841,0,0.0,0,191.83
5842,0,0.01,0,10.07
5843,0,0.01,0,5.81
5844,0,0.0,0,39.86
5845,0,0.01,0,15.18
5846,0,0.0,0,94.87
5847,0,0.0,0,91.02
5848,1,0.81,1,314.32
5849,0,0.0,0,7.37
5850,0,0.0,0,17.02
5851,0,0.0,0,9.64
5852,0,0.0,0,121.28
5853,0,0.0,0,1308.19
5854,0,0.0,0,3.72
5855,0,0.0,0,14.25
5856,0,0.0,0,266.31
5857,0,0.0,0,71.74
5858,0,0.0,0,69.05
5859,0,0.0,0,197.59
5860,0,0.0,0,214.55
5861,0,0.0,0,26.36
5862,0,0.0,0,38.92
5863,0,0.0,0,220.22
5864,0,0.0,0,205.8
5865,0,0.03,0,23.32
5866,0,0.0,0,88.64
5867,0,0.0,0,181.33
5868,0,0.0,0,7.02
5869,0,0.0,0,22.09
5870,0,0.0,0,26.58
5871,0,0.0,0,71.79
5872,0,0.0,0,20.19
5873,0,0.0,0,675.99
5874,0,0.0,0,77.42
5875,0,0.0,0,19.19
5876,0,0.0,0,56.24
5877,0,0.0,0,257.34
5878,0,0.0,0,18.64
5879,0,0.0,0,55.81
5880,0,0.03,0,645.77
5881,0,0.0,0,70.63
5882,0,0.0,0,217.94
5883,0,0.0,0,38.28
5884,0,0.0,0,119.95
5885,0,0.0,0,176.09
5886,0,0.01,0,87.37
5887,0,0.0,0,15.86
5888,0,0.0,0,214.0
5889,0,0.0,0,35.64
5890,0,0.0,0,29.92
5891,0,0.0,0,459.74
5892,0,0.02,0,46.5
5893,0,0.0,0,481.12
5894,0,0.0,0,58.46
5895,0,0.0,0,16.42
5896,0,0.0,0,489.87
5897,0,0.0,0,231.11
5898,0,0.0,0,99.08
5899,0,0.0,0,68.38
5900,0,0.04,0,321.96
5901,0,0.02,0,30.16
5902,0,0.0,0,37.96
5903,0,0.0,0,57.81
5904,0,0.03,0,8.88
5905,0,0.0,0,52.7
5906,0,0.0,0,20.83
5907,0,0.05,0,89.06
5908,0,0.01,0,248.11
5909,0,0.0,0,50.62
5910,0,0.0,0,26.8
5911,0,0.0,0,141.6
5912,0,0.01,0,580.24
5913,0,0.01,0,10.15
5914,0,0.0,0,9.67
5915,0,0.0,0,636.23
5916,0,0.0,0,33.77
5917,0,0.0,0,57.88
5918,0,0.02,0,79.08
5919,0,0.0,0,153.33
5920,0,0.0,0,204.75
5921,0,0.0,0,191.85
5922,0,0.0,0,41.92
5923,0,0.01,0,38.33
5924,0,0.0,0,19.2
5925,0,0.0,0,41.56
5926,0,0.0,0,41.89
5927,0,0.0,0,20.7
5928,0,0.03,0,414.51
5929,0,0.02,0,185.39
5930,0,0.02,0,24.24
5931,0,0.0,0,53.16
5932,0,0.0,0,242.42
5933,0,0.0,0,11.18
5934,0,0.0,0,766.26
5935,0,0.0,0,103.57
5936,0,0.01,0,800.69
5937,0,0.0,0,59.03
5938,0,0.0,0,7.51
5939,0,0.05,0,57.28
5940,0,0.0,0,62.55
5941,0,0.0,0,30.2
5942,0,0.0,0,24.4
5943,0,0.02,0,178.8
5944,0,0.0,0,29.62
5945,0,0.0,0,9.19
5946,0,0.04,0,73.82
5947,0,0.0,0,118.9
5948,0,0.01,0,24.72
5949,0,0.03,0,67.05
5950,0,0.02,0,193.7
5951,0,0.0,0,51.38
5952,0,0.06,0,16.99
5953,0,0.0,0,94.65
5954,0,0.0,0,75.87
5955,0,0.02,0,271.25
5956,0,0.0,0,38.71
5957,0,0.0,0,130.3
5958,0,0.0,0,102.91
5959,0,0.01,0,64.12
5960,0,0.02,0,421.43
5961,0,0.0,0,57.35
5962,0,0.03,0,523.9
5963,0,0.0,0,74.28
5964,0,0.01,0,32.17
5965,0,0.0,0,14.55
5966,0,0.01,0,15.03
5967,0,0.0,0,74.67
5968,0,0.0,0,37.88
5969,0,0.0,0,135.77
5970,0,0.0,0,151.73
5971,0,0.04,0,104.11
5972,0,0.0,0,108.8
5973,0,0.0,0,40.23
5974,0,0.02,0,33.49
5975,0,0.0,0,786.38
5976,0,0.0,0,63.77
5977,0,0.0,0,89.35
5978,0,0.0,0,95.72
5979,0,0.02,0,46.4
5980,0,0.0,0,99.25
5981,0,0.0,0,655.93
5982,0,0.0,0,30.88
5983,0,0.0,0,522.74
5984,0,0.09,0,214.36
5985,0,0.0,0,777.2
5986,0,0.0,0,152.97
5987,0,0.0,0,13.4
5988,0,0.0,0,712.54
5989,0,0.0,0,64.28
5990,0,0.0,0,167.15
5991,0,0.0,0,116.11
5992,0,0.0,0,72.87
5993,0,0.05,0,57.51
5994,0,0.0,0,158.78
5995,0,0.0,0,88.29
5996,0,0.0,0,69.79
5997,0,0.0,0,22.02
5998,0,0.0,0,81.4
5999,0,0.0,0,25.82
6000,0,0.01,0,105.38
6001,0,0.0,0,216.86
6002,0,0.0,0,17.01
6003,0,0.0,0,29.02
6004,0,0.01,0,196.4
6005,0,0.0,0,183.59
6006,0,0.01,0,51.47
6007,0,0.0,0,16.38
6008,0,0.0,0,118.42
6009,0,0.03,0,78.44
6010,0,0.0,0,37.51
6011,0,0.0,0,157.29
6012,0,0.02,0,726.0
6013,0,0.0,0,56.5
6014,0,0.0,0,15.48
6015,0,0.0,0,10.74
6016,0,0.0,0,43.25
6017,0,0.0,0,32.26
6018,0,0.0,0,5.39
6019,0,0.0,0,252.23
6020,0,0.0,0,76.65
6021,0,0.02,0,472.99
6022,0,0.0,0,12.92
6023,0,0.0,0,5.4
6024,0,0.0,0,263.72
6025,0,0.0,0,82.89
6026,0,0.0,0,27.63
6027,0,0.0,0,79.8
6028,0,0.0,0,21.63
6029,0,0.01,0,48.06
6030,0,0.0,0,5.04
6031,0,0.01,0,138.24
6032,0,0.0,0,43.84
6033,0,0.01,0,67.56
6034,0,0.0,0,108.86
6035,0,0.0,0,63.53
6036,0,0.0,0,167.18
6037,0,0.03,0,801.76
6038,0,0.01,0,43.22
6039,0,0.0,0,45.97
6040,0,0.0,0,18.23
6041,0,0.0,0,4.6
6042,0,0.0,0,28.42
6043,0,0.0,0,604.79
6044,0,0.0,0,28.79
6045,0,0.01,0,16.17
6046,0,0.0,0,152.45
6047,0,0.0,0,22.33
6048,0,0.02,0,13.53
6049,0,0.0,0,15.3
6050,0,0.02,0,60.93
6051,0,0.0,0,25.29
6052,0,0.0,0,338.66
6053,0,0.0,0,84.93
6054,0,0.0,0,83.15
6055,0,0.0,0,214.94
6056,0,0.0,0,115.87
6057,0,0.0,0,69.07
6058,0,0.01,0,232.59
6059,0,0.05,0,3541.29
6060,0,0.0,0,63.53
6061,0,0.0,0,37.75
6062,0,0.01,0,348.52
6063,0,0.02,0,54.57
6064,0,0.0,0,11.48
6065,0,0.01,0,94.65
6066,0,0.0,0,32.13
6067,0,0.0,0,27.69
6068,0,0.0,0,260.43
6069,0,0.0,0,325.53
6070,0,0.01,0,18.51
6071,0,0.0,0,52.28
6072,0,0.0,0,8.06
6073,0,0.0,0,33.3
6074,0,0.07,0,259.02
6075,0,0.0,0,52.27
6076,0,0.0,0,28.41
6077,0,0.0,0,49.0
6078,0,0.0,0,63.48
6079,0,0.0,0,78.37
6080,0,0.0,0,5.67
6081,0,0.0,0,52.0
6082,0,0.0,0,12.57
6083,0,0.0,0,29.46
6084,0,0.0,0,31.43
6085,0,0.0,0,11.05
6086,0,0.0,0,124.91
6087,0,0.0,0,39.47
6088,0,0.0,0,13.33
6089,0,0.0,0,63.44
6090,0,0.0,0,42.22
6091,1,0.68,1,320.47
6092,0,0.0,0,22.15
6093,0,0.01,0,42.28
6094,0,0.0,0,89.96
6095,0,0.0,0,11.92
6096,0,0.0,0,71.91
6097,0,0.0,0,72.48
6098,0,0.01,0,163.31
6099,0,0.0,0,47.95
6100,0,0.0,0,10.28
6101,0,0.01,0,85.33
6102,0,0.0,0,90.62
6103,0,0.0,0,51.51
6104,0,0.03,0,152.85
6105,0,0.0,0,107.43
6106,0,0.0,0,26.42
6107,0,0.0,0,571.24
6108,0,0.03,0,157.27
6109,0,0.0,0,59.59
6110,0,0.0,0,78.93
6111,0,0.0,0,52.7
6112,0,0.0,0,139.18
6113,0,0.0,0,19.46
6114,0,0.0,0,239.37
6115,0,0.02,0,110.89
6116,0,0.0,0,114.31
6117,0,0.0,0,37.03
6118,0,0.03,0,46.8
6119,0,0.0,0,38.32
6120,0,0.02,0,18.23
6121,0,0.01,0,489.86
6122,0,0.0,0,79.5
6123,0,0.01,0,59.13
6124,0,0.01,0,34.89
6125,0,0.0,0,127.28
6126,0,0.0,0,25.39
6127,0,0.01,0,48.43
6128,0,0.0,0,54.96
6129,0,0.02,0,70.8
6130,0,0.01,0,28.77
6131,0,0.0,0,56.62
6132,0,0.0,0,28.61
6133,0,0.0,0,35.98
6134,0,0.0,0,36.19
6135,0,0.0,0,9.48
6136,0,0.0,0,11.45
6137,0,0.0,0,34.99
6138,1,0.58,1,43.64
6139,0,0.0,0,49.4
6140,0,0.0,0,97.03
6141,0,0.0,0,40.12
6142,0,0.0,0,125.13
6143,0,0.0,0,118.51
6144,0,0.0,0,228.09
6145,0,0.0,0,324.38
6146,0,0.01,0,209.75
6147,0,0.0,0,39.48
6148,0,0.01,0,138.53
6149,0,0.0,0,14.68
6150,0,0.01,0,23.21
6151,0,0.0,0,24.63
6152,0,0.01,0,667.25
6153,0,0.0,0,27.23
6154,0,0.0,0,280.26
6155,0,0.03,0,32.2
6156,0,0.0,0,136.3
6157,0,0.0,0,45.27
6158,0,0.0,0,224.93
6159,0,0.0,0,210.3
6160,0,0.0,0,91.99
6161,0,0.01,0,31.76
6162,0,0.01,0,74.27
6163,0,0.05,0,215.22
6164,0,0.0,0,44.56
6165,0,0.0,0,33.01
6166,0,0.0,0,29.06
6167,0,0.0,0,46.74
6168,0,0.0,0,37.58
6169,0,0.0,0,24.34
6170,0,0.01,0,190.31
6171,0,0.0,0,28.97
6172,0,0.0,0,93.58
6173,0,0.0,0,102.17
6174,0,0.01,0,26.94
6175,0,0.0,0,15.49
6176,0,0.0,0,42.36
6177,0,0.0,0,15.17
6178,0,0.0,0,13.33
6179,0,0.01,0,136.13
6180,0,0.0,0,17.39
6181,0,0.06,0,14.49
6182,0,0.0,0,243.62
6183,0,0.0,0,402.89
6184,0,0.0,0,68.34
6185,0,0.0,0,6.7
6186,0,0.0,0,25.64
6187,0,0.0,0,41.29
6188,0,0.0,0,40.11
6189,0,0.01,0,153.12
6190,0,0.0,0,91.64
6191,0,0.02,0,54.36
6192,0,0.0,0,44.76
6193,0,0.0,0,46.78
6194,0,0.0,0,35.18
6195,0,0.01,0,127.98
6196,0,0.0,0,10.31
6197,0,0.0,0,109.1
6198,0,0.0,0,63.96
6199,0,0.02,0,90.0
6200,0,0.0,0,179.39
6201,0,0.0,0,91.22
6202,0,0.0,0,38.66
6203,0,0.0,0,15.26
6204,0,0.0,0,21.33
6205,0,0.01,0,101.8
6206,0,0.0,0,49.72
6207,0,0.0,0,76.66
6208,0,0.0,0,59.45
6209,0,0.0,0,6.1
6210,0,0.0,0,33.1
6211,0,0.0,0,21.54
6212,0,0.01,0,43.47
6213,0,0.0,0,20.85
6214,0,0.0,0,7.06
6215,0,0.02,0,484.32
6216,0,0.0,0,68.71
6217,0,0.0,0,57.92
6218,0,0.01,0,372.89
6219,0,0.0,0,102.13
6220,0,0.0,0,32.84
6221,0,0.0,0,6.48
6222,0,0.0,0,34.22
6223,0,0.0,0,75.58
6224,1,0.68,1,149.22
6225,0,0.0,0,97.3
6226,0,0.0,0,23.39
6227,0,0.0,0,342.42
6228,0,0.0,0,16.08
6229,0,0.0,0,59.34
6230,0,0.0,0,9.74
6231,1,0.77,1,83.22
6232,0,0.0,0,407.53
6233,1,0.72,1,82.94
6234,0,0.0,0,6.52
6235,0,0.0,0,45.13
6236,0,0.01,0,48.33
6237,0,0.0,0,97.76
6238,0,0.0,0,126.66
6239,0,0.0,0,268.67
6240,0,0.0,0,95.13
6241,0,0.0,0,46.26
6242,0,0.0,0,29.04
6243,0,0.0,0,22.98
6244,0,0.0,0,62.04
6245,0,0.0,0,357.45
6246,0,0.0,0,725.28
6247,0,0.0,0,7.79
6248,0,0.0,0,24.45
6249,0,0.01,0,13.26
6250,0,0.0,0,52.15
6251,0,0.0,0,125.19
6252,0,0.0,0,53.11
6253,0,0.0,0,374.14
6254,0,0.05,0,18.63
6255,0,0.0,0,156.8
6256,0,0.0,0,327.11
6257,0,0.0,0,293.22
6258,0,0.0,0,16.56
6259,0,0.0,0,23.55
6260,0,0.01,0,26.17
6261,0,0.01,0,61.47
6262,0,0.0,0,26.25
6263,0,0.0,0,49.32
6264,0,0.0,0,144.53
6265,0,0.0,0,100.38
6266,0,0.03,0,41.92
6267,0,0.0,0,28.47
6268,0,0.0,0,77.62
6269,0,0.0,0,174.15
6270,0,0.0,0,11.67
6271,0,0.0,0,57.58
6272,0,0.0,0,17.89
6273,0,0.0,0,372.77
6274,0,0.01,0,161.59
6275,0,0.02,0,41.9
6276,0,0.0,0,3.61
6277,0,0.0,0,46.59
6278,0,0.0,0,10.76
6279,0,0.01,0,51.6
6280,0,0.0,0,58.18
6281,0,0.0,0,33.36
6282,0,0.0,0,44.12
6283,0,0.0,0,47.96
6284,0,0.0,0,34.35
6285,0,0.0,0,426.14
6286,0,0.0,0,16.11
6287,0,0.01,0,24.75
6288,0,0.0,0,19.21
6289,0,0.0,0,156.59
6290,0,0.0,0,98.33
6291,0,0.0,0,27.18
6292,0,0.01,0,36.97
6293,0,0.01,0,7.46
6294,0,0.0,0,113.97
6295,0,0.0,0,107.33
6296,0,0.0,0,98.08
6297,0,0.0,0,37.38
6298,0,0.0,0,22.98
6299,0,0.0,0,35.12
6300,0,0.0,0,9.13
6301,0,0.0,0,78.38
6302,0,0.0,0,41.06
6303,0,0.0,0,50.61
6304,0,0.02,0,8.82
6305,0,0.0,0,272.72
6306,0,0.0,0,78.47
6307,0,0.0,0,34.37
6308,0,0.0,0,22.25
6309,0,0.0,0,10.2
6310,0,0.01,0,15.08
6311,0,0.0,0,105.01
6312,0,0.0,0,50.61
6313,0,0.0,0,49.56
6314,0,0.0,0,24.44
6315,0,0.0,0,38.38
6316,0,0.0,0,2.69
6317,0,0.0,0,35.34
6318,0,0.0,0,209.41
6319,0,0.0,0,34.95
6320,0,0.0,0,4.49
6321,0,0.0,0,172.47
6322,0,0.01,0,8.44
6323,0,0.0,0,19.47
6324,0,0.02,0,14.2
6325,1,0.61,1,44.29
6326,0,0.08,0,146.07
6327,0,0.01,0,1066.19
6328,0,0.0,0,151.58
6329,0,0.0,0,14.51
6330,0,0.0,0,69.68
6331,0,0.0,0,621.26
6332,0,0.0,0,35.41
6333,0,0.0,0,6.01
6334,0,0.0,0,15.45
6335,0,0.0,0,114.03
6336,0,0.0,0,92.39
6337,0,0.02,0,5.4
6338,0,0.0,0,10.73
6339,0,0.0,0,127.49
6340,0,0.03,0,41.34
6341,0,0.0,0,45.57
6342,0,0.0,0,57.35
6343,0,0.0,0,21.79
6344,0,0.01,0,16.66
6345,0,0.0,0,13.58
6346,0,0.0,0,137.72
6347,0,0.0,0,7.56
6348,0,0.01,0,44.85
6349,0,0.0,0,31.66
6350,0,0.0,0,840.71
6351,0,0.03,0,1276.25
6352,0,0.0,0,14.16
6353,0,0.0,0,80.28
6354,0,0.0,0,360.46
6355,0,0.0,0,41.79
6356,0,0.0,0,52.74
6357,0,0.0,0,83.34
6358,0,0.0,0,89.99
6359,0,0.0,0,62.33
6360,0,0.01,0,22.4
6361,1,0.62,1,14.02
6362,0,0.0,0,156.03
6363,0,0.0,0,136.79
6364,0,0.0,0,51.05
6365,0,0.01,0,30.7
6366,0,0.01,0,22.74
6367,0,0.0,0,25.05
6368,0,0.01,0,9.83
6369,0,0.0,0,57.04
6370,0,0.0,0,34.2
6371,0,0.0,0,44.6
6372,0,0.0,0,39.64
6373,0,0.02,0,6.88
6374,0,0.02,0,18.43
6375,0,0.0,0,87.55
6376,0,0.02,0,211.66
6377,0,0.0,0,36.36
6378,0,0.0,0,54.56
6379,0,0.0,0,380.94
6380,0,0.0,0,98.28
6381,0,0.0,0,105.74
6382,0,0.01,0,177.21
6383,0,0.0,0,522.14
6384,0,0.0,0,18.06
6385,0,0.0,0,178.32
6386,0,0.0,0,177.41
6387,0,0.0,0,22.69
6388,0,0.04,0,14.13
6389,0,0.07,0,52.78
6390,0,0.0,0,341.37
6391,0,0.0,0,132.22
6392,0,0.0,0,71.58
6393,0,0.0,0,105.26
6394,0,0.0,0,10.3
6395,0,0.01,0,15.64
6396,0,0.0,0,160.68
6397,0,0.0,0,115.33
6398,0,0.03,0,103.59
6399,0,0.0,0,61.19
6400,0,0.0,0,248.65
6401,0,0.0,0,45.29
6402,0,0.02,0,157.32
6403,0,0.01,0,261.09
6404,0,0.0,0,409.34
6405,0,0.02,0,15.91
6406,0,0.0,0,136.84
6407,0,0.0,0,30.71
6408,0,0.0,0,22.65
6409,0,0.0,0,25.91
6410,0,0.0,0,71.3
6411,0,0.02,0,11.36
6412,0,0.0,0,25.99
6413,0,0.0,0,20.09
6414,0,0.0,0,20.89
6415,0,0.0,0,15.08
6416,0,0.0,0,214.37
6417,0,0.03,0,170.33
6418,0,0.0,0,25.26
6419,0,0.0,0,60.53
6420,0,0.0,0,23.65
6421,0,0.04,0,37.79
6422,0,0.0,0,21.05
6423,0,0.0,0,9.47
6424,0,0.0,0,104.52
6425,0,0.0,0,28.84
6426,0,0.0,0,1171.43
6427,0,0.01,0,26.75
6428,0,0.0,0,28.05
6429,0,0.02,0,164.62
6430,0,0.0,0,424.41
6431,0,0.02,0,46.65
6432,0,0.0,0,7.55
6433,0,0.01,0,50.63
6434,0,0.0,0,5.32
6435,0,0.0,0,501.94
6436,0,0.03,0,49.86
6437,0,0.0,0,85.92
6438,0,0.0,0,134.17
6439,0,0.0,0,5.99
6440,0,0.05,0,10.35
6441,0,0.0,0,695.97
6442,0,0.0,0,18.39
6443,0,0.0,0,212.74
6444,0,0.0,0,123.23
6445,0,0.0,0,48.53
6446,0,0.0,0,316.55
6447,0,0.01,0,208.43
6448,0,0.0,0,81.53
6449,0,0.0,0,65.83
6450,0,0.0,0,11.31
6451,0,0.03,0,18.32
6452,0,0.0,0,65.83
6453,0,0.0,0,263.35
6454,0,0.0,0,44.12
6455,0,0.02,0,23.86
6456,0,0.0,0,26.55
6457,0,0.0,0,35.01
6458,1,0.72,1,21.74
6459,0,0.0,0,174.68
6460,0,0.0,0,204.65
6461,0,0.0,0,106.16
6462,0,0.0,0,40.55
6463,0,0.0,0,47.25
6464,0,0.0,0,98.92
6465,0,0.0,0,206.46
6466,0,0.0,0,3.47
6467,0,0.0,0,18.33
6468,0,0.01,0,23.3
6469,0,0.03,0,238.91
6470,0,0.0,0,14.52
6471,0,0.0,0,74.7
6472,0,0.0,0,38.09
6473,0,0.0,0,258.52
6474,0,0.03,0,50.59
6475,0,0.0,0,15.58
6476,0,0.01,0,4.49
6477,0,0.0,0,39.4
6478,0,0.02,0,21.4
6479,0,0.0,0,143.92
6480,0,0.0,0,53.26
6481,0,0.0,0,498.2
6482,0,0.01,0,1271.75
6483,1,0.56,1,34.02
6484,0,0.0,0,177.81
6485,0,0.01,0,589.57
6486,0,0.0,0,76.97
6487,0,0.02,0,754.13
6488,0,0.0,0,9.85
6489,0,0.0,0,435.61
6490,0,0.01,0,402.0
6491,0,0.01,0,122.59
6492,0,0.01,0,24.2
6493,0,0.0,0,363.24
6494,0,0.01,0,657.77
6495,0,0.0,0,5.43
6496,0,0.0,0,50.42
6497,0,0.0,0,24.28
6498,0,0.0,0,9.22
6499,0,0.0,0,33.86
6500,0,0.0,0,33.2
6501,0,0.0,0,22.21
6502,0,0.0,0,101.42
6503,0,0.01,0,74.47
6504,0,0.0,0,45.48
6505,0,0.01,0,184.7
6506,0,0.01,0,23.98
6507,0,0.0,0,25.47
6508,0,0.0,0,94.49
6509,0,0.0,0,95.77
6510,0,0.0,0,55.9
6511,0,0.0,0,34.62
6512,0,0.02,0,165.61
6513,0,0.0,0,33.1
6514,0,0.0,0,27.2
6515,0,0.0,0,471.48
6516,0,0.0,0,67.19
6517,0,0.0,0,55.19
6518,0,0.0,0,14.85
6519,0,0.01,0,360.14
6520,0,0.0,0,169.1
6521,0,0.0,0,3.97
6522,0,0.0,0,129.79
6523,0,0.0,0,4.03
6524,0,0.01,0,373.73
6525,0,0.0,0,406.53
6526,0,0.0,0,111.13
6527,0,0.0,0,42.74
6528,0,0.0,0,91.44
6529,0,0.0,0,17.46
6530,0,0.02,0,57.9
6531,1,0.63,1,140.41
6532,0,0.02,0,71.21
6533,0,0.01,0,125.3
6534,0,0.0,0,43.71
6535,0,0.0,0,59.43
6536,0,0.01,0,68.58
6537,0,0.0,0,31.59
6538,0,0.0,0,13.17
6539,0,0.01,0,15.19
6540,0,0.0,0,51.8
6541,0,0.0,0,77.7
6542,0,0.0,0,81.16
6543,0,0.0,0,35.56
6544,0,0.0,0,12.23
6545,0,0.01,0,15.77
6546,0,0.0,0,35.22
6547,0,0.01,0,3054.95
6548,0,0.0,0,22.12
6549,0,0.02,0,7.83
6550,0,0.0,0,104.54
6551,0,0.01,0,123.99
6552,0,0.0,0,189.85
6553,0,0.04,0,190.78
6554,0,0.02,0,11.3
6555,0,0.0,0,175.45
6556,0,0.0,0,61.44
6557,0,0.0,0,42.44
6558,0,0.02,0,17.18
6559,0,0.0,0,92.4
6560,0,0.0,0,22.4
6561,0,0.01,0,431.97
6562,0,0.02,0,109.14
6563,0,0.03,0,30.11
6564,0,0.0,0,320.73
6565,0,0.0,0,34.97
6566,0,0.0,0,19.78
6567,0,0.0,0,2.54
6568,0,0.03,0,289.08
6569,0,0.0,0,11.68
6570,0,0.0,0,22.63
6571,0,0.0,0,11.79
6572,1,0.7,1,22.06
6573,0,0.0,0,167.7
6574,0,0.0,0,320.83
6575,0,0.0,0,167.32
6576,0,0.02,0,11.45
6577,0,0.06,0,6.99
6578,0,0.0,0,162.88
6579,0,0.0,0,55.05
6580,0,0.0,0,22.91
6581,0,0.0,0,83.85
6582,0,0.01,0,44.08
6583,0,0.0,0,22.34
6584,0,0.0,0,7.72
6585,0,0.0,0,38.14
6586,0,0.0,0,138.5
6587,0,0.0,0,12.28
6588,0,0.0,0,62.22
6589,0,0.0,0,14.32
6590,0,0.01,0,112.27
6591,0,0.0,0,5.49
6592,0,0.0,0,209.9
6593,0,0.0,0,32.51
6594,0,0.0,0,185.5
6595,0,0.0,0,413.45
6596,0,0.0,0,28.89
6597,0,0.0,0,400.89
6598,0,0.02,0,22.03
6599,0,0.0,0,18.21
6600,0,0.0,0,15.48
6601,0,0.0,0,66.29
6602,0,0.0,0,267.56
6603,0,0.01,0,61.62
6604,0,0.0,0,11.21
6605,0,0.05,0,222.88
6606,0,0.0,0,28.37
6607,0,0.0,0,1369.28
6608,0,0.01,0,405.1
6609,0,0.0,0,7.69
6610,0,0.0,0,37.54
6611,0,0.0,0,79.85
6612,0,0.0,0,115.36
6613,0,0.0,0,2751.99
6614,0,0.02,0,258.17
6615,0,0.0,0,23.56
6616,0,0.0,0,112.75
6617,0,0.01,0,64.15
6618,0,0.0,0,40.53
6619,0,0.03,0,266.4
6620,0,0.0,0,15.75
6621,0,0.07,0,4.6
6622,0,0.0,0,12.92
6623,0,0.08,0,441.65
6624,0,0.0,0,99.99
6625,0,0.0,0,136.68
6626,0,0.0,0,8.16
6627,0,0.0,0,1080.75
6628,0,0.0,0,45.97
6629,0,0.0,0,13.21
6630,0,0.0,0,305.07
6631,0,0.0,0,54.93
6632,0,0.05,0,178.41
6633,0,0.0,0,39.4
6634,0,0.0,0,318.05
6635,0,0.01,0,48.53
6636,0,0.05,0,16.83
6637,0,0.0,0,8.04
6638,0,0.0,0,20.94
6639,0,0.01,0,87.53
6640,0,0.0,0,32.44
6641,0,0.07,0,17.27
6642,0,0.0,0,52.0
6643,0,0.01,0,63.72
6644,0,0.0,0,157.67
6645,0,0.03,0,60.5
6646,0,0.0,0,66.4
6647,0,0.0,0,91.34
6648,0,0.0,0,33.97
6649,0,0.01,0,1518.58
6650,0,0.0,0,39.44
6651,0,0.02,0,25.93
6652,0,0.0,0,179.45
6653,0,0.0,0,209.23
6654,0,0.0,0,14.48
6655,0,0.0,0,99.0
6656,0,0.04,0,47.38
6657,0,0.03,0,25.67
6658,0,0.02,0,37.04
6659,0,0.01,0,41.81
6660,0,0.0,0,341.29
6661,0,0.0,0,824.44
6662,0,0.0,0,10.0
6663,0,0.0,0,174.46
6664,1,0.73,1,5.42
6665,0,0.0,0,75.79
6666,0,0.0,0,383.32
6667,0,0.02,0,375.61
6668,0,0.0,0,312.68
6669,0,0.0,0,3.16
6670,0,0.0,0,112.53
6671,0,0.0,0,70.46
6672,0,0.0,0,144.86
6673,0,0.03,0,7.82
6674,0,0.0,0,91.19
6675,0,0.0,0,50.17
6676,0,0.0,0,27.78
6677,0,0.0,0,43.21
6678,0,0.0,0,11.4
6679,0,0.0,0,185.57
6680,0,0.0,0,24.77
6681,0,0.0,0,27.21
6682,0,0.0,0,122.92
6683,0,0.05,0,38.28
6684,0,0.0,0,162.79
6685,0,0.0,0,57.46
6686,0,0.0,0,105.83
6687,0,0.0,0,192.24
6688,0,0.0,0,37.63
6689,0,0.0,0,20.88
6690,0,0.0,0,71.52
6691,0,0.0,0,1291.99
6692,0,0.01,0,234.18
6693,0,0.0,0,50.56
6694,0,0.0,0,106.92
6695,0,0.0,0,18.06
6696,0,0.0,0,4.22
6697,1,0.6,1,88.8
6698,0,0.0,0,31.22
6699,0,0.0,0,968.1
6700,0,0.0,0,115.61
6701,0,0.03,0,648.66
6702,0,0.02,0,81.16
6703,0,0.0,0,294.38
6704,1,0.62,1,157.12
6705,0,0.01,0,303.63
6706,0,0.0,0,92.13
6707,0,0.01,0,103.81
6708,0,0.0,0,14.95
6709,0,0.0,0,123.4
6710,0,0.0,0,209.85
6711,0,0.0,0,17.13
6712,0,0.0,0,19.95
6713,0,0.02,0,133.69
6714,0,0.0,0,274.5
6715,0,0.01,0,138.4
6716,0,0.0,0,16.72
6717,0,0.0,0,19.81
6718,0,0.0,0,366.88
6719,0,0.0,0,33.47
6720,0,0.01,0,64.98
6721,0,0.0,0,287.43
6722,0,0.04,0,180.2
6723,0,0.0,0,13.1
6724,0,0.0,0,43.36
6725,0,0.0,0,5.02
6726,0,0.0,0,55.18
6727,0,0.0,0,13.89
6728,0,0.01,0,1044.09
6729,0,0.0,0,96.53
6730,0,0.0,0,31.37
6731,0,0.0,0,44.66
6732,0,0.0,0,24.54
6733,0,0.01,0,18.86
6734,0,0.01,0,14.82
6735,0,0.04,0,70.58
6736,0,0.05,0,27.72
6737,0,0.0,0,34.61
6738,0,0.0,0,53.8
6739,0,0.02,0,117.91
6740,0,0.0,0,119.27
6741,0,0.03,0,189.6
6742,0,0.0,0,103.19
6743,0,0.0,0,5.81
6744,0,0.0,0,42.66
6745,0,0.0,0,19.66
6746,0,0.0,0,307.87
6747,0,0.0,0,167.65
6748,0,0.01,0,28.36
6749,0,0.0,0,4.36
6750,0,0.0,0,87.4
6751,0,0.0,0,23.65
6752,0,0.0,0,19.24
6753,0,0.0,0,166.75
6754,0,0.0,0,232.39
6755,0,0.0,0,87.87
6756,0,0.0,0,319.69
6757,0,0.0,0,68.05
6758,0,0.0,0,476.82
6759,0,0.01,0,51.83
6760,0,0.01,0,68.14
6761,0,0.01,0,6.93
6762,0,0.0,0,21.39
6763,0,0.0,0,93.07
6764,0,0.0,0,34.57
6765,0,0.0,0,14.63
6766,0,0.01,0,79.57
6767,0,0.0,0,84.76
6768,0,0.0,0,16.83
6769,0,0.0,0,183.83
6770,0,0.0,0,124.9
6771,0,0.0,0,117.33
6772,0,0.0,0,14.92
6773,0,0.0,0,276.34
6774,0,0.0,0,45.56
6775,0,0.01,0,42.99
6776,0,0.0,0,51.72
6777,0,0.0,0,93.06
6778,0,0.0,0,26.45
6779,0,0.0,0,21.47
6780,0,0.0,0,26.82
6781,1,0.78,1,257.84
6782,0,0.05,0,118.29
6783,0,0.01,0,72.89
6784,0,0.0,0,829.09
6785,1,0.67,1,58.61
6786,0,0.02,0,23.17
6787,0,0.0,0,127.46
6788,0,0.0,0,76.31
6789,0,0.0,0,23.14
6790,0,0.0,0,155.49
6791,0,0.01,0,332.37
6792,0,0.04,0,24.28
6793,0,0.0,0,108.3
6794,0,0.01,0,563.84
6795,0,0.0,0,346.88
6796,0,0.01,0,49.17
6797,0,0.0,0,56.62
6798,0,0.02,0,268.7
6799,0,0.0,0,129.92
6800,0,0.0,0,136.05
6801,0,0.0,0,37.61
6802,0,0.0,0,48.7
6803,0,0.0,0,43.6
6804,0,0.0,0,267.57
6805,0,0.0,0,231.84
6806,0,0.0,0,89.27
6807,0,0.0,0,65.52
6808,0,0.02,0,81.64
6809,0,0.0,0,54.66
6810,0,0.0,0,94.79
6811,0,0.01,0,65.37
6812,0,0.0,0,60.87
6813,0,0.0,0,79.35
6814,0,0.0,0,23.97
6815,0,0.0,0,41.95
6816,0,0.0,0,287.42
6817,0,0.04,0,14.85
6818,0,0.08,0,12.37
6819,0,0.0,0,22.79
6820,0,0.0,0,45.03
6821,0,0.0,0,217.19
6822,0,0.0,0,47.02
6823,0,0.01,0,163.66
6824,0,0.0,0,49.46
6825,0,0.0,0,21.08
6826,0,0.0,0,14.83
6827,0,0.0,0,104.61
6828,0,0.0,0,114.92
6829,0,0.03,0,150.77
6830,0,0.0,0,31.33
6831,0,0.01,0,147.65
6832,0,0.0,0,245.25
6833,0,0.03,0,13.02
6834,0,0.0,0,19.75
6835,0,0.0,0,146.36
6836,0,0.0,0,14.66
6837,0,0.0,0,132.59
6838,0,0.0,0,352.11
6839,0,0.0,0,38.91
6840,0,0.0,0,31.35
6841,0,0.0,0,92.55
6842,0,0.0,0,36.66
6843,0,0.03,0,40.29
6844,0,0.03,0,52.06
6845,0,0.0,0,191.49
6846,0,0.0,0,62.47
6847,0,0.0,0,22.12
6848,0,0.0,0,18.6
6849,0,0.0,0,17.99
6850,0,0.0,0,59.45
6851,0,0.0,0,95.05
6852,0,0.0,0,48.67
6853,0,0.0,0,24.14
6854,0,0.0,0,78.53
6855,0,0.0,0,96.03
6856,0,0.0,0,81.1
6857,0,0.0,0,184.15
6858,0,0.0,0,126.13
6859,0,0.0,0,31.34
6860,0,0.0,0,508.42
6861,0,0.0,0,26.1
6862,0,0.0,0,25.11
6863,0,0.02,0,88.92
6864,0,0.0,0,30.63
6865,0,0.0,0,767.55
6866,1,0.77,1,104.51
6867,0,0.0,0,37.0
6868,0,0.0,0,11.61
6869,0,0.02,0,34.48
6870,0,0.03,0,1863.29
6871,0,0.0,0,99.99
6872,0,0.0,0,117.24
6873,0,0.0,0,42.88
6874,0,0.01,0,67.61
6875,0,0.0,0,90.65
6876,0,0.0,0,41.18
6877,0,0.0,0,42.31
6878,0,0.0,0,57.7
6879,0,0.0,0,30.89
6880,0,0.07,0,140.1
6881,0,0.0,0,9.46
6882,0,0.0,0,37.0
6883,0,0.01,0,21.63
6884,1,0.61,1,15.44
6885,0,0.02,0,230.59
6886,0,0.02,0,175.35
6887,0,0.02,0,98.39
6888,0,0.09,0,29.06
6889,0,0.0,0,29.55
6890,0,0.0,0,35.08
6891,0,0.0,0,43.25
6892,0,0.0,0,76.68
6893,0,0.0,0,13.69
6894,0,0.01,0,87.97
6895,0,0.03,0,109.5
6896,0,0.0,0,12.45
6897,0,0.02,0,267.31
6898,0,0.0,0,41.38
6899,0,0.02,0,53.53
6900,0,0.03,0,1249.13
6901,0,0.0,0,130.69
6902,0,0.02,0,61.63
6903,0,0.0,0,15.01
6904,0,0.0,0,50.5
6905,0,0.0,0,74.32
6906,0,0.05,0,166.21
6907,0,0.0,0,10.83
6908,0,0.01,0,13.78
6909,0,0.0,0,199.82
6910,0,0.0,0,17.29
6911,0,0.0,0,95.89
6912,0,0.02,0,622.52
6913,0,0.0,0,6.66
6914,1,0.67,1,15.03
6915,0,0.02,0,631.35
6916,0,0.01,0,362.68
6917,0,0.02,0,90.68
6918,0,0.01,0,99.37
6919,0,0.0,0,243.83
6920,0,0.0,0,26.24
6921,0,0.0,0,48.86
6922,0,0.0,0,142.37
6923,0,0.02,0,167.81
6924,0,0.01,0,172.82
6925,0,0.0,0,15.13
6926,0,0.0,0,99.6
6927,0,0.0,0,27.54
6928,0,0.0,0,99.11
6929,0,0.0,0,13.37
6930,0,0.0,0,10.0
6931,0,0.0,0,88.91
6932,0,0.0,0,61.64
6933,0,0.0,0,181.57
6934,0,0.0,0,118.55
6935,0,0.0,0,26.01
6936,0,0.0,0,77.75
6937,0,0.0,0,6.39
6938,0,0.0,0,46.62
6939,0,0.0,0,9.8
6940,0,0.0,0,41.28
6941,0,0.0,0,17.47
6942,0,0.0,0,75.54
6943,0,0.0,0,16.49
6944,0,0.0,0,15.01
6945,0,0.0,0,416.74
6946,0,0.03,0,11.58
6947,0,0.08,0,204.63
6948,0,0.0,0,17.79
6949,0,0.0,0,39.52
6950,0,0.0,0,5.31
6951,0,0.0,0,41.96
6952,0,0.0,0,1.7
6953,0,0.0,0,217.93
6954,0,0.01,0,218.77
6955,0,0.01,0,149.67
6956,0,0.0,0,11.29
6957,0,0.03,0,14.01
6958,0,0.0,0,25.3
6959,0,0.0,0,94.15
6960,0,0.0,0,25.22
6961,0,0.0,0,38.73
6962,0,0.0,0,1914.59
6963,0,0.01,0,43.49
6964,0,0.0,0,325.5
6965,0,0.02,0,133.48
6966,0,0.01,0,12.67
6967,0,0.0,0,16.6
6968,0,0.02,0,13.63
6969,0,0.0,0,68.49
6970,0,0.0,0,133.26
6971,0,0.0,0,108.88
6972,0,0.04,0,126.92
6973,0,0.01,0,22.12
6974,0,0.0,0,53.51
6975,0,0.0,0,53.02
6976,0,0.0,0,108.16
6977,0,0.04,0,44.11
6978,0,0.01,0,14.65
6979,0,0.0,0,40.38
6980,0,0.0,0,119.58
6981,0,0.0,0,60.58
6982,0,0.03,0,32.73
6983,0,0.0,0,42.24
6984,0,0.0,0,23.91
6985,0,0.0,0,18.57
6986,0,0.0,0,175.51
6987,0,0.03,0,21.1
6988,0,0.01,0,116.17
6989,0,0.07,0,62.63
6990,0,0.04,0,129.36
6991,0,0.0,0,2.36
6992,0,0.0,0,113.06
6993,0,0.01,0,11.75
6994,0,0.01,0,35.78
6995,0,0.0,0,55.37
6996,0,0.0,0,65.35
6997,0,0.03,0,251.99
6998,0,0.0,0,73.43
6999,0,0.0,0,8.26
7000,0,0.0,0,82.59
7001,0,0.01,0,41.0
7002,0,0.0,0,264.75
7003,0,0.0,0,6.41
7004,0,0.01,0,188.78
7005,0,0.01,0,158.59
7006,0,0.0,0,32.18
7007,0,0.0,0,27.64
7008,0,0.01,0,44.45
7009,0,0.0,0,78.36
7010,0,0.01,0,13.99
7011,0,0.0,0,60.73
7012,0,0.02,0,22.51
7013,0,0.0,0,357.14
7014,0,0.0,0,22.37
7015,0,0.0,0,109.97
7016,0,0.0,0,38.69
7017,0,0.0,0,50.09
7018,0,0.0,0,2.97
7019,0,0.03,0,152.07
7020,0,0.01,0,19.58
7021,0,0.0,0,32.02
7022,0,0.03,0,77.41
7023,0,0.01,0,31.82
7024,0,0.15,0,14.14
7025,0,0.04,0,2.59
7026,0,0.04,0,2903.49
7027,0,0.01,0,74.81
7028,0,0.0,0,86.78
7029,0,0.0,0,111.73
7030,0,0.0,0,14.29
7031,0,0.0,0,576.94
7032,0,0.09,0,5.42
7033,0,0.0,0,48.13
7034,0,0.0,0,630.8
7035,0,0.0,0,10.98
7036,0,0.0,0,61.89
7037,0,0.0,0,67.51
7038,0,0.0,0,44.04
7039,0,0.0,0,309.44
7040,0,0.0,0,25.67
7041,0,0.01,0,79.38
7042,0,0.0,0,4.08
7043,0,0.01,0,128.56
7044,0,0.0,0,112.23
7045,0,0.0,0,20.88
7046,0,0.0,0,32.66
7047,0,0.02,0,133.71
7048,0,0.01,0,384.44
7049,0,0.01,0,980.54
7050,0,0.0,0,21.5
7051,0,0.0,0,25.48
7052,0,0.0,0,41.47
7053,0,0.01,0,107.09
7054,0,0.03,0,2.75
7055,0,0.0,0,90.35
7056,0,0.0,0,8.13
7057,0,0.0,0,64.44
7058,0,0.01,0,35.16
7059,0,0.0,0,11.61
7060,0,0.0,0,32.5
7061,0,0.02,0,6.54
7062,0,0.01,0,1339.1
7063,0,0.0,0,40.88
7064,0,0.01,0,17.05
7065,0,0.04,0,53.11
7066,0,0.01,0,46.19
7067,0,0.0,0,12.4
7068,0,0.0,0,38.19
7069,0,0.05,0,47.82
7070,0,0.0,0,27.29
7071,0,0.02,0,25.89
7072,0,0.0,0,8.86
7073,0,0.0,0,230.21
7074,0,0.0,0,74.84
7075,0,0.01,0,14.21
7076,0,0.01,0,102.02
7077,0,0.0,0,58.67
7078,0,0.0,0,18.57
7079,0,0.01,0,67.44
7080,0,0.0,0,45.2
7081,0,0.0,0,306.04
7082,0,0.0,0,63.15
7083,0,0.0,0,137.67
7084,0,0.02,0,7.07
7085,0,0.0,0,31.52
7086,0,0.0,0,12.25
7087,0,0.0,0,3.58
7088,0,0.02,0,400.39
7089,0,0.01,0,241.88
7090,0,0.0,0,114.31
7091,0,0.0,0,33.89
7092,0,0.0,0,22.01
7093,0,0.0,0,22.6
7094,0,0.0,0,9.94
7095,1,0.67,1,13.83
7096,0,0.0,0,133.64
7097,0,0.0,0,22.14
7098,0,0.01,0,61.18
7099,0,0.01,0,65.96
7100,0,0.0,0,31.79
7101,0,0.0,0,95.14
7102,0,0.01,0,467.09
7103,0,0.0,0,26.71
7104,0,0.0,0,197.03
7105,0,0.0,0,183.45
7106,0,0.0,0,154.15
7107,0,0.0,0,13.03
7108,0,0.0,0,322.59
7109,0,0.0,0,88.64
7110,0,0.0,0,9.1
7111,0,0.01,0,14.8
7112,0,0.0,0,329.2
7113,0,0.0,0,88.8
7114,0,0.0,0,54.88
7115,0,0.0,0,57.97
7116,0,0.0,0,216.44
7117,0,0.01,0,40.65
7118,0,0.0,0,84.96
7119,0,0.0,0,138.22
7120,0,0.0,0,26.66
7121,0,0.03,0,401.55
7122,0,0.0,0,141.0
7123,0,0.0,0,26.04
7124,0,0.01,0,270.47
7125,0,0.0,0,43.16
7126,0,0.0,0,19.72
7127,0,0.02,0,17.28
7128,0,0.0,0,20.13
7129,0,0.0,0,19.03
7130,0,0.0,0,25.21
7131,1,0.66,1,240.23
7132,0,0.0,0,356.44
7133,0,0.02,0,109.12
7134,0,0.0,0,99.94
7135,0,0.01,0,15.8
7136,0,0.0,0,152.31
7137,0,0.0,0,368.09
7138,0,0.0,0,695.7
7139,0,0.0,0,291.44
7140,0,0.05,0,105.49
7141,0,0.0,0,38.99
7142,0,0.0,0,313.42
7143,0,0.01,0,47.72
7144,0,0.0,0,62.41
7145,0,0.01,0,36.23
7146,0,0.0,0,127.14
7147,0,0.01,0,212.13
7148,1,0.65,1,19.74
7149,0,0.0,0,54.18
7150,0,0.0,0,97.84
7151,0,0.0,0,11.08
7152,0,0.0,0,13.68
7153,0,0.02,0,144.11
7154,0,0.02,0,11.37
7155,0,0.0,0,153.69
7156,0,0.0,0,63.33
7157,0,0.0,0,94.77
7158,0,0.0,0,16.35
7159,0,0.0,0,89.79
7160,0,0.0,0,9.49
7161,0,0.0,0,49.13
7162,0,0.0,0,51.88
7163,0,0.0,0,13.03
7164,0,0.01,0,50.11
7165,0,0.0,0,42.26
7166,0,0.0,0,35.61
7167,0,0.0,0,16.83
7168,0,0.0,0,141.25
7169,0,0.0,0,650.24
7170,0,0.0,0,285.08
7171,0,0.0,0,40.58
7172,0,0.0,0,86.1
7173,0,0.0,0,97.64
7174,0,0.0,0,14.05
7175,0,0.0,0,14.84
7176,0,0.0,0,9.45
7177,0,0.03,0,50.23
7178,0,0.0,0,20.4
7179,0,0.0,0,131.15
7180,0,0.0,0,5.78
7181,0,0.0,0,491.54
7182,0,0.01,0,45.55
7183,0,0.0,0,83.47
7184,0,0.0,0,18.87
7185,0,0.0,0,52.75
7186,0,0.0,0,78.25
7187,0,0.0,0,136.11
7188,0,0.0,0,240.74
7189,0,0.04,0,802.56
7190,0,0.0,0,39.33
7191,0,0.0,0,140.55
7192,0,0.01,0,135.99
7193,0,0.0,0,436.6
7194,0,0.0,0,87.73
7195,0,0.01,0,295.56
7196,0,0.0,0,50.2
7197,0,0.0,0,115.28
7198,0,0.01,0,4.88
7199,0,0.0,0,994.95
7200,0,0.0,0,8.73
7201,0,0.0,0,87.81
7202,0,0.01,0,1034.32
7203,0,0.0,0,15.56
7204,0,0.0,0,346.86
7205,0,0.01,0,95.71
7206,0,0.0,0,331.15
7207,0,0.0,0,651.37
7208,0,0.01,0,36.27
7209,0,0.0,0,68.6
7210,0,0.01,0,15.52
7211,0,0.01,0,2.78
7212,0,0.01,0,12.74
7213,0,0.0,0,61.36
7214,0,0.0,0,114.86
7215,0,0.0,0,429.28
7216,0,0.0,0,321.57
7217,0,0.0,0,80.01
7218,0,0.0,0,33.56
7219,0,0.0,0,292.03
7220,0,0.0,0,32.17
7221,0,0.0,0,7.11
7222,0,0.0,0,32.83
7223,0,0.0,0,19.36
7224,0,0.0,0,20.89
7225,0,0.0,0,26.91
7226,0,0.0,0,39.25
7227,0,0.0,0,52.49
7228,0,0.0,0,40.51
7229,0,0.0,0,163.21
7230,0,0.0,0,46.69
7231,0,0.0,0,161.64
7232,0,0.0,0,121.12
7233,0,0.0,0,345.38
7234,0,0.0,0,1172.7
7235,0,0.0,0,157.34
7236,0,0.0,0,83.35
7237,0,0.0,0,94.54
7238,0,0.0,0,2.01
7239,0,0.0,0,132.52
7240,0,0.0,0,70.16
7241,0,0.03,0,9.28
7242,0,0.0,0,15.05
7243,0,0.01,0,450.14
7244,0,0.0,0,81.71
7245,0,0.02,0,44.29
7246,0,0.0,0,6.99
7247,0,0.01,0,78.27
7248,0,0.0,0,125.28
7249,0,0.0,0,324.83
7250,0,0.03,0,17.49
7251,0,0.01,0,75.47
7252,0,0.0,0,100.89
7253,0,0.01,0,103.11
7254,0,0.0,0,92.24
7255,0,0.0,0,2.14
7256,0,0.0,0,172.19
7257,0,0.0,0,13.96
7258,0,0.0,0,96.32
7259,0,0.0,0,12.55
7260,0,0.0,0,8.24
7261,0,0.0,0,662.34
7262,0,0.0,0,75.14
7263,0,0.01,0,63.06
7264,0,0.0,0,21.77
7265,0,0.01,0,39.83
7266,0,0.01,0,177.08
7267,0,0.0,0,23.14
7268,0,0.09,0,156.57
7269,0,0.0,0,66.24
7270,0,0.0,0,10.61
7271,0,0.0,0,431.4
7272,0,0.0,0,58.21
7273,0,0.0,0,69.32
7274,0,0.01,0,73.08
7275,0,0.02,0,369.21
7276,0,0.0,0,212.86
7277,0,0.02,0,49.71
7278,0,0.0,0,125.72
7279,0,0.01,0,580.85
7280,0,0.0,0,14.86
7281,0,0.0,0,69.05
7282,0,0.06,0,2226.04
7283,0,0.0,0,25.32
7284,0,0.0,0,538.0
7285,0,0.0,0,29.36
7286,0,0.0,0,21.76
7287,0,0.0,0,155.06
7288,0,0.0,0,31.6
7289,0,0.0,0,39.75
7290,0,0.0,0,56.95
7291,0,0.01,0,5.79
7292,0,0.01,0,164.98
7293,0,0.0,0,119.46
7294,0,0.0,0,46.56
7295,0,0.0,0,43.7
7296,0,0.0,0,26.55
7297,0,0.0,0,51.57
7298,0,0.01,0,136.07
7299,1,0.6,1,20.85
7300,0,0.0,0,27.01
7301,0,0.0,0,7.57
7302,0,0.0,0,70.46
7303,0,0.0,0,41.43
7304,0,0.02,0,149.27
7305,0,0.0,0,15.5
7306,0,0.01,0,56.47
7307,1,0.73,1,167.67
7308,0,0.0,0,148.53
7309,0,0.02,0,195.39
7310,0,0.0,0,16.83
7311,0,0.0,0,32.29
7312,0,0.0,0,66.93
7313,0,0.0,0,20.84
7314,0,0.0,0,120.23
7315,0,0.0,0,46.93
7316,0,0.0,0,47.46
7317,0,0.0,0,104.22
7318,0,0.0,0,32.27
7319,0,0.0,0,329.72
7320,0,0.0,0,7.04
7321,0,0.02,0,85.0
7322,0,0.0,0,11.4
7323,0,0.0,0,50.05
7324,0,0.0,0,57.84
7325,0,0.01,0,419.73
7326,0,0.01,0,19.97
7327,0,0.0,0,24.96
7328,0,0.0,0,65.63
7329,0,0.01,0,20.17
7330,0,0.0,0,36.36
7331,0,0.04,0,335.51
7332,0,0.0,0,81.73
7333,0,0.0,0,108.4
7334,0,0.0,0,38.97
7335,0,0.03,0,240.75
7336,0,0.0,0,253.44
7337,0,0.01,0,44.86
7338,0,0.0,0,59.71
7339,0,0.0,0,12.92
7340,0,0.0,0,43.07
7341,0,0.01,0,52.62
7342,0,0.0,0,454.19
7343,0,0.0,0,509.78
7344,0,0.01,0,44.31
7345,0,0.01,0,25.03
7346,0,0.04,0,23.03
7347,0,0.0,0,32.53
7348,0,0.0,0,93.59
7349,0,0.0,0,108.79
7350,0,0.0,0,720.34
7351,0,0.0,0,53.86
7352,0,0.0,0,16.38
7353,0,0.0,0,34.35
7354,0,0.0,0,30.91
7355,0,0.0,0,53.49
7356,0,0.0,0,39.03
7357,0,0.07,0,309.71
7358,0,0.0,0,135.5
7359,0,0.03,0,2047.3
7360,0,0.0,0,110.56
7361,0,0.0,0,68.72
7362,0,0.0,0,502.08
7363,0,0.0,0,175.78
7364,0,0.0,0,7.93
7365,0,0.01,0,33.4
7366,0,0.0,0,79.59
7367,0,0.0,0,38.88
7368,0,0.03,0,440.78
7369,0,0.01,0,777.3
7370,0,0.0,0,223.18
7371,0,0.0,0,29.36
7372,0,0.0,0,14.18
7373,0,0.01,0,46.36
7374,0,0.0,0,128.91
7375,0,0.01,0,491.28
7376,0,0.0,0,1256.28
7377,0,0.01,0,26.54
7378,0,0.0,0,144.19
7379,0,0.0,0,34.44
7380,0,0.0,0,67.15
7381,0,0.0,0,35.87
7382,0,0.0,0,21.81
7383,0,0.04,0,30.47
7384,0,0.0,0,32.19
7385,0,0.04,0,2299.72
7386,0,0.0,0,155.39
7387,0,0.0,0,19.57
7388,0,0.0,0,67.39
7389,0,0.0,0,213.87
7390,0,0.01,0,69.57
7391,0,0.0,0,17.31
7392,0,0.0,0,524.82
7393,0,0.0,0,72.18
7394,0,0.0,0,40.9
7395,0,0.01,0,100.87
7396,0,0.0,0,114.44
7397,1,0.76,1,20.37
7398,0,0.02,0,25.61
7399,0,0.0,0,83.78
7400,0,0.0,0,409.48
7401,0,0.0,0,161.11
7402,0,0.01,0,12.78
7403,0,0.04,0,74.52
7404,0,0.0,0,99.05
7405,0,0.0,0,188.74
7406,0,0.0,0,210.0
7407,0,0.0,0,100.84
7408,0,0.0,0,176.36
7409,0,0.0,0,41.76
7410,0,0.0,0,64.54
7411,0,0.0,0,54.84
7412,0,0.0,0,45.04
7413,0,0.0,0,44.3
7414,0,0.04,0,20.04
7415,0,0.0,0,29.6
7416,0,0.0,0,68.19
7417,0,0.0,0,47.21
7418,0,0.01,0,89.46
7419,0,0.0,0,6.09
7420,0,0.0,0,23.12
7421,0,0.0,0,100.1
7422,0,0.01,0,93.2
7423,0,0.0,0,27.2
7424,0,0.0,0,49.04
7425,0,0.0,0,10.76
7426,0,0.0,0,256.73
7427,0,0.0,0,5.45
7428,0,0.02,0,45.54
7429,0,0.02,0,59.98
7430,0,0.0,0,1176.6
7431,0,0.01,0,61.87
7432,0,0.01,0,35.87
7433,0,0.02,0,343.4
7434,0,0.0,0,414.75
7435,0,0.01,0,52.88
7436,0,0.0,0,39.71
7437,0,0.0,0,71.87
7438,0,0.01,0,15.77
7439,0,0.0,0,114.64
7440,0,0.0,0,77.38
7441,0,0.01,0,50.18
7442,0,0.0,0,90.88
7443,0,0.0,0,106.83
7444,0,0.07,0,308.85
7445,0,0.01,0,27.37
7446,0,0.0,0,27.07
7447,0,0.0,0,8.99
7448,0,0.02,0,411.89
7449,0,0.03,0,67.99
7450,0,0.02,0,170.61
7451,0,0.02,0,57.43
7452,0,0.0,0,79.56
7453,0,0.01,0,268.53
7454,0,0.0,0,72.65
7455,0,0.0,0,26.17
7456,0,0.0,0,75.83
7457,0,0.0,0,14.92
7458,0,0.0,0,105.35
7459,0,0.0,0,213.24
7460,0,0.01,0,691.42
7461,0,0.02,0,30.83
7462,0,0.0,0,77.6
7463,0,0.0,0,122.31
7464,1,0.68,1,504.61
7465,0,0.0,0,22.59
7466,0,0.0,0,37.21
7467,0,0.01,0,76.53
7468,0,0.03,0,48.79
7469,0,0.0,0,46.09
7470,0,0.0,0,180.18
7471,0,0.01,0,203.25
7472,0,0.0,0,94.81
7473,0,0.0,0,421.98
7474,0,0.0,0,98.77
7475,0,0.0,0,120.28
7476,0,0.02,0,68.69
7477,0,0.0,0,43.73
7478,0,0.01,0,29.42
7479,0,0.0,0,232.9
7480,0,0.03,0,17.96
7481,0,0.0,0,12.55
7482,0,0.0,0,107.12
7483,0,0.0,0,69.4
7484,0,0.01,0,168.58
7485,0,0.03,0,671.16
7486,0,0.02,0,35.79
7487,0,0.0,0,15.26
7488,0,0.01,0,42.63
7489,0,0.0,0,30.27
7490,0,0.0,0,23.2
7491,0,0.0,0,75.15
7492,0,0.0,0,29.01
7493,0,0.0,0,48.31
7494,0,0.01,0,16.38
7495,0,0.02,0,5.55
7496,0,0.01,0,34.04
7497,0,0.0,0,42.74
7498,0,0.0,0,37.03
7499,0,0.0,0,74.95
7500,1,0.62,1,228.58
7501,0,0.0,0,25.73
7502,0,0.01,0,146.31
7503,0,0.0,0,90.38
7504,0,0.02,0,43.36
7505,0,0.0,0,79.62
7506,0,0.0,0,100.95
7507,0,0.0,0,16.48
7508,0,0.02,0,416.69
7509,0,0.01,0,55.87
7510,0,0.0,0,49.99
7511,0,0.0,0,68.46
7512,0,0.0,0,50.13
7513,0,0.0,0,18.0
7514,0,0.02,0,2.06
7515,0,0.0,0,58.55
7516,0,0.02,0,20.63
7517,0,0.01,0,87.36
7518,0,0.0,0,91.03
7519,0,0.0,0,2984.42
7520,0,0.0,0,65.81
7521,0,0.0,0,81.61
7522,0,0.01,0,179.68
7523,0,0.0,0,6.68
7524,0,0.0,0,65.53
7525,0,0.0,0,256.41
7526,0,0.0,0,20.1
7527,0,0.0,0,50.95
7528,0,0.02,0,11.57
7529,0,0.0,0,41.94
7530,0,0.0,0,150.82
7531,0,0.0,0,45.99
7532,0,0.0,0,20.12
7533,0,0.0,0,49.63
7534,0,0.0,0,281.22
7535,0,0.0,0,14.0
7536,0,0.0,0,14.78
7537,0,0.0,0,2.78
7538,0,0.0,0,29.01
7539,0,0.0,0,53.13
7540,0,0.0,0,263.42
7541,0,0.0,0,71.66
7542,0,0.0,0,332.81
7543,0,0.02,0,112.07
7544,0,0.03,0,8.75
7545,0,0.0,0,247.33
7546,0,0.03,0,8.29
7547,0,0.0,0,23.19
7548,0,0.0,0,51.68
7549,0,0.0,0,29.11
7550,0,0.0,0,118.92
7551,1,0.65,1,653.43
7552,0,0.0,0,33.46
7553,0,0.0,0,146.3
7554,0,0.0,0,42.71
7555,0,0.01,0,35.07
7556,0,0.0,0,119.33
7557,0,0.0,0,37.7
7558,0,0.03,0,421.18
7559,0,0.0,0,44.72
7560,0,0.03,0,1282.74
7561,1,0.66,1,5.93
7562,0,0.0,0,11.75
7563,0,0.0,0,68.23
7564,0,0.0,0,49.24
7565,0,0.02,0,37.9
7566,0,0.0,0,124.17
7567,0,0.0,0,31.97
7568,0,0.0,0,13.79
7569,0,0.0,0,69.95
7570,0,0.0,0,11.35
7571,0,0.0,0,155.58
7572,0,0.0,0,101.77
7573,0,0.03,0,22.01
7574,0,0.01,0,745.75
7575,0,0.01,0,12.21
7576,0,0.0,0,41.66
7577,0,0.0,0,68.82
7578,0,0.03,0,18.88
7579,0,0.0,0,49.67
7580,0,0.0,0,5.27
7581,0,0.0,0,59.59
7582,0,0.0,0,111.87
7583,1,0.58,1,1076.87
7584,0,0.02,0,32.94
7585,0,0.0,0,1883.51
7586,0,0.0,0,37.93
7587,0,0.05,0,734.18
7588,0,0.01,0,242.3
7589,0,0.0,0,132.65
7590,0,0.0,0,96.6
7591,0,0.02,0,83.72
7592,0,0.01,0,35.63
7593,0,0.0,0,85.77
7594,0,0.0,0,11.9
7595,0,0.02,0,10.85
7596,0,0.0,0,78.74
7597,0,0.03,0,31.41
7598,0,0.0,0,55.86
7599,0,0.01,0,78.63
7600,0,0.0,0,94.9
7601,0,0.01,0,698.68
7602,0,0.0,0,59.58
7603,0,0.0,0,72.21
7604,0,0.0,0,76.71
7605,0,0.0,0,89.36
7606,0,0.0,0,95.27
7607,0,0.0,0,18.19
7608,0,0.0,0,38.85
7609,0,0.0,0,28.44
7610,0,0.0,0,68.39
7611,0,0.0,0,21.23
7612,0,0.02,0,11.9
7613,0,0.0,0,112.88
7614,0,0.0,0,53.09
7615,0,0.01,0,307.39
7616,0,0.0,0,16.63
7617,0,0.02,0,16.78
7618,0,0.0,0,133.06
7619,0,0.0,0,93.59
7620,0,0.0,0,17.99
7621,0,0.0,0,58.35
7622,0,0.0,0,42.18
7623,0,0.01,0,126.74
7624,0,0.01,0,38.21
7625,0,0.0,0,1416.36
7626,0,0.0,0,7.47
7627,0,0.05,0,128.71
7628,0,0.0,0,10.97
7629,0,0.01,0,63.43
7630,0,0.0,0,31.63
7631,0,0.0,0,71.99
7632,0,0.0,0,247.64
7633,0,0.0,0,208.98
7634,0,0.0,0,94.48
7635,0,0.01,0,59.74
7636,0,0.0,0,163.12
7637,0,0.0,0,38.42
7638,0,0.0,0,39.04
7639,0,0.0,0,53.54
7640,0,0.0,0,270.35
7641,0,0.01,0,32.91
7642,0,0.0,0,136.89
7643,0,0.0,0,15.11
7644,0,0.0,0,13.34
7645,0,0.0,0,35.2
7646,0,0.01,0,208.18
7647,0,0.02,0,134.08
7648,0,0.0,0,74.58
7649,0,0.0,0,95.09
7650,0,0.0,0,108.86
7651,0,0.01,0,16.86
7652,0,0.0,0,86.13
7653,0,0.02,0,15.47
7654,0,0.0,0,3.62
7655,0,0.0,0,36.72
7656,0,0.02,0,50.32
7657,0,0.03,0,25.82
7658,0,0.01,0,107.81
7659,0,0.01,0,28.33
7660,0,0.01,0,51.24
7661,0,0.0,0,32.37
7662,0,0.0,0,11.17
7663,0,0.05,0,48.71
7664,0,0.0,0,3.51
7665,0,0.0,0,53.56
7666,0,0.01,0,11.88
7667,0,0.01,0,11.12
7668,0,0.02,0,621.13
7669,0,0.02,0,119.6
7670,0,0.01,0,66.44
7671,0,0.01,0,368.12
7672,0,0.0,0,132.73
7673,0,0.0,0,1.58
7674,0,0.0,0,10.97
7675,0,0.01,0,158.88
7676,0,0.0,0,5.33
7677,0,0.0,0,73.83
7678,0,0.01,0,90.36
7679,0,0.01,0,20.32
7680,0,0.0,0,606.17
7681,0,0.0,0,3.02
7682,0,0.02,0,44.87
7683,0,0.0,0,21.74
7684,0,0.02,0,44.78
7685,1,0.65,1,113.02
7686,0,0.0,0,312.01
7687,0,0.0,0,39.34
7688,0,0.0,0,20.51
7689,0,0.0,0,55.85
7690,0,0.0,0,465.13
7691,0,0.04,0,16.82
7692,0,0.0,0,21.85
7693,0,0.03,0,739.97
7694,0,0.0,0,39.14
7695,0,0.0,0,95.04
7696,0,0.01,0,6.69
7697,0,0.0,0,178.96
7698,0,0.0,0,25.43
7699,0,0.0,0,12.84
7700,0,0.02,0,78.65
7701,0,0.01,0,37.44
7702,0,0.0,0,104.89
7703,0,0.0,0,38.13
7704,0,0.0,0,81.25
7705,0,0.0,0,2.64
7706,0,0.0,0,19.32
7707,0,0.01,0,311.24
7708,0,0.0,0,21.47
7709,0,0.02,0,87.34
7710,0,0.01,0,91.99
7711,0,0.0,0,34.5
7712,0,0.0,0,176.28
7713,0,0.0,0,29.04
7714,0,0.01,0,42.46
7715,0,0.0,0,22.42
7716,0,0.0,0,578.3
7717,0,0.06,0,785.69
7718,0,0.0,0,66.8
7719,0,0.0,0,58.3
7720,1,0.65,1,229.7
7721,0,0.0,0,39.25
7722,0,0.0,0,189.76
7723,0,0.01,0,20.79
7724,0,0.0,0,8.46
7725,0,0.04,0,6872.69
7726,0,0.0,0,438.67
7727,0,0.0,0,94.68
7728,0,0.0,0,29.04
7729,0,0.0,0,76.0
7730,0,0.01,0,44.96
7731,0,0.0,0,148.18
7732,0,0.0,0,26.51
7733,0,0.0,0,63.0
7734,0,0.02,0,93.55
7735,0,0.02,0,5.92
7736,0,0.0,0,148.37
7737,0,0.0,0,24.87
7738,0,0.0,0,177.3
7739,0,0.07,0,120.47
7740,0,0.0,0,49.56
7741,0,0.01,0,39.6
7742,0,0.0,0,90.94
7743,0,0.0,0,460.57
7744,0,0.0,0,12.46
7745,0,0.0,0,171.6
7746,0,0.0,0,62.02
7747,0,0.02,0,152.62
7748,0,0.0,0,64.09
7749,0,0.07,0,129.87
7750,0,0.0,0,43.37
7751,0,0.0,0,77.91
7752,0,0.0,0,50.12
7753,0,0.0,0,264.65
7754,0,0.02,0,255.9
7755,0,0.01,0,4.5
7756,0,0.0,0,120.48
7757,0,0.0,0,137.79
7758,0,0.0,0,153.85
7759,0,0.01,0,2.88
7760,0,0.01,0,341.78
7761,0,0.0,0,50.14
7762,0,0.01,0,106.79
7763,0,0.0,0,5.24
7764,0,0.01,0,245.12
7765,0,0.0,0,98.27
7766,0,0.0,0,48.79
7767,0,0.0,0,65.77
7768,0,0.0,0,25.23
7769,0,0.0,0,107.31
7770,0,0.0,0,1678.93
7771,0,0.0,0,58.76
7772,0,0.0,0,23.96
7773,0,0.04,0,81.79
7774,0,0.0,0,146.52
7775,0,0.0,0,10.0
7776,0,0.0,0,906.6
7777,0,0.0,0,146.33
7778,0,0.01,0,32.5
7779,0,0.0,0,21.03
7780,0,0.0,0,354.76
7781,0,0.01,0,19.31
7782,0,0.0,0,73.69
7783,0,0.01,0,63.66
7784,0,0.0,0,67.25
7785,0,0.0,0,191.73
7786,0,0.0,0,282.0
7787,0,0.0,0,26.87
7788,0,0.02,0,57.55
7789,0,0.0,0,2754.94
7790,0,0.02,0,20.08
7791,0,0.0,0,18.75
7792,0,0.05,0,31.33
7793,0,0.0,0,50.44
7794,0,0.0,0,35.68
7795,0,0.01,0,4.26
7796,0,0.0,0,108.15
7797,0,0.0,0,21.1
7798,0,0.0,0,42.5
7799,0,0.0,0,265.62
7800,0,0.02,0,48.06
7801,0,0.03,0,85.95
7802,0,0.0,0,19.27
7803,0,0.0,0,16.77
7804,0,0.0,0,166.13
7805,0,0.02,0,15.26
7806,0,0.05,0,5.81
7807,0,0.0,0,650.6
7808,0,0.0,0,124.02
7809,0,0.0,0,108.65
7810,0,0.02,0,33.56
7811,0,0.0,0,70.06
7812,0,0.0,0,116.34
7813,0,0.01,0,235.9
7814,0,0.0,0,22.34
7815,0,0.0,0,27.75
7816,0,0.01,0,66.35
7817,0,0.0,0,557.81
7818,0,0.0,0,40.16
7819,0,0.0,0,25.79
7820,0,0.03,0,183.19
7821,0,0.0,0,9.8
7822,0,0.0,0,218.63
7823,0,0.0,0,30.11
7824,0,0.0,0,28.42
7825,0,0.0,0,26.25
7826,0,0.03,0,104.47
7827,0,0.01,0,101.61
7828,0,0.0,0,132.14
7829,0,0.0,0,228.82
7830,0,0.0,0,110.79
7831,0,0.0,0,60.27
7832,0,0.0,0,24.36
7833,0,0.04,0,41.76
7834,1,0.64,1,111.47
7835,0,0.02,0,10.05
7836,0,0.0,0,28.8
7837,0,0.0,0,80.52
7838,0,0.0,0,35.12
7839,0,0.0,0,23.01
7840,1,0.62,1,41.12
7841,0,0.0,0,133.12
7842,0,0.0,0,14.11
7843,0,0.0,0,64.74
7844,0,0.0,0,250.1
7845,0,0.02,0,173.36
7846,0,0.0,0,11.97
7847,0,0.0,0,34.59
7848,0,0.0,0,70.28
7849,0,0.0,0,20.43
7850,0,0.01,0,195.52
7851,0,0.04,0,29.02
7852,0,0.0,0,8.45
7853,0,0.0,0,36.23
7854,0,0.01,0,50.37
7855,0,0.0,0,10.96
7856,0,0.0,0,3.89
7857,0,0.0,0,23.57
7858,0,0.0,0,32.72
7859,0,0.0,0,98.99
7860,0,0.0,0,664.54
7861,0,0.0,0,68.91
7862,0,0.0,0,337.13
7863,0,0.01,0,9.15
7864,0,0.0,0,50.7
7865,0,0.0,0,12.26
7866,0,0.0,0,20.93
7867,0,0.0,0,71.46
7868,0,0.0,0,26.52
7869,0,0.0,0,17.22
7870,0,0.0,0,16.27
7871,0,0.02,0,20.42
7872,0,0.0,0,44.34
7873,0,0.0,0,79.82
7874,0,0.0,0,586.33
7875,0,0.0,0,160.84
7876,0,0.0,0,23.82
7877,0,0.0,0,55.74
7878,0,0.01,0,64.56
7879,0,0.0,0,58.52
7880,0,0.0,0,129.61
7881,0,0.0,0,613.19
7882,0,0.01,0,200.59
7883,0,0.0,0,62.98
7884,0,0.0,0,46.16
7885,0,0.01,0,1099.82
7886,0,0.0,0,83.14
7887,0,0.0,0,6.24
7888,0,0.0,0,792.99
7889,0,0.01,0,8.26
7890,0,0.0,0,45.57
7891,0,0.01,0,142.66
7892,0,0.0,0,469.96
7893,0,0.0,0,3.61
7894,0,0.0,0,165.58
7895,0,0.0,0,10.26
7896,0,0.01,0,44.83
7897,0,0.01,0,11.35
7898,0,0.0,0,2727.04
7899,0,0.04,0,653.04
7900,0,0.01,0,673.8
7901,0,0.0,0,13.41
7902,0,0.0,0,89.45
7903,0,0.0,0,26.21
7904,0,0.01,0,135.8
7905,0,0.0,0,162.36
7906,0,0.0,0,21.32
7907,0,0.0,0,18.5
7908,0,0.0,0,37.81
7909,0,0.0,0,41.98
7910,0,0.0,0,538.41
7911,0,0.0,0,88.05
7912,0,0.0,0,315.82
7913,0,0.0,0,66.38
7914,0,0.0,0,44.19
7915,0,0.0,0,44.76
7916,0,0.0,0,63.52
7917,0,0.0,0,915.66
7918,0,0.0,0,26.55
7919,0,0.0,0,395.56
7920,0,0.0,0,63.55
7921,0,0.0,0,22.45
7922,0,0.0,0,509.61
7923,0,0.0,0,164.55
7924,0,0.0,0,107.57
7925,0,0.01,0,116.44
7926,0,0.02,0,50.88
7927,0,0.01,0,2.59
7928,0,0.0,0,32.74
7929,0,0.0,0,227.61
7930,0,0.01,0,404.42
7931,0,0.0,0,64.27
7932,0,0.01,0,270.58
7933,0,0.01,0,53.22
7934,0,0.01,0,54.96
7935,0,0.01,0,29.5
7936,0,0.0,0,6.44
7937,0,0.0,0,303.72
7938,0,0.05,0,511.32
7939,0,0.0,0,33.38
7940,0,0.0,0,19.73
7941,0,0.03,0,935.34
7942,0,0.0,0,18.67
7943,0,0.0,0,253.79
7944,0,0.02,0,1.87
7945,0,0.0,0,71.94
7946,0,0.0,0,72.22
7947,0,0.02,0,76.68
7948,0,0.0,0,137.42
7949,0,0.05,0,118.24
7950,0,0.0,0,336.25
7951,0,0.0,0,15.61
7952,0,0.0,0,180.65
7953,0,0.0,0,61.12
7954,0,0.0,0,690.3
7955,0,0.0,0,103.93
7956,0,0.04,0,230.82
7957,0,0.0,0,15.82
7958,0,0.0,0,277.7
7959,0,0.0,0,63.89
7960,0,0.02,0,17.43
7961,0,0.06,0,8.15
7962,0,0.0,0,193.34
7963,0,0.0,0,73.85
7964,0,0.04,0,93.83
7965,0,0.01,0,189.83
7966,0,0.04,0,58.88
7967,0,0.01,0,3.94
7968,0,0.0,0,23.01
7969,0,0.01,0,293.65
7970,0,0.01,0,64.88
7971,0,0.0,0,48.25
7972,0,0.0,0,632.74
7973,0,0.0,0,21.45
7974,0,0.03,0,88.39
7975,0,0.0,0,91.42
7976,0,0.0,0,42.76
7977,0,0.0,0,6.0
7978,0,0.0,0,218.27
7979,0,0.0,0,157.03
7980,0,0.03,0,296.44
7981,0,0.02,0,94.79
7982,0,0.01,0,178.32
7983,0,0.0,0,200.9
7984,0,0.0,0,53.85
7985,0,0.0,0,63.91
7986,0,0.0,0,73.14
7987,0,0.0,0,280.68
7988,1,0.75,1,46.03
7989,0,0.0,0,457.57
7990,0,0.01,0,24.6
7991,0,0.01,0,143.02
7992,0,0.0,0,18.43
7993,0,0.03,0,15.76
7994,0,0.0,0,119.62
7995,0,0.01,0,962.92
7996,0,0.0,0,3.29
7997,0,0.0,0,2.28
7998,0,0.0,0,138.87
7999,0,0.0,0,350.67
8000,0,0.0,0,60.79
8001,0,0.0,0,7.0
8002,0,0.01,0,28.75
8003,0,0.0,0,55.56
8004,0,0.02,0,19.4
8005,0,0.0,0,38.85
8006,0,0.01,0,14.29
8007,0,0.0,0,38.5
8008,0,0.0,0,113.22
8009,0,0.0,0,39.05
8010,0,0.0,0,29.78
8011,0,0.02,0,1694.53
8012,0,0.0,0,15.6
8013,0,0.02,0,110.24
8014,0,0.0,0,19.6
8015,0,0.0,0,61.88
8016,0,0.0,0,166.6
8017,0,0.01,0,29.42
8018,0,0.0,0,15.59
8019,0,0.02,0,93.41
8020,0,0.0,0,63.75
8021,0,0.0,0,50.78
8022,1,0.58,1,24.41
8023,0,0.0,0,44.31
8024,0,0.01,0,96.97
8025,0,0.0,0,31.63
8026,0,0.01,0,229.63
8027,0,0.02,0,250.8
8028,0,0.0,0,433.81
8029,0,0.01,0,26.75
8030,0,0.01,0,26.05
8031,0,0.0,0,32.44
8032,0,0.0,0,24.24
8033,0,0.0,0,101.19
8034,0,0.0,0,277.2
8035,0,0.0,0,44.27
8036,0,0.03,0,6.43
8037,0,0.01,0,6.71
8038,0,0.0,0,263.42
8039,0,0.0,0,77.42
8040,0,0.0,0,26.22
8041,0,0.0,0,935.28
8042,0,0.0,0,172.57
8043,0,0.0,0,113.61
8044,0,0.0,0,9.63
8045,0,0.01,0,23.57
8046,0,0.0,0,3.38
8047,0,0.0,0,31.02
8048,0,0.0,0,43.19
8049,0,0.0,0,85.77
8050,0,0.01,0,119.89
8051,0,0.01,0,79.33
8052,0,0.0,0,356.19
8053,1,0.61,1,199.54
8054,0,0.0,0,20.15
8055,0,0.0,0,45.88
8056,0,0.0,0,63.59
8057,0,0.0,0,22.6
8058,0,0.0,0,164.44
8059,0,0.0,0,40.84
8060,0,0.0,0,113.41
8061,0,0.01,0,3.08
8062,0,0.01,0,17.53
8063,0,0.0,0,41.27
8064,0,0.0,0,17.62
8065,0,0.01,0,24.35
8066,0,0.0,0,48.84
8067,0,0.0,0,13.7
8068,0,0.0,0,78.01
8069,0,0.0,0,62.17
8070,0,0.0,0,207.79
8071,0,0.01,0,8.74
8072,0,0.0,0,35.82
8073,0,0.0,0,16.25
8074,0,0.0,0,120.71
8075,0,0.0,0,33.37
8076,0,0.0,0,42.81
8077,0,0.0,0,10.87
8078,0,0.0,0,4.43
8079,0,0.0,0,193.45
8080,0,0.0,0,23.11
8081,0,0.03,0,766.3
8082,1,0.73,1,290.48
8083,0,0.0,0,51.51
8084,0,0.0,0,72.87
8085,0,0.0,0,41.99
8086,0,0.0,0,24.94
8087,0,0.0,0,714.79
8088,0,0.0,0,24.18
8089,0,0.01,0,49.94
8090,0,0.0,0,19.66
8091,0,0.0,0,84.32
8092,0,0.0,0,23.18
8093,0,0.0,0,10.64
8094,0,0.0,0,15.82
8095,0,0.0,0,105.4
8096,0,0.01,0,22.68
8097,0,0.0,0,275.78
8098,0,0.0,0,86.94
8099,0,0.02,0,25.56
8100,0,0.04,0,55.12
8101,0,0.04,0,365.86
8102,0,0.0,0,89.3
8103,0,0.0,0,46.3
8104,0,0.0,0,74.25
8105,0,0.0,0,33.29
8106,0,0.02,0,26.48
8107,0,0.02,0,36.64
8108,0,0.02,0,36.1
8109,0,0.01,0,10.46
8110,0,0.0,0,93.99
8111,0,0.0,0,60.96
8112,0,0.0,0,10.89
8113,0,0.0,0,9.55
8114,0,0.0,0,20.71
8115,0,0.0,0,54.41
8116,1,0.67,1,233.47
8117,0,0.0,0,27.26
8118,0,0.0,0,194.76
8119,0,0.01,0,156.98
8120,0,0.04,0,6.58
8121,0,0.0,0,110.18
8122,0,0.01,0,22.06
8123,0,0.01,0,51.88
8124,0,0.0,0,67.91
8125,0,0.0,0,183.85
8126,0,0.0,0,30.68
8127,0,0.0,0,40.54
8128,0,0.0,0,23.77
8129,0,0.06,0,67.6
8130,0,0.0,0,10.57
8131,0,0.0,0,411.42
8132,0,0.0,0,16.95
8133,0,0.0,0,34.74
8134,0,0.0,0,69.28
8135,0,0.0,0,78.97
8136,0,0.01,0,160.61
8137,0,0.0,0,278.49
8138,0,0.0,0,45.32
8139,0,0.0,0,66.67
8140,0,0.0,0,85.66
8141,0,0.0,0,128.59
8142,0,0.0,0,27.44
8143,0,0.0,0,310.04
8144,0,0.0,0,78.07
8145,0,0.0,0,7.58
8146,0,0.0,0,32.02
8147,0,0.01,0,20.27
8148,0,0.0,0,48.48
8149,0,0.0,0,58.29
8150,0,0.0,0,21.02
8151,0,0.0,0,54.44
8152,0,0.0,0,87.84
8153,0,0.0,0,139.86
8154,0,0.0,0,74.92
8155,0,0.0,0,18.89
8156,0,0.07,0,10.26
8157,0,0.0,0,28.95
8158,0,0.0,0,858.86
8159,0,0.0,0,208.02
8160,0,0.0,0,59.57
8161,0,0.0,0,21.71
8162,0,0.0,0,193.37
8163,0,0.0,0,32.08
8164,0,0.04,0,59.22
8165,0,0.0,0,50.7
8166,0,0.0,0,237.8
8167,0,0.0,0,238.64
8168,0,0.0,0,17.46
8169,0,0.01,0,29.88
8170,0,0.0,0,205.72
8171,0,0.0,0,349.44
8172,0,0.04,0,26.95
8173,0,0.01,0,23.25
8174,0,0.02,0,114.98
8175,0,0.0,0,108.25
8176,0,0.0,0,22.47
8177,0,0.0,0,64.65
8178,0,0.03,0,9.1
8179,0,0.0,0,81.79
8180,0,0.0,0,60.86
8181,0,0.04,0,8.11
8182,0,0.0,0,75.96
8183,0,0.0,0,125.73
8184,0,0.02,0,799.96
8185,0,0.0,0,6.92
8186,0,0.01,0,26.29
8187,0,0.0,0,10.65
8188,0,0.01,0,9.55
8189,0,0.0,0,1104.78
8190,0,0.0,0,214.61
8191,0,0.0,0,130.17
8192,0,0.03,0,27.53
8193,0,0.01,0,47.28
8194,0,0.0,0,31.28
8195,0,0.0,0,106.36
8196,0,0.0,0,19.26
8197,0,0.0,0,37.21
8198,0,0.04,0,146.8
8199,0,0.08,0,1638.51
8200,0,0.03,0,27.5
8201,0,0.0,0,196.52
8202,0,0.0,0,41.41
8203,0,0.01,0,56.37
8204,0,0.0,0,16.51
8205,0,0.0,0,116.25
8206,0,0.0,0,196.21
8207,0,0.01,0,55.89
8208,0,0.0,0,28.84
8209,0,0.02,0,225.19
8210,1,0.65,1,76.13
8211,0,0.01,0,159.2
8212,0,0.0,0,18.05
8213,0,0.01,0,108.98
8214,0,0.0,0,177.68
8215,0,0.0,0,65.19
8216,0,0.0,0,25.57
8217,0,0.0,0,40.53
8218,0,0.01,0,35.39
8219,0,0.0,0,16.3
8220,0,0.0,0,1002.45
8221,0,0.02,0,19.18
8222,0,0.02,0,47.07
8223,0,0.0,0,79.88
8224,0,0.0,0,60.12
8225,0,0.0,0,46.32
8226,0,0.0,0,403.85
8227,0,0.0,0,39.77
8228,0,0.0,0,18.99
8229,0,0.0,0,60.14
8230,0,0.02,0,378.01
8231,0,0.0,0,15.92
8232,0,0.0,0,128.78
8233,0,0.0,0,139.25
8234,0,0.01,0,97.52
8235,0,0.02,0,1910.03
8236,0,0.0,0,80.78
8237,0,0.0,0,297.01
8238,0,0.02,0,60.78
8239,0,0.0,0,19.05
8240,0,0.0,0,69.75
8241,0,0.0,0,40.95
8242,0,0.0,0,38.54
8243,0,0.0,0,168.69
8244,0,0.01,0,48.38
8245,0,0.0,0,56.7
8246,0,0.0,0,23.33
8247,0,0.02,0,45.85
8248,0,0.01,0,210.87
8249,0,0.06,0,421.73
8250,0,0.01,0,76.44
8251,0,0.0,0,208.51
8252,0,0.0,0,93.89
8253,0,0.01,0,69.55
8254,0,0.02,0,278.78
8255,0,0.0,0,9.41
8256,0,0.01,0,25.1
8257,0,0.04,0,250.51
8258,0,0.01,0,23.64
8259,0,0.01,0,4.62
8260,0,0.01,0,48.61
8261,0,0.02,0,145.55
8262,0,0.0,0,3.81
8263,0,0.05,0,117.56
8264,0,0.0,0,78.87
8265,0,0.03,0,22.16
8266,0,0.0,0,980.22
8267,0,0.0,0,201.44
8268,0,0.0,0,48.45
8269,0,0.0,0,58.73
8270,0,0.0,0,20.02
8271,0,0.0,0,58.94
8272,0,0.01,0,456.75
8273,0,0.01,0,34.16
8274,0,0.01,0,114.72
8275,0,0.0,0,24.27
8276,0,0.0,0,17.27
8277,0,0.0,0,995.52
8278,0,0.0,0,211.88
8279,0,0.0,0,16.43
8280,0,0.0,0,4.36
8281,0,0.0,0,508.54
8282,0,0.01,0,3124.59
8283,0,0.0,0,269.53
8284,0,0.01,0,26.62
8285,0,0.0,0,64.55
8286,0,0.04,0,380.67
8287,0,0.0,0,15.06
8288,0,0.0,0,32.18
8289,0,0.0,0,19.2
8290,0,0.0,0,13.39
8291,0,0.0,0,13.22
8292,0,0.0,0,46.98
8293,0,0.0,0,211.36
8294,0,0.01,0,136.21
8295,0,0.0,0,10.44
8296,0,0.0,0,18.12
8297,0,0.0,0,55.94
8298,0,0.01,0,190.81
8299,0,0.03,0,42.02
8300,0,0.0,0,56.36
8301,0,0.0,0,20.61
8302,0,0.0,0,161.12
8303,0,0.01,0,12.29
8304,0,0.0,0,103.54
8305,0,0.0,0,751.09
8306,0,0.0,0,142.16
8307,0,0.0,0,35.72
8308,0,0.02,0,66.38
8309,0,0.02,0,865.45
8310,0,0.0,0,37.47
8311,0,0.0,0,53.62
8312,0,0.0,0,1559.45
8313,0,0.0,0,61.43
8314,0,0.0,0,35.15
8315,0,0.0,0,94.09
8316,0,0.0,0,35.14
8317,0,0.0,0,361.98
8318,0,0.0,0,11.6
8319,0,0.0,0,25.29
8320,0,0.0,0,10.07
8321,0,0.0,0,136.71
8322,0,0.0,0,196.26
8323,0,0.0,0,19.21
8324,0,0.0,0,52.6
8325,0,0.01,0,9.2
8326,0,0.0,0,74.59
8327,0,0.0,0,651.41
8328,0,0.04,0,86.85
8329,0,0.0,0,181.89
8330,0,0.0,0,40.96
8331,0,0.0,0,34.29
8332,0,0.0,0,34.67
8333,0,0.02,0,269.29
8334,0,0.01,0,19.95
8335,0,0.0,0,214.31
8336,0,0.05,0,30.75
8337,0,0.01,0,737.55
8338,0,0.0,0,109.08
8339,0,0.0,0,23.97
8340,0,0.03,0,374.23
8341,0,0.01,0,49.46
8342,0,0.0,0,42.3
8343,0,0.0,0,94.16
8344,1,0.67,1,1742.27
8345,0,0.0,0,53.87
8346,0,0.0,0,17.13
8347,0,0.0,0,19.94
8348,0,0.0,0,40.91
8349,0,0.0,0,143.62
8350,0,0.0,0,65.56
8351,0,0.0,0,32.03
8352,0,0.0,0,107.08
8353,0,0.0,0,57.91
8354,0,0.02,0,171.06
8355,0,0.0,0,13.64
8356,0,0.0,0,24.09
8357,0,0.0,0,21.57
8358,0,0.0,0,103.87
8359,0,0.01,0,93.82
8360,0,0.01,0,148.18
8361,0,0.0,0,581.5
8362,0,0.0,0,450.99
8363,0,0.0,0,55.43
8364,0,0.0,0,114.03
8365,0,0.0,0,56.08
8366,0,0.0,0,84.81
8367,0,0.0,0,135.09
8368,0,0.0,0,53.57
8369,0,0.06,0,31.02
8370,0,0.0,0,443.68
8371,0,0.0,0,70.84
8372,0,0.0,0,139.9
8373,0,0.0,0,68.6
8374,0,0.0,0,122.18
8375,0,0.0,0,230.71
8376,0,0.0,0,10.65
8377,0,0.0,0,58.54
8378,0,0.05,0,35.16
8379,0,0.0,0,55.96
8380,0,0.0,0,9.64
8381,0,0.0,0,16.57
8382,0,0.01,0,120.14
8383,0,0.02,0,31.85
8384,0,0.0,0,250.0
8385,0,0.0,0,4.47
8386,0,0.0,0,5.43
8387,0,0.01,0,33.16
8388,0,0.0,0,115.12
8389,0,0.05,0,83.13
8390,0,0.0,0,26.79
8391,0,0.0,0,175.59
8392,0,0.0,0,48.05
8393,0,0.0,0,111.86
8394,0,0.0,0,288.11
8395,0,0.0,0,37.71
8396,0,0.0,0,6.49
8397,0,0.0,0,49.08
8398,0,0.0,0,189.39
8399,0,0.01,0,582.62
8400,0,0.0,0,45.87
8401,0,0.0,0,141.89
8402,0,0.0,0,440.33
8403,0,0.04,0,24.51
8404,0,0.02,0,33.27
8405,0,0.0,0,192.95
8406,0,0.0,0,82.55
8407,0,0.0,0,42.05
8408,0,0.0,0,93.61
8409,0,0.0,0,10.41
8410,0,0.0,0,261.72
8411,0,0.0,0,122.3
8412,0,0.01,0,13.07
8413,0,0.02,0,92.21
8414,0,0.01,0,127.14
8415,0,0.0,0,248.89
8416,0,0.0,0,101.1
8417,0,0.0,0,160.5
8418,0,0.0,0,30.48
8419,0,0.0,0,5.05
8420,0,0.0,0,12.87
8421,0,0.0,0,31.36
8422,0,0.0,0,141.29
8423,0,0.04,0,60.57
8424,0,0.0,0,18.78
8425,0,0.0,0,26.75
8426,0,0.0,0,50.37
8427,0,0.0,0,28.59
8428,0,0.0,0,30.51
8429,0,0.0,0,63.52
8430,0,0.0,0,79.25
8431,0,0.01,0,112.9
8432,0,0.02,0,97.16
8433,0,0.0,0,96.3
8434,0,0.0,0,25.11
8435,0,0.03,0,23.01
8436,0,0.0,0,79.22
8437,0,0.0,0,48.03
8438,0,0.01,0,291.56
8439,0,0.0,0,139.37
8440,0,0.02,0,8.73
8441,1,0.67,1,4.91
8442,0,0.0,0,986.33
8443,0,0.0,0,16.99
8444,0,0.0,0,1221.17
8445,0,0.0,0,59.39
8446,0,0.0,0,3.06
8447,0,0.0,0,19.89
8448,0,0.0,0,76.27
8449,0,0.0,0,13.47
8450,0,0.11,0,15.68
8451,0,0.0,0,57.82
8452,0,0.02,0,27.37
8453,0,0.0,0,54.79
8454,0,0.0,0,29.87
8455,0,0.0,0,42.22
8456,0,0.0,0,340.89
8457,0,0.01,0,1829.44
8458,0,0.0,0,115.32
8459,0,0.0,0,134.05
8460,0,0.0,0,56.45
8461,0,0.0,0,745.25
8462,0,0.01,0,5.96
8463,0,0.0,0,178.27
8464,0,0.01,0,42.5
8465,0,0.0,0,34.18
8466,0,0.01,0,32.15
8467,0,0.0,0,45.48
8468,0,0.0,0,201.88
8469,0,0.01,0,95.06
8470,0,0.0,0,50.99
8471,0,0.0,0,86.14
8472,0,0.0,0,1.91
8473,0,0.0,0,305.35
8474,0,0.0,0,399.44
8475,0,0.0,0,68.61
8476,0,0.0,0,183.98
8477,0,0.0,0,77.33
8478,0,0.01,0,171.18
8479,0,0.0,0,210.84
8480,0,0.0,0,90.99
8481,0,0.0,0,79.22
8482,0,0.01,0,17.19
8483,0,0.0,0,77.27
8484,0,0.01,0,11.28
8485,0,0.01,0,42.35
8486,0,0.0,0,109.69
8487,0,0.03,0,62.83
8488,0,0.0,0,101.9
8489,0,0.01,0,10.5
8490,0,0.0,0,165.45
8491,1,0.59,1,17.85
8492,0,0.0,0,401.79
8493,0,0.01,0,14.85
8494,0,0.02,0,28.94
8495,0,0.0,0,77.3
8496,0,0.0,0,101.37
8497,0,0.0,0,104.59
8498,1,0.7,1,69.41
8499,0,0.01,0,88.61
8500,0,0.0,0,34.0
8501,0,0.0,0,21.27
8502,0,0.01,0,80.66
8503,0,0.0,0,145.29
8504,0,0.0,0,59.1
8505,0,0.01,0,31.3
8506,0,0.0,0,261.45
8507,0,0.01,0,60.73
8508,1,0.7,1,253.59
8509,0,0.0,0,65.84
8510,0,0.0,0,5435.43
8511,0,0.0,0,39.67
8512,0,0.0,0,31.31
8513,0,0.0,0,34.13
8514,0,0.0,0,44.28
8515,0,0.01,0,413.54
8516,0,0.0,0,364.23
8517,0,0.0,0,77.27
8518,0,0.0,0,35.0
8519,0,0.0,0,56.78
8520,0,0.0,0,382.09
8521,0,0.0,0,13.4
8522,0,0.0,0,23.57
8523,0,0.01,0,202.64
8524,0,0.01,0,139.36
8525,1,0.6,1,191.36
8526,0,0.0,0,42.67
8527,0,0.0,0,81.26
8528,0,0.0,0,57.3
8529,0,0.0,0,71.8
8530,0,0.01,0,601.94
8531,0,0.06,0,11.72
8532,0,0.0,0,81.94
8533,0,0.0,0,14.64
8534,1,0.65,1,55.4
8535,0,0.0,0,465.37
8536,0,0.0,0,14.38
8537,0,0.0,0,5.86
8538,0,0.01,0,103.44
8539,0,0.0,0,67.66
8540,0,0.0,0,12.56
8541,0,0.0,0,23.87
8542,0,0.01,0,62.8
8543,0,0.01,0,9.3
8544,0,0.0,0,29.76
8545,0,0.0,0,30.51
8546,0,0.0,0,23.07
8547,0,0.07,0,39.47
8548,0,0.01,0,8.17
8549,0,0.02,0,152.49
8550,0,0.0,0,40.67
8551,0,0.0,0,571.9
8552,0,0.0,0,35.05
8553,0,0.03,0,123.15
8554,0,0.02,0,646.84
8555,0,0.0,0,19.18
8556,0,0.01,0,192.94
8557,0,0.0,0,302.09
8558,0,0.0,0,6.21
8559,0,0.0,0,68.09
8560,0,0.02,0,130.29
8561,0,0.0,0,24.23
8562,0,0.0,0,127.89
8563,0,0.0,0,105.45
8564,0,0.0,0,72.54
8565,0,0.0,0,381.22
8566,0,0.0,0,630.99
8567,0,0.02,0,25.0
8568,0,0.0,0,101.73
8569,0,0.0,0,14.08
8570,0,0.0,0,73.58
8571,0,0.03,0,140.73
8572,0,0.0,0,64.15
8573,0,0.01,0,19.51
8574,0,0.0,0,20.11
8575,0,0.0,0,21.96
8576,0,0.02,0,103.42
8577,0,0.0,0,20.67
8578,0,0.0,0,37.89
8579,0,0.0,0,9.97
8580,0,0.0,0,39.68
8581,0,0.01,0,22.89
8582,0,0.0,0,44.14
8583,0,0.0,0,38.15
8584,0,0.01,0,69.57
8585,0,0.0,0,242.26
8586,0,0.0,0,31.49
8587,0,0.0,0,34.61
8588,0,0.0,0,121.73
8589,0,0.0,0,115.85
8590,0,0.0,0,277.61
8591,0,0.01,0,181.27
8592,0,0.0,0,29.36
8593,0,0.01,0,6.42
8594,0,0.01,0,25.11
8595,0,0.0,0,46.73
8596,0,0.04,0,17.05
8597,0,0.03,0,118.98
8598,0,0.0,0,56.94
8599,0,0.0,0,42.36
8600,0,0.01,0,160.67
8601,0,0.0,0,157.03
8602,0,0.0,0,13.87
8603,0,0.0,0,92.63
8604,0,0.0,0,9.51
8605,0,0.0,0,30.94
8606,0,0.0,0,107.23
8607,0,0.03,0,39.83
8608,0,0.0,0,214.49
8609,0,0.01,0,117.61
8610,0,0.02,0,39.32
8611,0,0.0,0,49.57
8612,0,0.02,0,44.11
8613,0,0.02,0,11.89
8614,1,0.61,1,295.89
8615,0,0.0,0,121.05
8616,0,0.02,0,123.77
8617,0,0.0,0,9.69
8618,0,0.0,0,18.37
8619,0,0.0,0,32.69
8620,0,0.0,0,106.78
8621,0,0.0,0,68.88
8622,0,0.0,0,60.74
8623,0,0.0,0,86.65
8624,0,0.01,0,43.96
8625,0,0.02,0,3.47
8626,0,0.0,0,15.98
8627,0,0.0,0,13.37
8628,0,0.04,0,114.68
8629,0,0.03,0,29.38
8630,0,0.0,0,190.01
8631,0,0.0,0,193.35
8632,0,0.0,0,38.54
8633,0,0.01,0,282.86
8634,0,0.0,0,19.77
8635,0,0.0,0,17.93
8636,0,0.0,0,94.67
8637,0,0.0,0,208.22
8638,0,0.01,0,6.86
8639,0,0.0,0,315.91
8640,0,0.0,0,878.58
8641,0,0.0,0,29.65
8642,0,0.03,0,548.33
8643,0,0.02,0,95.51
8644,0,0.02,0,6.61
8645,0,0.01,0,6.22
8646,0,0.04,0,6.66
8647,0,0.0,0,33.65
8648,0,0.0,0,253.92
8649,0,0.0,0,10.07
8650,0,0.11,0,17.23
8651,0,0.0,0,208.54
8652,0,0.0,0,193.97
8653,0,0.0,0,14.45
8654,0,0.0,0,78.79
8655,0,0.0,0,52.7
8656,0,0.0,0,90.59
8657,0,0.0,0,33.51
8658,0,0.04,0,145.65
8659,0,0.03,0,105.93
8660,0,0.0,0,7.01
8661,0,0.01,0,7.04
8662,0,0.0,0,282.39
8663,0,0.0,0,20.52
8664,0,0.0,0,166.82
8665,0,0.0,0,169.13
8666,0,0.01,0,8.65
8667,0,0.0,0,5.09
8668,0,0.0,0,21.66
8669,0,0.01,0,46.46
8670,0,0.01,0,25.88
8671,0,0.0,0,49.51
8672,0,0.0,0,11.99
8673,0,0.01,0,25.11
8674,0,0.02,0,185.59
8675,0,0.03,0,242.55
8676,0,0.01,0,19.73
8677,0,0.0,0,200.04
8678,0,0.0,0,88.08
8679,0,0.03,0,27.03
8680,0,0.03,0,663.52
8681,0,0.0,0,79.22
8682,0,0.0,0,26.0
8683,0,0.0,0,49.57
8684,0,0.0,0,28.84
8685,0,0.0,0,13.37
8686,0,0.01,0,27.6
8687,0,0.0,0,31.64
8688,0,0.0,0,22.26
8689,1,0.6,1,74.16
8690,0,0.03,0,1083.75
8691,0,0.0,0,32.65
8692,0,0.0,0,28.52
8693,0,0.04,0,351.2
8694,0,0.05,0,388.29
8695,0,0.0,0,448.94
8696,0,0.0,0,7.31
8697,0,0.0,0,7.96
8698,0,0.0,0,34.76
8699,0,0.0,0,52.13
8700,0,0.0,0,28.18
8701,0,0.03,0,98.41
8702,0,0.01,0,17.23
8703,0,0.01,0,8.72
8704,0,0.0,0,16.59
8705,0,0.0,0,9.05
8706,0,0.0,0,57.97
8707,0,0.0,0,863.19
8708,0,0.0,0,71.97
8709,0,0.01,0,128.61
8710,0,0.0,0,204.48
8711,0,0.01,0,13.42
8712,0,0.05,0,402.54
8713,0,0.0,0,10.23
8714,0,0.0,0,119.75
8715,0,0.0,0,6.44
8716,0,0.0,0,465.17
8717,0,0.0,0,128.59
8718,0,0.0,0,19.75
8719,0,0.0,0,76.09
8720,0,0.0,0,76.29
8721,0,0.02,0,202.83
8722,0,0.01,0,14.82
8723,0,0.01,0,116.58
8724,0,0.0,0,13.75
8725,0,0.0,0,21.36
8726,0,0.0,0,26.27
8727,0,0.01,0,183.03
8728,0,0.01,0,236.79
8729,0,0.0,0,38.86
8730,0,0.0,0,84.25
8731,0,0.01,0,42.11
8732,0,0.0,0,162.1
8733,0,0.0,0,6.26
8734,0,0.01,0,60.16
8735,0,0.01,0,34.31
8736,0,0.0,0,23.15
8737,0,0.0,0,60.12
8738,0,0.02,0,958.8
8739,0,0.0,0,29.08
8740,0,0.0,0,196.19
8741,0,0.0,0,30.06
8742,0,0.0,0,79.1
8743,0,0.0,0,22.22
8744,0,0.0,0,45.7
8745,0,0.0,0,92.02
8746,0,0.0,0,29.22
8747,0,0.0,0,41.43
8748,0,0.0,0,59.07
8749,0,0.05,0,1467.4
8750,0,0.02,0,7.86
8751,0,0.0,0,51.58
8752,0,0.0,0,16.94
8753,0,0.0,0,98.95
8754,0,0.0,0,77.99
8755,0,0.0,0,50.5
8756,0,0.0,0,18.83
8757,0,0.0,0,13.61
8758,0,0.0,0,37.96
8759,0,0.0,0,10.66
8760,0,0.03,0,92.13
8761,0,0.0,0,38.37
8762,0,0.0,0,54.77
8763,0,0.0,0,293.14
8764,0,0.01,0,5.75
8765,0,0.02,0,91.94
8766,0,0.0,0,129.5
8767,0,0.04,0,582.78
8768,0,0.0,0,8.86
8769,0,0.01,0,47.53
8770,0,0.0,0,90.45
8771,0,0.0,0,30.27
8772,0,0.0,0,343.85
8773,0,0.0,0,1.81
8774,0,0.0,0,18.75
8775,0,0.0,0,23.24
8776,0,0.02,0,1405.05
8777,0,0.0,0,607.69
8778,0,0.03,0,10.61
8779,0,0.0,0,108.39
8780,0,0.0,0,93.42
8781,0,0.0,0,31.82
8782,0,0.0,0,26.09
8783,0,0.0,0,17.37
8784,0,0.08,0,124.97
8785,0,0.0,0,20.39
8786,0,0.0,0,86.11
8787,0,0.0,0,46.12
8788,0,0.01,0,199.08
8789,0,0.02,0,21.68
8790,0,0.0,0,23.33
8791,0,0.0,0,91.9
8792,0,0.0,0,51.85
8793,0,0.0,0,187.99
8794,0,0.0,0,7.41
8795,0,0.13,0,25.88
8796,0,0.0,0,142.15
8797,0,0.02,0,87.03
8798,0,0.0,0,39.44
8799,0,0.0,0,30.78
8800,0,0.0,0,58.25
8801,0,0.01,0,398.55
8802,0,0.03,0,28.9
8803,0,0.02,0,267.13
8804,0,0.0,0,19.8
8805,0,0.0,0,72.09
8806,0,0.0,0,28.53
8807,0,0.0,0,63.09
8808,0,0.0,0,174.08
8809,0,0.01,0,25.7
8810,0,0.0,0,20.88
8811,0,0.0,0,68.5
8812,0,0.0,0,89.65
8813,0,0.0,0,44.18
8814,0,0.0,0,43.03
8815,0,0.03,0,837.61
8816,0,0.0,0,187.35
8817,0,0.0,0,221.43
8818,0,0.0,0,12.89
8819,0,0.01,0,18.37
8820,0,0.0,0,16.0
8821,0,0.0,0,18.58
8822,0,0.0,0,52.61
8823,0,0.0,0,78.55
8824,0,0.0,0,124.16
8825,0,0.02,0,11.82
8826,0,0.0,0,69.16
8827,0,0.01,0,225.93
8828,0,0.0,0,85.68
8829,0,0.0,0,70.04
8830,0,0.01,0,166.93
8831,0,0.0,0,38.16
8832,0,0.0,0,23.54
8833,0,0.0,0,14.23
8834,0,0.0,0,23.71
8835,0,0.02,0,1201.35
8836,0,0.0,0,33.5
8837,0,0.0,0,2.56
8838,0,0.0,0,41.75
8839,0,0.0,0,122.08
8840,0,0.0,0,17.19
8841,0,0.0,0,34.65
8842,0,0.0,0,141.73
8843,0,0.03,0,58.26
8844,0,0.0,0,63.18
8845,0,0.0,0,94.88
8846,0,0.0,0,72.26
8847,0,0.0,0,14.18
8848,0,0.02,0,22.59
8849,0,0.02,0,174.86
8850,0,0.01,0,26.91
8851,0,0.02,0,132.44
8852,0,0.0,0,34.01
8853,0,0.0,0,10.2
8854,0,0.01,0,104.49
8855,0,0.0,0,57.15
8856,0,0.0,0,30.83
8857,0,0.0,0,108.09
8858,0,0.01,0,44.72
8859,0,0.02,0,369.85
8860,0,0.05,0,6.94
8861,0,0.0,0,41.31
8862,0,0.01,0,19.8
8863,0,0.0,0,5.13
8864,0,0.0,0,30.7
8865,0,0.0,0,11.12
8866,0,0.02,0,101.73
8867,0,0.0,0,18.34
8868,0,0.0,0,13.91
8869,0,0.01,0,50.91
8870,0,0.0,0,25.96
8871,0,0.04,0,49.08
8872,0,0.0,0,57.34
8873,0,0.07,0,230.29
8874,0,0.01,0,52.84
8875,0,0.0,0,67.18
8876,0,0.02,0,38.62
8877,0,0.0,0,152.52
8878,0,0.06,0,92.28
8879,0,0.0,0,29.12
8880,0,0.0,0,265.93
8881,0,0.0,0,87.15
8882,0,0.03,0,222.63
8883,0,0.0,0,25.47
8884,0,0.0,0,32.33
8885,0,0.01,0,145.79
8886,0,0.0,0,31.34
8887,0,0.01,0,395.51
8888,0,0.02,0,83.12
8889,0,0.0,0,59.02
8890,0,0.0,0,89.07
8891,0,0.0,0,1009.54
8892,0,0.01,0,72.03
8893,0,0.01,0,112.2
8894,0,0.02,0,35.28
8895,0,0.0,0,134.5
8896,0,0.01,0,208.48
8897,0,0.02,0,139.44
8898,0,0.0,0,105.36
8899,0,0.01,0,365.38
8900,0,0.0,0,20.11
8901,0,0.03,0,138.37
8902,0,0.0,0,392.63
8903,0,0.0,0,522.39
8904,0,0.0,0,165.77
8905,0,0.0,0,99.26
8906,0,0.0,0,50.86
8907,0,0.0,0,23.74
8908,0,0.0,0,128.88
8909,0,0.0,0,89.36
8910,0,0.0,0,62.69
8911,0,0.01,0,54.78
8912,0,0.0,0,25.48
8913,0,0.02,0,1259.87
8914,0,0.0,0,24.83
8915,0,0.0,0,17.69
8916,0,0.0,0,327.48
8917,0,0.0,0,163.53
8918,0,0.0,0,56.62
8919,0,0.0,0,64.49
8920,0,0.0,0,63.14
8921,0,0.0,0,281.0
8922,0,0.01,0,52.12
8923,0,0.0,0,46.14
8924,0,0.02,0,77.1
8925,0,0.0,0,34.19
8926,0,0.03,0,189.64
8927,0,0.01,0,4.53
8928,0,0.0,0,128.35
8929,0,0.0,0,119.7
8930,0,0.0,0,8.1
8931,0,0.01,0,53.32
8932,0,0.0,0,184.46
8933,0,0.0,0,31.38
8934,0,0.0,0,318.66
8935,0,0.0,0,193.39
8936,0,0.01,0,19.49
8937,0,0.0,0,112.06
8938,0,0.02,0,293.43
8939,0,0.0,0,31.6
8940,0,0.0,0,47.91
8941,0,0.0,0,418.88
8942,0,0.0,0,120.41
8943,0,0.0,0,146.71
8944,0,0.02,0,15.37
8945,0,0.0,0,41.74
8946,0,0.0,0,53.64
8947,0,0.0,0,4.11
8948,0,0.01,0,37.21
8949,0,0.0,0,41.97
8950,0,0.01,0,30.27
8951,0,0.04,0,5.66
8952,0,0.0,0,308.83
8953,0,0.02,0,31.33
8954,0,0.0,0,155.08
8955,0,0.0,0,35.05
8956,0,0.0,0,37.45
8957,0,0.02,0,54.46
8958,0,0.0,0,142.9
8959,0,0.0,0,120.85
8960,0,0.0,0,622.24
8961,0,0.0,0,36.07
8962,0,0.01,0,5.46
8963,0,0.0,0,258.51
8964,0,0.05,0,19.3
8965,0,0.0,0,247.09
8966,0,0.01,0,43.5
8967,0,0.03,0,427.15
8968,0,0.0,0,84.15
8969,0,0.0,0,66.79
8970,0,0.0,0,87.19
8971,0,0.01,0,167.58
8972,0,0.0,0,24.36
8973,0,0.01,0,1.14
8974,0,0.0,0,4.91
8975,0,0.0,0,70.35
8976,0,0.0,0,22.6
8977,0,0.0,0,46.19
8978,0,0.01,0,130.03
8979,0,0.0,0,71.65
8980,0,0.0,0,145.42
8981,0,0.0,0,107.13
8982,0,0.0,0,61.56
8983,0,0.0,0,99.58
8984,0,0.0,0,38.31
8985,0,0.03,0,18.34
8986,0,0.01,0,21.95
8987,0,0.0,0,313.82
8988,0,0.02,0,609.61
8989,0,0.0,0,158.87
8990,0,0.02,0,24.65
8991,0,0.01,0,57.05
8992,0,0.02,0,144.55
8993,0,0.0,0,312.28
8994,0,0.0,0,159.27
8995,0,0.02,0,16.9
8996,0,0.0,0,54.71
8997,0,0.0,0,136.08
8998,0,0.01,0,26.12
8999,0,0.0,0,23.26
9000,0,0.01,0,37.29
9001,0,0.05,0,526.42
9002,0,0.0,0,215.39
9003,0,0.0,0,12.29
9004,0,0.0,0,61.31
9005,0,0.04,0,340.52
9006,1,0.64,1,140.93
9007,0,0.0,0,5.35
9008,0,0.0,0,36.58
9009,0,0.0,0,23.68
9010,0,0.0,0,45.39
9011,0,0.0,0,123.22
9012,0,0.0,0,161.68
9013,0,0.0,0,33.39
9014,0,0.01,0,1.73
9015,0,0.01,0,56.65
9016,0,0.01,0,242.05
9017,0,0.0,0,34.43
9018,0,0.0,0,15.06
9019,0,0.0,0,14.66
9020,0,0.0,0,248.38
9021,0,0.0,0,515.03
9022,0,0.06,0,3933.09
9023,0,0.0,0,118.18
9024,0,0.0,0,465.65
9025,0,0.0,0,54.64
9026,0,0.0,0,26.51
9027,0,0.01,0,15.75
9028,0,0.0,0,27.69
9029,0,0.0,0,39.36
9030,0,0.07,0,29.78
9031,0,0.0,0,43.24
9032,0,0.0,0,49.89
9033,0,0.06,0,123.13
9034,0,0.0,0,68.28
9035,0,0.0,0,79.06
9036,0,0.04,0,24.46
9037,0,0.01,0,52.62
9038,0,0.0,0,107.2
9039,0,0.0,0,2.49
9040,0,0.0,0,11.75
9041,0,0.0,0,87.34
9042,0,0.0,0,416.94
9043,0,0.0,0,18.6
9044,0,0.01,0,28.08
9045,0,0.02,0,112.73
9046,0,0.0,0,45.78
9047,0,0.0,0,819.84
9048,0,0.0,0,175.3
9049,0,0.0,0,57.27
9050,0,0.0,0,11.55
9051,0,0.02,0,22.14
9052,0,0.0,0,43.29
9053,0,0.0,0,69.39
9054,0,0.0,0,413.93
9055,0,0.03,0,7.06
9056,0,0.01,0,112.91
9057,0,0.0,0,20.52
9058,0,0.01,0,56.65
9059,0,0.0,0,14.35
9060,0,0.01,0,9.09
9061,0,0.0,0,65.47
9062,0,0.0,0,25.9
9063,0,0.02,0,385.02
9064,0,0.0,0,68.13
9065,0,0.0,0,187.26
9066,0,0.0,0,7.78
9067,0,0.0,0,29.73
9068,0,0.01,0,333.92
9069,0,0.0,0,495.8
9070,0,0.0,0,41.45
9071,0,0.0,0,24.33
9072,0,0.0,0,199.19
9073,0,0.0,0,53.95
9074,0,0.0,0,185.89
9075,0,0.02,0,3.13
9076,0,0.0,0,43.6
9077,0,0.0,0,60.38
9078,0,0.0,0,14.54
9079,0,0.0,0,246.19
9080,0,0.0,0,29.29
9081,0,0.0,0,630.16
9082,0,0.05,0,130.86
9083,0,0.0,0,81.11
9084,0,0.0,0,65.42
9085,0,0.0,0,35.08
9086,0,0.0,0,38.86
9087,0,0.02,0,32.19
9088,0,0.0,0,106.38
9089,0,0.0,0,46.69
9090,0,0.0,0,29.13
9091,0,0.0,0,6.0
9092,0,0.03,0,10.44
9093,0,0.0,0,23.19
9094,0,0.11,0,2.03
9095,0,0.0,0,325.46
9096,0,0.01,0,53.46
9097,0,0.03,0,65.6
9098,0,0.0,0,42.42
9099,0,0.01,0,222.62
9100,0,0.01,0,168.04
9101,0,0.0,0,155.46
9102,0,0.0,0,64.6
9103,0,0.0,0,273.19
9104,0,0.0,0,166.98
9105,0,0.04,0,207.26
9106,0,0.0,0,310.79
9107,0,0.0,0,28.07
9108,0,0.0,0,70.53
9109,0,0.0,0,63.12
9110,0,0.01,0,455.21
9111,0,0.01,0,9.82
9112,0,0.0,0,17.95
9113,0,0.02,0,14.06
9114,0,0.0,0,315.52
9115,0,0.0,0,34.53
9116,0,0.01,0,4.12
9117,0,0.0,0,18.22
9118,0,0.01,0,187.3
9119,0,0.0,0,539.8
9120,0,0.0,0,226.38
9121,0,0.0,0,47.44
9122,0,0.0,0,90.03
9123,0,0.0,0,536.36
9124,0,0.0,0,28.98
9125,0,0.07,0,109.86
9126,0,0.01,0,7.24
9127,0,0.0,0,407.78
9128,0,0.01,0,6.62
9129,0,0.0,0,73.46
9130,0,0.0,0,70.04
9131,0,0.01,0,5.51
9132,0,0.0,0,30.66
9133,0,0.01,0,16.39
9134,0,0.0,0,75.52
9135,1,0.59,1,238.15
9136,0,0.0,0,85.31
9137,0,0.01,0,21.35
9138,0,0.04,0,1226.96
9139,0,0.0,0,63.64
9140,0,0.01,0,940.02
9141,0,0.0,0,5.64
9142,0,0.0,0,57.27
9143,0,0.0,0,20.54
9144,0,0.01,0,25.34
9145,0,0.0,0,4.59
9146,1,0.68,1,90.56
9147,0,0.03,0,10.64
9148,0,0.0,0,33.95
9149,0,0.0,0,53.35
9150,0,0.0,0,164.07
9151,0,0.01,0,223.65
9152,0,0.0,0,104.0
9153,0,0.0,0,6.37
9154,0,0.0,0,63.63
9155,0,0.0,0,107.56
9156,0,0.0,0,29.96
9157,0,0.0,0,34.2
9158,0,0.02,0,74.98
9159,0,0.0,0,172.39
9160,0,0.04,0,22.9
9161,0,0.0,0,5.47
9162,0,0.0,0,15.73
9163,0,0.01,0,75.02
9164,0,0.0,0,23.07
9165,0,0.0,0,17.46
9166,0,0.0,0,92.27
9167,0,0.0,0,112.56
9168,0,0.01,0,69.19
9169,0,0.01,0,177.96
9170,0,0.01,0,7.17
9171,0,0.0,0,117.13
9172,0,0.0,0,92.81
9173,0,0.0,0,139.35
9174,0,0.01,0,143.2
9175,0,0.05,0,138.81
9176,0,0.0,0,276.73
9177,0,0.01,0,15.79
9178,0,0.0,0,15.65
9179,0,0.01,0,6.9
9180,0,0.01,0,131.06
9181,0,0.01,0,23.81
9182,0,0.02,0,406.5
9183,0,0.0,0,59.61
9184,0,0.0,0,149.24
9185,0,0.0,0,56.84
9186,1,0.68,1,49.22
9187,0,0.01,0,447.71
9188,0,0.03,0,183.87
9189,0,0.0,0,42.44
9190,0,0.0,0,122.97
9191,0,0.0,0,564.05
9192,0,0.01,0,32.69
9193,0,0.01,0,47.01
9194,0,0.0,0,54.47
9195,0,0.01,0,41.46
9196,0,0.01,0,147.23
9197,0,0.0,0,45.35
9198,0,0.0,0,29.8
9199,0,0.05,0,26.81
9200,0,0.0,0,58.4
9201,0,0.0,0,310.3
9202,0,0.0,0,78.46
9203,0,0.0,0,149.94
9204,0,0.0,0,9.77
9205,0,0.0,0,8.02
9206,0,0.0,0,14.42
9207,0,0.01,0,3.03
9208,0,0.0,0,281.38
9209,0,0.02,0,127.33
9210,0,0.0,0,76.12
9211,0,0.0,0,42.26
9212,0,0.0,0,22.72
9213,0,0.0,0,51.6
9214,0,0.0,0,39.62
9215,0,0.0,0,366.0
9216,0,0.0,0,216.08
9217,0,0.01,0,533.97
9218,0,0.0,0,42.84
9219,0,0.01,0,232.22
9220,0,0.0,0,15.83
9221,0,0.0,0,30.78
9222,0,0.0,0,70.73
9223,0,0.0,0,20.19
9224,0,0.0,0,172.95
9225,0,0.0,0,313.48
9226,0,0.0,0,142.23
9227,0,0.04,0,53.59
9228,0,0.0,0,36.37
9229,0,0.01,0,232.7
9230,0,0.0,0,14.06
9231,0,0.0,0,244.08
9232,0,0.01,0,79.52
9233,0,0.01,0,12.74
9234,0,0.0,0,108.62
9235,0,0.02,0,6.86
9236,0,0.0,0,116.63
9237,0,0.0,0,80.78
9238,0,0.0,0,58.36
9239,0,0.0,0,52.78
9240,0,0.06,0,8.08
9241,0,0.0,0,9.63
9242,0,0.01,0,671.62
9243,0,0.0,0,32.23
9244,0,0.03,0,896.48
9245,0,0.0,0,51.11
9246,0,0.0,0,108.45
9247,0,0.0,0,478.59
9248,0,0.0,0,98.14
9249,0,0.0,0,10.84
9250,0,0.0,0,37.87
9251,0,0.0,0,7.91
9252,0,0.0,0,39.26
9253,0,0.01,0,272.79
9254,0,0.0,0,57.66
9255,0,0.03,0,256.57
9256,0,0.0,0,1.0
9257,0,0.0,0,117.85
9258,0,0.0,0,491.62
9259,0,0.01,0,1.0
9260,0,0.0,0,140.06
9261,0,0.0,0,125.07
9262,0,0.0,0,30.09
9263,0,0.02,0,25.99
9264,0,0.04,0,74.49
9265,0,0.0,0,55.12
9266,0,0.0,0,44.76
9267,0,0.01,0,693.11
9268,0,0.02,0,12.42
9269,0,0.01,0,617.69
9270,0,0.0,0,59.18
9271,0,0.0,0,95.4
9272,0,0.0,0,22.76
9273,0,0.0,0,45.82
9274,0,0.0,0,27.43
9275,0,0.0,0,170.07
9276,0,0.0,0,273.09
9277,0,0.0,0,48.67
9278,0,0.0,0,129.45
9279,0,0.0,0,67.19
9280,0,0.0,0,104.54
9281,0,0.0,0,44.14
9282,0,0.02,0,32.56
9283,0,0.0,0,74.44
9284,0,0.0,0,6.31
9285,0,0.01,0,524.09
9286,0,0.0,0,169.97
9287,0,0.02,0,43.13
9288,0,0.06,0,178.71
9289,0,0.0,0,71.18
9290,1,0.75,1,25.63
9291,0,0.04,0,5.72
9292,0,0.0,0,81.57
9293,0,0.0,0,30.48
9294,0,0.04,0,108.89
9295,0,0.0,0,38.06
9296,0,0.01,0,14.92
9297,0,0.02,0,22.06
9298,0,0.0,0,32.08
9299,0,0.0,0,1605.67
9300,0,0.0,0,90.35
9301,0,0.02,0,127.27
9302,0,0.0,0,10.87
9303,0,0.0,0,48.33
9304,0,0.01,0,25.93
9305,0,0.01,0,76.76
9306,0,0.0,0,28.8
9307,1,0.71,1,18.43
9308,0,0.0,0,29.7
9309,0,0.0,0,38.2
9310,0,0.0,0,61.16
9311,0,0.0,0,42.38
9312,0,0.0,0,24.77
9313,0,0.0,0,43.8
9314,0,0.0,0,36.91
9315,0,0.02,0,66.15
9316,0,0.0,0,23.03
9317,0,0.03,0,29.14
9318,0,0.0,0,394.97
9319,0,0.0,0,45.69
9320,0,0.0,0,406.0
9321,0,0.0,0,118.81
9322,0,0.0,0,41.75
9323,0,0.02,0,42.0
9324,0,0.0,0,164.04
9325,1,0.67,1,151.1
9326,0,0.0,0,30.28
9327,0,0.02,0,30.18
9328,0,0.0,0,30.81
9329,0,0.0,0,39.5
9330,0,0.0,0,23.13
9331,0,0.0,0,270.38
9332,0,0.0,0,41.71
9333,0,0.0,0,8.2
9334,0,0.0,0,606.6
9335,0,0.0,0,2.5
9336,0,0.04,0,23.23
9337,0,0.0,0,26.71
9338,0,0.02,0,4.56
9339,0,0.0,0,33.46
9340,0,0.0,0,57.75
9341,0,0.0,0,17.91
9342,0,0.0,0,61.06
9343,0,0.0,0,50.01
9344,0,0.0,0,150.76
9345,0,0.0,0,22.33
9346,0,0.0,0,37.88
9347,0,0.01,0,160.65
9348,0,0.0,0,295.21
9349,0,0.01,0,351.96
9350,0,0.01,0,89.82
9351,0,0.0,0,88.73
9352,0,0.01,0,8.63
9353,0,0.0,0,96.64
9354,0,0.0,0,94.05
9355,0,0.0,0,16.78
9356,1,0.75,1,158.79
9357,0,0.0,0,84.9
9358,0,0.0,0,79.94
9359,0,0.05,0,50.35
9360,0,0.0,0,118.41
9361,0,0.0,0,12.87
9362,0,0.0,0,14.29
9363,0,0.0,0,11.11
9364,0,0.01,0,52.27
9365,0,0.01,0,77.07
9366,0,0.0,0,53.51
9367,0,0.0,0,59.86
9368,0,0.0,0,15.1
9369,0,0.0,0,49.8
9370,0,0.01,0,9.74
9371,0,0.0,0,248.19
9372,0,0.0,0,63.9
9373,0,0.0,0,43.52
9374,0,0.0,0,5.3
9375,0,0.0,0,104.26
9376,0,0.0,0,118.93
9377,0,0.01,0,296.87
9378,0,0.01,0,48.27
9379,0,0.01,0,56.46
9380,0,0.0,0,36.67
9381,0,0.0,0,26.77
9382,0,0.0,0,71.69
9383,0,0.0,0,167.38
9384,0,0.0,0,20.83
9385,0,0.0,0,101.08
9386,0,0.03,0,16.14
9387,0,0.0,0,46.89
9388,0,0.0,0,24.67
9389,0,0.0,0,534.1
9390,0,0.0,0,31.29
9391,0,0.0,0,293.07
9392,0,0.0,0,29.6
9393,0,0.0,0,118.44
9394,0,0.0,0,125.3
9395,0,0.02,0,71.76
9396,0,0.0,0,24.32
9397,0,0.01,0,19.48
9398,0,0.0,0,13.96
9399,0,0.0,0,108.05
9400,0,0.0,0,50.08
9401,0,0.0,0,564.73
9402,0,0.01,0,69.74
9403,0,0.0,0,90.77
9404,0,0.0,0,86.3
9405,1,0.59,1,43.2
9406,0,0.0,0,21.54
9407,0,0.0,0,150.72
9408,0,0.0,0,832.87
9409,0,0.0,0,15.74
9410,0,0.0,0,143.12
9411,1,0.58,1,128.33
9412,0,0.0,0,519.1
9413,0,0.0,0,38.45
9414,0,0.0,0,122.87
9415,0,0.0,0,41.61
9416,0,0.0,0,93.02
9417,0,0.0,0,117.94
9418,0,0.0,0,11.11
9419,0,0.0,0,188.23
9420,0,0.0,0,71.61
9421,0,0.0,0,88.57
9422,0,0.0,0,57.73
9423,0,0.0,0,56.06
9424,0,0.04,0,124.52
9425,0,0.0,0,21.22
9426,0,0.01,0,305.82
9427,0,0.09,0,169.68
9428,0,0.0,0,12.87
9429,0,0.0,0,639.39
9430,0,0.0,0,108.62
9431,0,0.0,0,35.3
9432,0,0.0,0,18.06
9433,0,0.01,0,1227.72
9434,0,0.0,0,1.6
9435,0,0.0,0,67.08
9436,0,0.0,0,25.78
9437,0,0.02,0,22.39
9438,0,0.09,0,27.26
9439,0,0.0,0,35.38
9440,0,0.01,0,52.99
9441,0,0.01,0,25.56
9442,0,0.0,0,77.68
9443,0,0.0,0,127.92
9444,0,0.0,0,16.84
9445,0,0.0,0,65.76
9446,0,0.01,0,76.72
9447,0,0.06,0,7.54
9448,0,0.0,0,24.5
9449,0,0.0,0,70.81
9450,0,0.01,0,20.71
9451,0,0.0,0,16.55
9452,0,0.0,0,77.09
9453,0,0.0,0,44.81
9454,0,0.0,0,55.84
9455,0,0.07,0,21.73
9456,0,0.0,0,238.39
9457,0,0.0,0,27.48
9458,0,0.01,0,285.74
9459,0,0.0,0,308.47
9460,0,0.0,0,18.72
9461,0,0.0,0,208.32
9462,0,0.0,0,33.85
9463,0,0.04,0,66.55
9464,0,0.0,0,188.3
9465,0,0.02,0,229.5
9466,0,0.0,0,169.1
9467,0,0.08,0,22.62
9468,0,0.02,0,36.81
9469,0,0.01,0,30.34
9470,0,0.0,0,23.63
9471,0,0.0,0,46.29
9472,0,0.0,0,22.45
9473,0,0.0,0,84.56
9474,0,0.0,0,295.05
9475,0,0.01,0,56.59
9476,0,0.0,0,62.19
9477,0,0.0,0,41.5
9478,0,0.0,0,15.79
9479,0,0.0,0,60.67
9480,0,0.0,0,31.23
9481,0,0.0,0,43.92
9482,0,0.0,0,59.76
9483,0,0.0,0,85.94
9484,0,0.0,0,196.01
9485,0,0.0,0,73.02
9486,0,0.01,0,100.48
9487,0,0.0,0,120.75
9488,0,0.0,0,209.75
9489,0,0.05,0,24.69
9490,0,0.03,0,64.49
9491,0,0.02,0,275.18
9492,0,0.0,0,112.67
9493,0,0.0,0,79.7
9494,0,0.0,0,35.54
9495,0,0.03,0,47.16
9496,0,0.0,0,204.32
9497,0,0.0,0,126.37
9498,0,0.0,0,874.34
9499,0,0.0,0,118.83
9500,0,0.0,0,24.01
9501,0,0.0,0,35.42
9502,0,0.0,0,115.14
9503,0,0.0,0,201.91
9504,0,0.0,0,13.1
9505,0,0.0,0,87.33
9506,1,0.68,1,1600.18
9507,0,0.01,0,118.06
9508,0,0.0,0,1.82
9509,0,0.01,0,46.9
9510,0,0.03,0,22.95
9511,0,0.0,0,18.3
9512,0,0.0,0,20.4
9513,0,0.0,0,116.69
9514,0,0.01,0,60.65
9515,0,0.0,0,28.17
9516,0,0.0,0,46.07
9517,0,0.0,0,58.36
9518,0,0.01,0,44.61
9519,0,0.02,0,27.22
9520,0,0.0,0,489.92
9521,0,0.0,0,21.52
9522,0,0.0,0,338.98
9523,0,0.02,0,35.56
9524,0,0.0,0,19.9
9525,0,0.0,0,40.03
9526,0,0.01,0,1320.56
9527,0,0.0,0,177.06
9528,0,0.0,0,1076.41
9529,0,0.0,0,466.07
9530,0,0.0,0,21.48
9531,0,0.0,0,130.06
9532,0,0.01,0,10.73
9533,0,0.0,0,164.34
9534,0,0.01,0,79.41
9535,0,0.0,0,256.74
9536,0,0.0,0,45.34
9537,0,0.0,0,75.59
9538,0,0.0,0,31.37
9539,0,0.0,0,87.76
9540,0,0.0,0,50.44
9541,0,0.0,0,641.15
9542,0,0.03,0,2.83
9543,0,0.01,0,291.63
9544,0,0.02,0,109.11
9545,0,0.0,0,18.41
9546,0,0.0,0,138.96
9547,0,0.0,0,178.01
9548,0,0.0,0,6.23
9549,0,0.0,0,35.2
9550,0,0.02,0,179.56
9551,0,0.01,0,50.1
9552,0,0.01,0,150.57
9553,0,0.0,0,3.39
9554,0,0.03,0,18.53
9555,0,0.01,0,10.14
9556,0,0.0,0,61.4
9557,0,0.0,0,98.52
9558,0,0.03,0,839.18
9559,0,0.0,0,39.03
9560,0,0.05,0,779.59
9561,0,0.01,0,26.18
9562,0,0.0,0,29.58
9563,0,0.0,0,102.24
9564,0,0.0,0,16.78
9565,1,0.6,1,366.99
9566,0,0.0,0,3.68
9567,0,0.07,0,28.5
9568,0,0.02,0,16.85
9569,0,0.0,0,48.34
9570,0,0.0,0,165.5
9571,0,0.0,0,316.26
9572,0,0.0,0,49.13
9573,0,0.0,0,19.01
9574,0,0.0,0,26.14
9575,0,0.0,0,33.95
9576,0,0.0,0,14.24
9577,0,0.0,0,114.62
9578,0,0.0,0,10.38
9579,0,0.05,0,11.02
9580,0,0.0,0,66.7
9581,0,0.0,0,47.17
9582,0,0.0,0,40.5
9583,0,0.01,0,3502.07
9584,0,0.0,0,449.44
9585,0,0.0,0,54.76
9586,0,0.0,0,38.25
9587,0,0.01,0,27.02
9588,0,0.0,0,40.16
9589,0,0.02,0,15.2
9590,0,0.01,0,1081.91
9591,0,0.0,0,112.99
9592,0,0.0,0,66.05
9593,0,0.0,0,295.36
9594,0,0.0,0,429.7
9595,0,0.0,0,15.23
9596,0,0.0,0,770.35
9597,1,0.66,1,7.18
9598,0,0.01,0,212.78
9599,0,0.0,0,277.52
9600,0,0.01,0,51.53
9601,0,0.0,0,71.19
9602,0,0.0,0,469.64
9603,0,0.01,0,70.71
9604,0,0.0,0,54.02
9605,0,0.0,0,20.15
9606,0,0.0,0,41.55
9607,0,0.0,0,56.8
9608,0,0.0,0,139.86
9609,0,0.0,0,122.08
9610,0,0.0,0,67.87
9611,0,0.01,0,28.65
9612,0,0.0,0,50.41
9613,0,0.0,0,153.66
9614,0,0.01,0,17.76
9615,0,0.03,0,37.53
9616,0,0.01,0,172.34
9617,0,0.01,0,133.13
9618,0,0.0,0,68.82
9619,0,0.0,0,710.17
9620,0,0.0,0,57.28
9621,0,0.03,0,5.99
9622,0,0.01,0,35.94
9623,0,0.0,0,80.61
9624,0,0.02,0,17.66
9625,0,0.01,0,137.33
9626,0,0.02,0,8.65
9627,0,0.0,0,17.56
9628,0,0.0,0,163.66
9629,0,0.01,0,26.13
9630,0,0.0,0,20.63
9631,0,0.01,0,16.29
9632,0,0.01,0,76.1
9633,0,0.03,0,181.11
9634,0,0.0,0,34.34
9635,0,0.0,0,24.47
9636,0,0.0,0,418.3
9637,0,0.0,0,108.23
9638,0,0.0,0,18.2
9639,0,0.0,0,8.55
9640,0,0.0,0,45.71
9641,0,0.05,0,29.94
9642,0,0.0,0,41.05
9643,0,0.0,0,182.08
9644,0,0.04,0,174.85
9645,0,0.0,0,200.82
9646,0,0.0,0,71.13
9647,0,0.0,0,1186.22
9648,0,0.0,0,81.96
9649,0,0.0,0,18.54
9650,0,0.01,0,14.39
9651,0,0.0,0,83.42
9652,0,0.02,0,12.14
9653,0,0.0,0,85.53
9654,0,0.01,0,49.27
9655,0,0.0,0,27.64
9656,0,0.0,0,22.2
9657,0,0.12,0,342.63
9658,0,0.0,0,71.6
9659,0,0.0,0,27.76
9660,0,0.0,0,151.47
9661,0,0.0,0,26.73
9662,0,0.0,0,36.11
9663,0,0.0,0,16.07
9664,0,0.0,0,198.59
9665,0,0.0,0,273.91
9666,0,0.0,0,10.02
9667,0,0.0,0,133.82
9668,0,0.0,0,56.62
9669,0,0.0,0,154.69
9670,0,0.0,0,23.89
9671,0,0.0,0,303.26
9672,0,0.0,0,173.47
9673,0,0.0,0,80.85
9674,0,0.02,0,48.65
9675,0,0.02,0,10.76
9676,0,0.0,0,27.33
9677,0,0.03,0,12.86
9678,0,0.05,0,58.63
9679,0,0.02,0,97.42
9680,0,0.02,0,113.96
9681,0,0.0,0,29.46
9682,0,0.0,0,84.2
9683,0,0.0,0,121.15
9684,0,0.0,0,220.87
9685,0,0.0,0,19.58
9686,0,0.0,0,122.68
9687,0,0.01,0,192.81
9688,0,0.0,0,86.72
9689,0,0.0,0,29.71
9690,0,0.0,0,3.11
9691,0,0.0,0,3.57
9692,0,0.0,0,54.67
9693,0,0.0,0,26.15
9694,0,0.0,0,9.06
9695,0,0.0,0,17.62
9696,1,0.67,1,123.6
9697,0,0.0,0,31.2
9698,0,0.05,0,17.19
9699,0,0.02,0,93.56
9700,0,0.0,0,34.22
9701,0,0.0,0,12.48
9702,0,0.0,0,110.41
9703,0,0.0,0,27.85
9704,0,0.0,0,9.85
9705,0,0.0,0,69.94
9706,0,0.03,0,291.35
9707,0,0.02,0,24.07
9708,0,0.0,0,233.05
9709,0,0.0,0,55.19
9710,0,0.01,0,53.43
9711,0,0.02,0,71.61
9712,0,0.0,0,35.79
9713,0,0.0,0,16.43
9714,0,0.0,0,167.14
9715,0,0.0,0,40.27
9716,0,0.0,0,97.58
9717,0,0.0,0,174.25
9718,0,0.0,0,5.09
9719,0,0.0,0,68.04
9720,0,0.0,0,63.88
9721,0,0.01,0,5.8
9722,0,0.0,0,101.94
9723,0,0.03,0,88.25
9724,0,0.0,0,116.72
9725,0,0.02,0,29.57
9726,0,0.05,0,194.32
9727,0,0.05,0,19.99
9728,0,0.0,0,477.25
9729,0,0.0,0,51.56
9730,0,0.01,0,109.48
9731,0,0.0,0,92.84
9732,0,0.0,0,32.17
9733,0,0.01,0,355.62
9734,0,0.0,0,68.23
9735,0,0.02,0,12.66
9736,0,0.0,0,31.16
9737,0,0.01,0,105.14
9738,0,0.0,0,140.14
9739,0,0.01,0,62.99
9740,0,0.0,0,92.47
9741,0,0.0,0,57.3
9742,0,0.01,0,177.03
9743,0,0.02,0,102.28
9744,0,0.01,0,119.42
9745,0,0.0,0,34.51
9746,0,0.01,0,22.24
9747,0,0.05,0,114.62
9748,0,0.0,0,23.26
9749,0,0.0,0,102.96
9750,0,0.0,0,44.66
9751,0,0.0,0,149.27
9752,0,0.0,0,183.43
9753,0,0.01,0,78.4
9754,0,0.0,0,1.86
9755,0,0.0,0,26.29
9756,0,0.0,0,74.03
9757,0,0.0,0,111.27
9758,0,0.0,0,22.93
9759,0,0.0,0,955.57
9760,0,0.0,0,90.65
9761,0,0.0,0,168.41
9762,0,0.0,0,33.65
9763,0,0.02,0,238.31
9764,0,0.01,0,50.34
9765,0,0.0,0,70.24
9766,0,0.0,0,9.83
9767,0,0.0,0,51.7
9768,0,0.0,0,20.69
9769,0,0.0,0,81.48
9770,0,0.0,0,104.5
9771,0,0.0,0,71.2
9772,0,0.0,0,197.71
9773,0,0.0,0,31.9
9774,0,0.0,0,43.23
9775,0,0.0,0,10.89
9776,0,0.03,0,300.03
9777,0,0.0,0,14.24
9778,0,0.0,0,13.34
9779,1,0.66,1,244.05
9780,0,0.02,0,61.24
9781,0,0.0,0,99.35
9782,0,0.0,0,12.57
9783,0,0.01,0,35.92
9784,0,0.0,0,77.84
9785,0,0.03,0,43.4
9786,0,0.0,0,30.16
9787,0,0.0,0,169.56
9788,0,0.0,0,173.16
9789,0,0.0,0,49.04
9790,1,0.74,1,26.73
9791,0,0.0,0,49.47
9792,0,0.0,0,454.13
9793,0,0.0,0,523.87
9794,0,0.0,0,100.92
9795,0,0.0,0,95.91
9796,0,0.01,0,7.53
9797,0,0.0,0,1272.19
9798,1,0.68,1,146.19
9799,0,0.0,0,7.71
9800,0,0.0,0,135.76
9801,0,0.01,0,44.34
9802,0,0.0,0,4.78
9803,0,0.0,0,126.87
9804,0,0.0,0,20.84
9805,0,0.0,0,46.17
9806,0,0.0,0,5.78
9807,0,0.0,0,9.99
9808,0,0.0,0,71.54
9809,0,0.01,0,41.43
9810,0,0.02,0,918.19
9811,0,0.0,0,201.46
9812,0,0.01,0,39.4
9813,0,0.0,0,50.61
9814,0,0.0,0,41.72
9815,0,0.02,0,30.73
9816,0,0.0,0,22.21
9817,0,0.0,0,202.77
9818,0,0.0,0,64.69
9819,0,0.0,0,82.64
9820,0,0.0,0,52.49
9821,0,0.01,0,41.86
9822,0,0.0,0,60.93
9823,0,0.01,0,7.8
9824,0,0.0,0,106.15
9825,0,0.01,0,147.16
9826,0,0.0,0,33.84
9827,0,0.0,0,52.2
9828,0,0.0,0,8.05
9829,0,0.0,0,247.16
9830,0,0.01,0,96.83
9831,0,0.02,0,23.31
9832,0,0.04,0,14.72
9833,0,0.01,0,47.97
9834,0,0.0,0,13.72
9835,0,0.0,0,43.37
9836,0,0.0,0,123.72
9837,0,0.0,0,12.74
9838,0,0.01,0,10.2
9839,0,0.0,0,51.61
9840,0,0.0,0,358.09
9841,0,0.0,0,60.81
9842,0,0.0,0,400.08
9843,0,0.0,0,28.36
9844,0,0.03,0,78.37
9845,0,0.0,0,11.78
9846,0,0.0,0,126.54
9847,0,0.0,0,80.86
9848,0,0.0,0,132.34
9849,0,0.0,0,8.87
9850,0,0.0,0,5.48
9851,0,0.0,0,22.82
9852,0,0.0,0,45.38
9853,0,0.0,0,104.18
9854,0,0.0,0,27.32
9855,0,0.05,0,77.01
9856,0,0.0,0,39.09
9857,0,0.0,0,111.82
9858,0,0.0,0,33.19
9859,0,0.02,0,13.69
9860,0,0.01,0,79.32
9861,0,0.02,0,168.49
9862,0,0.04,0,22.17
9863,0,0.0,0,9.96
9864,0,0.0,0,57.02
9865,0,0.0,0,91.75
9866,0,0.05,0,78.03
9867,0,0.0,0,311.57
9868,0,0.0,0,30.72
9869,0,0.0,0,161.94
9870,0,0.0,0,3.83
9871,0,0.04,0,74.4
9872,0,0.0,0,35.74
9873,0,0.0,0,48.27
9874,0,0.0,0,5.24
9875,0,0.03,0,1688.04
9876,0,0.0,0,122.83
9877,0,0.0,0,339.27
9878,0,0.0,0,183.67
9879,0,0.0,0,47.41
9880,0,0.0,0,37.8
9881,0,0.01,0,220.06
9882,0,0.0,0,19.89
9883,0,0.0,0,21.1
9884,0,0.0,0,317.4
9885,0,0.0,0,555.13
9886,1,0.56,1,49.76
9887,0,0.0,0,14.97
9888,0,0.02,0,36.64
9889,0,0.02,0,36.17
9890,0,0.0,0,72.79
9891,0,0.0,0,141.38
9892,0,0.01,0,49.98
9893,0,0.0,0,27.16
9894,0,0.0,0,1547.28
9895,0,0.0,0,44.3
9896,0,0.0,0,27.38
9897,0,0.0,0,74.56
9898,0,0.0,0,12.47
9899,0,0.01,0,1244.87
9900,0,0.0,0,102.2
9901,0,0.02,0,17.01
9902,0,0.0,0,16.99
9903,0,0.06,0,16.12
9904,0,0.04,0,16.29
9905,0,0.0,0,15.23
9906,0,0.0,0,2.0
9907,0,0.0,0,76.47
9908,0,0.0,0,293.55
9909,0,0.0,0,201.66
9910,0,0.0,0,162.16
9911,0,0.0,0,7.35
9912,0,0.02,0,234.45
9913,0,0.0,0,43.99
9914,0,0.0,0,30.6
9915,0,0.0,0,119.01
9916,0,0.0,0,38.3
9917,0,0.0,0,317.99
9918,0,0.01,0,32.01
9919,0,0.04,0,98.22
9920,0,0.0,0,98.49
9921,0,0.0,0,295.37
9922,0,0.0,0,287.59
9923,0,0.0,0,68.4
9924,0,0.01,0,6.23
9925,0,0.02,0,138.89
9926,0,0.05,0,94.74
9927,0,0.08,0,1252.01
9928,0,0.0,0,708.27
9929,0,0.0,0,99.91
9930,0,0.0,0,10.34
9931,0,0.03,0,1151.74
9932,0,0.0,0,103.98
9933,0,0.02,0,15.03
9934,0,0.0,0,335.73
9935,0,0.0,0,76.2
9936,0,0.01,0,241.88
9937,0,0.0,0,145.7
9938,0,0.0,0,14.73
9939,0,0.0,0,54.8
9940,0,0.0,0,346.81
9941,0,0.0,0,16.25
9942,0,0.0,0,117.16
9943,0,0.0,0,201.84
9944,0,0.0,0,20.64
9945,0,0.0,0,72.14
9946,0,0.0,0,188.77
9947,0,0.0,0,484.58
9948,0,0.0,0,23.64
9949,0,0.0,0,8.71
9950,0,0.0,0,204.09
9951,0,0.0,0,128.39
9952,0,0.0,0,20.8
9953,0,0.0,0,55.87
9954,0,0.0,0,195.1
9955,0,0.03,0,222.57
9956,0,0.0,0,23.35
9957,0,0.0,0,68.29
9958,0,0.0,0,136.36
9959,0,0.05,0,7.97
9960,0,0.0,0,68.88
9961,0,0.0,0,35.89
9962,0,0.0,0,446.65
9963,0,0.0,0,37.29
9964,0,0.03,0,25.59
9965,0,0.0,0,203.25
9966,0,0.0,0,50.12
9967,0,0.0,0,50.68
9968,0,0.0,0,55.43
9969,0,0.0,0,20.41
9970,0,0.01,0,62.47
9971,0,0.0,0,68.2
9972,0,0.0,0,55.57
9973,0,0.0,0,42.37
9974,0,0.0,0,10.43
9975,0,0.0,0,6.42
9976,0,0.0,0,30.59
9977,0,0.0,0,17.11
9978,0,0.0,0,10.04
9979,0,0.02,0,11.2
9980,0,0.0,0,8.92
9981,0,0.01,0,19.91
9982,0,0.01,0,147.27
9983,0,0.01,0,47.34
9984,0,0.01,0,51.0
9985,0,0.01,0,134.71
9986,0,0.01,0,32.42
9987,0,0.0,0,110.3
9988,0,0.01,0,19.99
9989,0,0.01,0,205.84
9990,1,0.68,1,32.33
9991,0,0.0,0,455.69
9992,0,0.0,0,8.13
9993,0,0.02,0,18.16
9994,0,0.0,0,57.97
9995,0,0.0,0,73.86
9996,0,0.0,0,104.92
9997,0,0.01,0,61.65
9998,0,0.01,0,23.29
9999,0,0.0,0,415.36
10000,0,0.0,0,49.36
10001,0,0.0,0,234.54
10002,0,0.0,0,32.74
10003,0,0.0,0,99.14
10004,0,0.0,0,39.66
10005,0,0.0,0,110.99
10006,0,0.0,0,19.74
10007,0,0.0,0,1970.94
10008,0,0.0,0,44.59
10009,0,0.01,0,652.16
10010,0,0.0,0,176.43
10011,0,0.0,0,160.54
10012,0,0.0,0,120.0
10013,0,0.0,0,26.67
10014,0,0.0,0,63.46
10015,0,0.0,0,3.4
10016,0,0.0,0,46.4
10017,0,0.0,0,30.62
10018,0,0.01,0,14.77
10019,0,0.0,0,29.63
10020,0,0.01,0,83.14
10021,0,0.0,0,78.13
10022,0,0.0,0,110.45
10023,0,0.01,0,141.4
10024,0,0.01,0,54.5
10025,0,0.0,0,6.34
10026,0,0.0,0,203.01
10027,0,0.0,0,137.31
10028,0,0.0,0,78.52
10029,0,0.01,0,118.32
10030,0,0.0,0,9.85
10031,0,0.0,0,30.57
10032,0,0.0,0,28.28
10033,0,0.0,0,33.67
10034,0,0.0,0,51.01
10035,0,0.0,0,63.17
10036,0,0.01,0,264.39
10037,0,0.01,0,51.54
10038,0,0.0,0,42.66
10039,0,0.02,0,70.24
10040,0,0.02,0,24.8
10041,1,0.7,1,141.71
10042,0,0.0,0,86.59
10043,0,0.0,0,180.87
10044,0,0.07,0,51.15
10045,0,0.0,0,16.5
10046,0,0.0,0,83.65
10047,0,0.0,0,120.59
10048,0,0.01,0,42.22
10049,0,0.0,0,32.21
10050,0,0.0,0,50.91
10051,0,0.0,0,22.19
10052,0,0.01,0,334.72
10053,0,0.0,0,119.11
10054,0,0.0,0,57.62
10055,0,0.01,0,146.84
10056,0,0.0,0,81.82
10057,0,0.0,0,182.45
10058,0,0.0,0,219.98
10059,0,0.0,0,45.41
10060,0,0.01,0,94.57
10061,0,0.0,0,294.0
10062,0,0.0,0,14.42
10063,0,0.0,0,76.06
10064,0,0.0,0,80.5
10065,0,0.01,0,25.79
10066,0,0.0,0,46.65
10067,0,0.03,0,13.86
10068,0,0.0,0,440.61
10069,0,0.0,0,134.46
10070,0,0.0,0,230.91
10071,0,0.0,0,95.99
10072,0,0.0,0,144.21
10073,0,0.02,0,543.94
10074,0,0.03,0,142.39
10075,0,0.03,0,4.1
10076,0,0.0,0,249.0
10077,0,0.04,0,43.4
10078,0,0.0,0,39.92
10079,0,0.0,0,191.21
10080,0,0.0,0,28.13
10081,0,0.0,0,222.81
10082,0,0.0,0,70.32
10083,0,0.0,0,19.56
10084,0,0.03,0,179.1
10085,0,0.01,0,302.83
10086,0,0.0,0,47.99
10087,0,0.0,0,116.66
10088,0,0.0,0,4.15
10089,0,0.01,0,698.62
10090,0,0.0,0,100.16
10091,0,0.0,0,43.87
10092,0,0.03,0,23.13
10093,0,0.0,0,82.03
10094,0,0.0,0,1276.52
10095,0,0.04,0,36.62
10096,0,0.02,0,124.74
10097,1,0.74,1,10.81
10098,0,0.0,0,44.57
10099,0,0.0,0,13.14
10100,0,0.03,0,51.26
10101,1,0.65,1,171.28
10102,0,0.0,0,10.52
10103,0,0.01,0,150.87
10104,0,0.0,0,556.56
10105,0,0.0,0,70.19
10106,0,0.0,0,18.68
10107,0,0.01,0,86.29
10108,0,0.0,0,62.6
10109,0,0.01,0,64.42
10110,0,0.0,0,125.13
10111,0,0.02,0,65.58
10112,0,0.03,0,27.63
10113,0,0.03,0,61.86
10114,0,0.0,0,21.23
10115,0,0.0,0,216.89
10116,0,0.01,0,288.76
10117,0,0.0,0,15.12
10118,0,0.0,0,43.86
10119,0,0.0,0,15.91
10120,0,0.0,0,9.7
10121,0,0.0,0,79.66
10122,0,0.0,0,12.17
10123,0,0.0,0,37.0
10124,0,0.0,0,204.46
10125,0,0.02,0,15.6
10126,0,0.0,0,46.86
10127,0,0.0,0,14.38
10128,0,0.01,0,178.96
10129,0,0.0,0,99.15
10130,0,0.0,0,54.54
10131,0,0.0,0,35.16
10132,0,0.0,0,51.94
10133,0,0.0,0,33.86
10134,0,0.01,0,49.38
10135,0,0.0,0,17.76
10136,0,0.0,0,73.27
10137,0,0.0,0,37.81
10138,0,0.0,0,46.92
10139,0,0.0,0,216.09
10140,0,0.0,0,122.14
10141,0,0.04,0,348.21
10142,0,0.0,0,31.28
10143,0,0.0,0,119.51
10144,0,0.0,0,52.03
10145,0,0.0,0,679.36
10146,0,0.0,0,127.0
10147,0,0.0,0,29.61
10148,0,0.0,0,289.52
10149,0,0.05,0,652.68
10150,0,0.02,0,130.68
10151,0,0.0,0,207.45
10152,0,0.0,0,16.52
10153,0,0.0,0,288.34
10154,0,0.0,0,30.59
10155,0,0.01,0,147.46
10156,0,0.0,0,22.91
10157,0,0.01,0,1197.75
10158,0,0.01,0,112.61
10159,0,0.0,0,31.94
10160,0,0.0,0,8.08
10161,0,0.0,0,174.67
10162,0,0.01,0,109.33
10163,0,0.0,0,20.28
10164,0,0.01,0,12.92
10165,0,0.0,0,61.33
10166,0,0.0,0,606.31
10167,0,0.01,0,1595.55
10168,0,0.0,0,204.96
10169,0,0.0,0,54.02
10170,0,0.0,0,80.69
10171,0,0.0,0,42.84
10172,0,0.0,0,13.03
10173,0,0.05,0,74.97
10174,0,0.0,0,96.38
10175,1,0.65,1,682.72
10176,0,0.0,0,1.59
10177,0,0.0,0,51.67
10178,0,0.0,0,146.09
10179,0,0.03,0,215.06
10180,0,0.0,0,62.3
10181,0,0.0,0,44.49
10182,0,0.0,0,16.27
10183,0,0.01,0,349.96
10184,0,0.0,0,16.26
10185,0,0.02,0,116.76
10186,0,0.0,0,21.74
10187,1,0.72,1,57.55
10188,0,0.0,0,218.48
10189,0,0.0,0,38.64
10190,0,0.0,0,549.7
10191,0,0.0,0,8.03
10192,0,0.0,0,73.94
10193,0,0.01,0,77.85
10194,0,0.0,0,156.43
10195,0,0.0,0,14.08
10196,0,0.0,0,55.93
10197,0,0.0,0,27.71
10198,0,0.03,0,46.12
10199,0,0.0,0,423.87
10200,0,0.01,0,12.18
10201,0,0.0,0,290.76
10202,0,0.0,0,55.82
10203,0,0.0,0,732.37
10204,0,0.01,0,27.04
10205,0,0.0,0,129.02
10206,0,0.01,0,36.79
10207,0,0.0,0,25.13
10208,0,0.0,0,182.65
10209,0,0.0,0,9.59
10210,0,0.0,0,30.05
10211,0,0.03,0,11.48
10212,0,0.0,0,5.3
10213,0,0.02,0,193.37
10214,0,0.0,0,16.76
10215,0,0.0,0,103.04
10216,0,0.03,0,122.12
10217,0,0.0,0,60.14
10218,0,0.0,0,44.41
10219,0,0.0,0,17.82
10220,0,0.0,0,8.16
10221,0,0.0,0,41.4
10222,0,0.0,0,407.88
10223,0,0.0,0,75.69
10224,0,0.0,0,65.35
10225,0,0.0,0,109.03
10226,0,0.0,0,60.39
10227,0,0.0,0,120.57
10228,0,0.01,0,117.32
10229,0,0.0,0,34.58
10230,0,0.0,0,398.59
10231,0,0.0,0,181.72
10232,0,0.0,0,153.36
10233,0,0.0,0,50.25
10234,0,0.0,0,50.5
10235,0,0.01,0,31.16
10236,0,0.01,0,3486.53
10237,0,0.01,0,12.33
10238,0,0.11,0,53.71
10239,0,0.01,0,331.0
10240,0,0.01,0,11.91
10241,0,0.03,0,9.98
10242,0,0.05,0,28.7
10243,0,0.0,0,18.75
10244,0,0.0,0,252.3
10245,0,0.0,0,47.43
10246,0,0.01,0,73.14
10247,0,0.02,0,15.18
10248,0,0.0,0,42.81
10249,0,0.03,0,63.96
10250,0,0.0,0,23.95
10251,0,0.01,0,346.76
10252,0,0.0,0,10.04
10253,0,0.0,0,179.06
10254,0,0.0,0,35.96
10255,0,0.0,0,9.19
10256,0,0.0,0,13.04
10257,0,0.06,0,44.42
10258,0,0.0,0,21.68
10259,0,0.01,0,106.33
10260,0,0.01,0,161.69
10261,0,0.0,0,71.61
10262,0,0.0,0,35.57
10263,0,0.0,0,83.77
10264,0,0.01,0,19.62
10265,0,0.07,0,772.72
10266,0,0.0,0,22.19
10267,0,0.0,0,135.97
10268,0,0.01,0,97.35
10269,0,0.0,0,106.34
10270,0,0.0,0,201.19
10271,0,0.0,0,71.5
10272,0,0.0,0,316.14
10273,0,0.01,0,35.19
10274,0,0.02,0,25.88
10275,0,0.0,0,23.05
10276,0,0.04,0,109.2
10277,0,0.01,0,9.67
10278,0,0.01,0,85.99
10279,0,0.01,0,331.2
10280,0,0.0,0,311.11
10281,1,0.66,1,378.79
10282,0,0.0,0,283.41
10283,0,0.0,0,14.94
10284,0,0.03,0,55.36
10285,0,0.0,0,19.08
10286,0,0.0,0,62.75
10287,0,0.0,0,19.46
10288,0,0.09,0,26.46
10289,0,0.05,0,552.08
10290,0,0.0,0,37.35
10291,0,0.01,0,4.85
10292,0,0.0,0,188.23
10293,0,0.0,0,146.04
10294,0,0.01,0,172.02
10295,0,0.0,0,78.42
10296,0,0.0,0,77.14
10297,0,0.0,0,414.17
10298,0,0.0,0,36.42
10299,0,0.0,0,453.95
10300,0,0.0,0,24.97
10301,0,0.0,0,52.61
10302,0,0.0,0,117.07
10303,0,0.0,0,35.63
10304,0,0.01,0,76.36
10305,0,0.0,0,45.33
10306,0,0.01,0,14.64
10307,0,0.0,0,45.39
10308,0,0.0,0,66.25
10309,0,0.0,0,3.72
10310,0,0.0,0,23.95
10311,0,0.0,0,18.74
10312,0,0.0,0,39.46
10313,0,0.01,0,32.26
10314,0,0.01,0,40.98
10315,0,0.0,0,87.15
10316,0,0.0,0,7.55
10317,0,0.0,0,44.46
10318,0,0.0,0,22.34
10319,0,0.0,0,24.93
10320,0,0.0,0,56.57
10321,0,0.06,0,226.77
10322,0,0.0,0,278.37
10323,0,0.02,0,49.89
10324,0,0.01,0,43.46
10325,0,0.01,0,43.44
10326,0,0.01,0,10.88
10327,0,0.0,0,314.54
10328,0,0.0,0,85.28
10329,0,0.0,0,10.18
10330,0,0.0,0,26.32
10331,0,0.0,0,259.15
10332,0,0.0,0,133.51
10333,0,0.0,0,172.34
10334,0,0.0,0,82.54
10335,0,0.0,0,2127.47
10336,0,0.03,0,93.26
10337,0,0.01,0,173.43
10338,0,0.02,0,143.62
10339,0,0.01,0,255.33
10340,0,0.02,0,112.83
10341,0,0.02,0,210.54
10342,0,0.06,0,10.83
10343,0,0.0,0,14.68
10344,0,0.02,0,178.24
10345,0,0.02,0,8.88
10346,0,0.03,0,34.25
10347,0,0.01,0,89.1
10348,0,0.0,0,166.22
10349,0,0.02,0,51.58
10350,0,0.08,0,45.19
10351,0,0.0,0,35.22
10352,0,0.0,0,36.93
10353,0,0.0,0,34.12
10354,0,0.05,0,2101.53
10355,0,0.02,0,162.48
10356,0,0.03,0,8.7
10357,0,0.0,0,28.95
10358,0,0.0,0,82.08
10359,0,0.0,0,47.86
10360,0,0.0,0,363.6
10361,0,0.0,0,70.68
10362,0,0.0,0,138.47
10363,0,0.0,0,95.46
10364,0,0.0,0,113.34
10365,0,0.0,0,51.58
10366,0,0.02,0,22.95
10367,0,0.0,0,42.26
10368,0,0.0,0,26.91
10369,0,0.02,0,30.23
10370,0,0.0,0,33.87
10371,0,0.0,0,101.36
10372,1,0.72,1,119.55
10373,0,0.0,0,89.53
10374,0,0.0,0,9.7
10375,0,0.0,0,34.67
10376,0,0.01,0,427.87
10377,0,0.0,0,23.74
10378,0,0.0,0,166.34
10379,0,0.01,0,65.46
10380,0,0.0,0,371.02
10381,0,0.0,0,323.26
10382,0,0.0,0,48.54
10383,0,0.0,0,30.09
10384,0,0.0,0,21.45
10385,0,0.01,0,92.28
10386,0,0.0,0,259.79
10387,0,0.0,0,140.31
10388,0,0.0,0,153.01
10389,0,0.0,0,180.83
10390,0,0.0,0,22.58
10391,1,0.68,1,9.47
10392,0,0.01,0,232.78
10393,1,0.67,1,922.42
10394,0,0.0,0,44.31
10395,0,0.01,0,32.8
10396,0,0.0,0,174.49
10397,0,0.0,0,105.16
10398,0,0.01,0,193.38
10399,0,0.0,0,75.29
10400,0,0.0,0,190.43
10401,0,0.0,0,117.76
10402,0,0.0,0,26.86
10403,0,0.12,0,69.7
10404,0,0.0,0,9.65
10405,0,0.0,0,98.08
10406,0,0.0,0,77.78
10407,0,0.01,0,52.3
10408,0,0.0,0,198.88
10409,0,0.02,0,564.85
10410,0,0.02,0,110.14
10411,0,0.0,0,20.47
10412,0,0.0,0,358.65
10413,0,0.0,0,25.25
10414,0,0.0,0,139.85
10415,0,0.01,0,45.1
10416,1,0.58,1,172.02
10417,0,0.0,0,7.78
10418,0,0.01,0,48.15
10419,0,0.01,0,69.18
10420,0,0.01,0,43.97
10421,0,0.0,0,337.01
10422,0,0.0,0,155.9
10423,0,0.0,0,205.97
10424,0,0.0,0,45.31
10425,0,0.0,0,286.93
10426,0,0.0,0,85.68
10427,0,0.0,0,257.92
10428,0,0.01,0,305.75
10429,0,0.0,0,36.32
10430,0,0.0,0,50.22
10431,0,0.0,0,11.44
10432,0,0.0,0,205.94
10433,0,0.0,0,48.67
10434,0,0.0,0,25.13
10435,0,0.01,0,24.8
10436,0,0.02,0,256.56
10437,0,0.0,0,18.53
10438,0,0.0,0,96.57
10439,0,0.0,0,453.13
10440,0,0.0,0,272.42
10441,0,0.0,0,23.07
10442,0,0.0,0,14.0
10443,0,0.0,0,16.76
10444,0,0.0,0,16.47
10445,0,0.04,0,114.62
10446,0,0.0,0,6.53
10447,0,0.0,0,69.63
10448,0,0.06,0,59.71
10449,0,0.0,0,53.66
10450,0,0.0,0,102.36
10451,0,0.0,0,4.14
10452,0,0.0,0,53.97
10453,0,0.0,0,14.7
10454,0,0.0,0,381.71
10455,0,0.01,0,31.78
10456,0,0.01,0,477.59
10457,0,0.0,0,68.81
10458,0,0.0,0,200.8
10459,0,0.0,0,1.15
10460,0,0.0,0,12.38
10461,0,0.0,0,43.8
10462,0,0.03,0,82.69
10463,0,0.0,0,24.92
10464,0,0.0,0,116.83
10465,0,0.02,0,449.93
10466,0,0.0,0,50.91
10467,0,0.0,0,22.32
10468,0,0.0,0,62.13
10469,0,0.0,0,22.91
10470,0,0.0,0,144.84
10471,0,0.0,0,41.94
10472,0,0.0,0,89.66
10473,0,0.0,0,18.47
10474,0,0.01,0,107.37
10475,0,0.0,0,11.41
10476,0,0.0,0,60.73
10477,0,0.0,0,236.51
10478,0,0.0,0,76.39
10479,0,0.01,0,124.17
10480,0,0.0,0,33.12
10481,0,0.0,0,93.97
10482,0,0.0,0,15.55
10483,0,0.0,0,63.76
10484,0,0.04,0,997.77
10485,0,0.01,0,146.93
10486,0,0.0,0,25.71
10487,0,0.0,0,128.71
10488,0,0.0,0,27.89
10489,0,0.01,0,194.87
10490,0,0.01,0,66.29
10491,0,0.0,0,28.74
10492,0,0.01,0,9.22
10493,0,0.01,0,12.39
10494,0,0.01,0,10.88
10495,0,0.03,0,3.97
10496,0,0.0,0,63.11
10497,0,0.01,0,38.25
10498,0,0.0,0,37.11
10499,0,0.01,0,8.82
10500,0,0.0,0,125.55
10501,0,0.02,0,151.42
10502,0,0.0,0,30.41
10503,0,0.0,0,111.62
10504,0,0.0,0,3.31
10505,0,0.0,0,43.59
10506,0,0.0,0,63.37
10507,0,0.01,0,266.37
10508,0,0.0,0,723.95
10509,0,0.0,0,74.52
10510,0,0.01,0,39.82
10511,0,0.0,0,10.86
10512,0,0.0,0,41.39
10513,0,0.0,0,24.45
10514,0,0.0,0,84.34
10515,0,0.03,0,91.03
10516,0,0.0,0,58.18
10517,0,0.01,0,331.87
10518,0,0.01,0,376.22
10519,0,0.01,0,54.26
10520,0,0.0,0,141.97
10521,0,0.0,0,29.22
10522,0,0.01,0,87.24
10523,0,0.0,0,94.58
10524,0,0.0,0,123.97
10525,0,0.0,0,22.69
10526,0,0.0,0,84.95
10527,0,0.0,0,85.39
10528,0,0.0,0,66.6
10529,0,0.0,0,12.05
10530,0,0.02,0,6.55
10531,0,0.0,0,38.01
10532,0,0.0,0,159.06
10533,0,0.0,0,294.27
10534,0,0.01,0,35.97
10535,0,0.0,0,77.5
10536,0,0.0,0,66.05
10537,0,0.0,0,70.65
10538,0,0.0,0,11.01
10539,0,0.0,0,47.7
10540,0,0.01,0,19.11
10541,0,0.02,0,85.65
10542,0,0.0,0,141.33
10543,0,0.0,0,26.22
10544,0,0.01,0,58.04
10545,0,0.01,0,174.31
10546,0,0.03,0,450.22
10547,0,0.0,0,93.47
10548,1,0.69,1,105.89
10549,0,0.0,0,30.11
10550,0,0.01,0,10.15
10551,0,0.01,0,952.16
10552,0,0.0,0,90.38
10553,0,0.0,0,524.12
10554,0,0.0,0,93.17
10555,0,0.0,0,21.72
10556,0,0.01,0,135.01
10557,0,0.0,0,46.82
10558,0,0.01,0,70.4
10559,0,0.03,0,89.74
10560,0,0.0,0,292.14
10561,0,0.0,0,41.54
10562,0,0.0,0,53.08
10563,0,0.03,0,8.21
10564,0,0.01,0,37.23
10565,0,0.0,0,15.99
10566,0,0.0,0,53.16
10567,0,0.0,0,456.29
10568,0,0.0,0,216.96
10569,0,0.0,0,52.69
10570,0,0.0,0,31.72
10571,0,0.0,0,64.35
10572,0,0.0,0,43.81
10573,0,0.0,0,14.99
10574,0,0.0,0,68.2
10575,0,0.0,0,635.12
10576,0,0.0,0,64.1
10577,0,0.0,0,33.91
10578,0,0.0,0,20.35
10579,0,0.0,0,64.56
10580,0,0.0,0,186.44
10581,0,0.0,0,74.4
10582,0,0.0,0,85.47
10583,0,0.0,0,20.53
10584,0,0.0,0,99.0
10585,0,0.01,0,247.29
10586,0,0.0,0,19.63
10587,0,0.0,0,127.0
10588,0,0.0,0,9.04
10589,0,0.01,0,81.53
10590,0,0.0,0,52.18
10591,0,0.0,0,24.37
10592,0,0.02,0,74.49
10593,1,0.63,1,6.91
10594,0,0.02,0,1019.41
10595,0,0.0,0,24.22
10596,0,0.0,0,70.41
10597,0,0.0,0,165.48
10598,0,0.0,0,134.35
10599,0,0.0,0,21.24
10600,0,0.0,0,39.32
10601,0,0.0,0,365.55
10602,0,0.02,0,119.84
10603,0,0.0,0,114.51
10604,0,0.0,0,129.92
10605,0,0.0,0,31.52
10606,0,0.01,0,149.9
10607,0,0.0,0,66.55
10608,0,0.0,0,178.18
10609,0,0.0,0,23.41
10610,0,0.0,0,552.03
10611,0,0.0,0,41.36
10612,0,0.0,0,207.83
10613,0,0.0,0,3.53
10614,0,0.0,0,28.17
10615,0,0.0,0,153.68
10616,0,0.0,0,41.09
10617,0,0.0,0,103.35
10618,0,0.0,0,38.19
10619,0,0.0,0,68.92
10620,0,0.0,0,93.12
10621,0,0.01,0,530.01
10622,0,0.01,0,118.32
10623,0,0.04,0,83.34
10624,0,0.0,0,93.36
10625,0,0.0,0,17.51
10626,0,0.0,0,33.14
10627,0,0.0,0,188.12
10628,0,0.0,0,32.22
10629,0,0.0,0,72.5
10630,0,0.02,0,20.97
10631,0,0.0,0,94.95
10632,0,0.02,0,34.97
10633,0,0.0,0,88.02
10634,0,0.0,0,53.72
10635,0,0.01,0,58.8
10636,0,0.0,0,114.48
10637,0,0.0,0,87.49
10638,0,0.0,0,113.92
10639,0,0.0,0,11.59
10640,0,0.01,0,70.21
10641,0,0.0,0,44.88
10642,0,0.0,0,6.0
10643,0,0.0,0,381.67
10644,0,0.0,0,11.29
10645,0,0.0,0,117.76
10646,0,0.0,0,81.13
10647,0,0.0,0,80.41
10648,0,0.0,0,723.37
10649,0,0.01,0,180.05
10650,0,0.0,0,45.45
10651,0,0.02,0,25.68
10652,0,0.03,0,2441.67
10653,0,0.01,0,24.57
10654,0,0.0,0,56.52
10655,0,0.0,0,43.16
10656,0,0.0,0,158.91
10657,0,0.0,0,17.98
10658,0,0.0,0,35.55
10659,0,0.0,0,142.73
10660,0,0.0,0,15.9
10661,0,0.0,0,16.3
10662,0,0.01,0,95.13
10663,0,0.0,0,32.54
10664,0,0.0,0,21.22
10665,1,0.64,1,204.78
10666,0,0.01,0,20.31
10667,0,0.0,0,203.57
10668,0,0.0,0,1651.63
10669,0,0.0,0,49.67
10670,0,0.02,0,18.11
10671,0,0.0,0,145.67
10672,0,0.0,0,92.06
10673,0,0.0,0,30.44
10674,0,0.0,0,93.85
10675,0,0.04,0,15.08
10676,0,0.0,0,17.38
10677,0,0.0,0,87.93
10678,0,0.0,0,70.95
10679,0,0.0,0,8.55
10680,0,0.02,0,16.29
10681,0,0.04,0,63.42
10682,0,0.01,0,38.73
10683,0,0.0,0,55.05
10684,0,0.0,0,20.86
10685,0,0.0,0,66.49
10686,0,0.0,0,142.54
10687,0,0.0,0,20.39
10688,0,0.0,0,12.56
10689,0,0.04,0,77.45
10690,0,0.0,0,37.89
10691,0,0.0,0,252.2
10692,0,0.0,0,23.5
10693,0,0.0,0,17.77
10694,0,0.0,0,152.05
10695,0,0.0,0,36.05
10696,0,0.01,0,5.24
10697,0,0.0,0,31.63
10698,0,0.0,0,75.91
10699,0,0.03,0,127.54
10700,0,0.03,0,1406.36
10701,0,0.01,0,120.52
10702,0,0.0,0,86.99
10703,0,0.0,0,100.44
10704,0,0.04,0,7.17
10705,0,0.02,0,89.7
10706,0,0.0,0,44.72
10707,0,0.0,0,39.62
10708,0,0.0,0,62.73
10709,0,0.0,0,15.24
10710,0,0.0,0,31.19
10711,0,0.0,0,34.22
10712,0,0.0,0,58.39
10713,0,0.0,0,32.56
10714,0,0.01,0,31.64
10715,0,0.0,0,100.68
10716,0,0.0,0,226.66
10717,0,0.06,0,8.14
10718,0,0.0,0,14.72
10719,0,0.0,0,84.81
10720,0,0.0,0,223.22
10721,0,0.05,0,56.99
10722,0,0.0,0,14.34
10723,0,0.0,0,61.0
10724,0,0.0,0,50.3
10725,0,0.0,0,272.52
10726,0,0.0,0,21.09
10727,0,0.0,0,8.14
10728,0,0.0,0,46.54
10729,0,0.0,0,21.35
10730,0,0.01,0,733.77
10731,0,0.0,0,37.52
10732,0,0.0,0,34.87
10733,0,0.0,0,22.0
10734,0,0.01,0,40.57
10735,0,0.0,0,53.75
10736,0,0.0,0,46.43
10737,0,0.0,0,46.17
10738,0,0.0,0,305.24
10739,0,0.0,0,91.57
10740,0,0.02,0,173.39
10741,0,0.02,0,71.08
10742,0,0.01,0,34.53
10743,0,0.0,0,19.1
10744,0,0.0,0,24.14
10745,0,0.0,0,54.82
10746,0,0.0,0,232.08
10747,0,0.0,0,5.18
10748,0,0.0,0,121.44
10749,0,0.0,0,23.54
10750,0,0.0,0,34.84
10751,0,0.0,0,14.94
10752,0,0.0,0,170.74
10753,0,0.0,0,71.08
10754,0,0.01,0,60.57
10755,0,0.0,0,21.43
10756,0,0.01,0,112.27
10757,0,0.0,0,618.5
10758,0,0.0,0,9.84
10759,0,0.01,0,71.29
10760,0,0.02,0,488.58
10761,0,0.0,0,634.55
10762,0,0.0,0,747.48
10763,0,0.01,0,143.86
10764,0,0.0,0,60.85
10765,0,0.04,0,1099.68
10766,0,0.0,0,40.5
10767,0,0.01,0,96.1
10768,0,0.0,0,51.24
10769,0,0.0,0,17.36
10770,0,0.0,0,9.17
10771,0,0.0,0,3.45
10772,0,0.0,0,124.97
10773,0,0.0,0,154.37
10774,0,0.0,0,232.46
10775,0,0.01,0,24.78
10776,0,0.0,0,229.7
10777,0,0.0,0,26.17
10778,0,0.0,0,616.13
10779,0,0.0,0,41.73
10780,0,0.0,0,74.0
10781,0,0.0,0,30.18
10782,0,0.0,0,103.0
10783,0,0.0,0,2231.17
10784,0,0.0,0,65.26
10785,0,0.0,0,57.64
10786,0,0.0,0,62.35
10787,0,0.02,0,888.22
10788,0,0.0,0,8.28
10789,0,0.01,0,22.16
10790,0,0.0,0,144.57
10791,0,0.0,0,220.17
10792,0,0.0,0,251.72
10793,0,0.0,0,161.17
10794,0,0.01,0,9.94
10795,1,0.65,1,32.71
10796,0,0.02,0,158.01
10797,0,0.0,0,28.46
10798,0,0.01,0,56.75
10799,0,0.06,0,17.5
10800,0,0.0,0,61.79
10801,0,0.0,0,112.49
10802,0,0.0,0,23.23
10803,0,0.0,0,32.28
10804,0,0.0,0,10.96
10805,0,0.01,0,27.45
10806,0,0.0,0,24.17
10807,0,0.0,0,139.77
10808,0,0.02,0,184.33
10809,0,0.0,0,46.35
10810,0,0.0,0,11.89
10811,0,0.0,0,188.49
10812,0,0.0,0,200.77
10813,0,0.0,0,11.24
10814,0,0.05,0,55.34
10815,0,0.0,0,42.52
10816,0,0.0,0,10.33
10817,0,0.02,0,33.25
10818,0,0.0,0,21.26
10819,0,0.0,0,141.77
10820,0,0.0,0,140.11
10821,0,0.02,0,105.31
10822,1,0.66,1,21.57
10823,0,0.0,0,79.76
10824,0,0.0,0,18.79
10825,0,0.01,0,34.59
10826,0,0.0,0,92.68
10827,0,0.0,0,7.3
10828,0,0.01,0,11.41
10829,0,0.01,0,230.76
10830,0,0.0,0,241.34
10831,0,0.0,0,286.56
10832,0,0.0,0,153.13
10833,0,0.0,0,223.4
10834,0,0.0,0,61.61
10835,0,0.02,0,528.64
10836,0,0.0,0,7.53
10837,0,0.0,0,422.42
10838,0,0.0,0,16.18
10839,0,0.01,0,104.48
10840,0,0.0,0,32.28
10841,0,0.02,0,130.04
10842,0,0.0,0,24.09
10843,0,0.0,0,9.51
10844,0,0.01,0,929.03
10845,0,0.0,0,5.97
10846,0,0.0,0,82.35
10847,0,0.02,0,576.14
10848,0,0.0,0,45.89
10849,0,0.0,0,3567.9
10850,0,0.01,0,1.05
10851,0,0.01,0,108.14
10852,0,0.01,0,12.19
10853,0,0.0,0,47.47
10854,0,0.0,0,35.79
10855,0,0.0,0,79.71
10856,1,0.69,1,260.94
10857,0,0.0,0,56.79
10858,0,0.0,0,26.86
10859,0,0.0,0,41.01
10860,0,0.0,0,73.39
10861,0,0.0,0,25.09
10862,0,0.0,0,11.15
10863,0,0.0,0,77.49
10864,0,0.0,0,26.31
10865,0,0.03,0,90.96
10866,0,0.0,0,21.68
10867,0,0.01,0,102.84
10868,0,0.01,0,547.06
10869,0,0.03,0,186.67
10870,0,0.0,0,146.88
10871,0,0.0,0,114.31
10872,0,0.0,0,51.73
10873,0,0.0,0,112.0
10874,0,0.0,0,166.73
10875,0,0.01,0,24.86
10876,0,0.0,0,66.39
10877,0,0.0,0,67.45
10878,0,0.01,0,113.1
10879,0,0.0,0,53.24
10880,0,0.02,0,10.49
10881,0,0.0,0,23.2
10882,0,0.0,0,80.71
10883,0,0.0,0,202.03
10884,0,0.0,0,130.49
10885,0,0.01,0,43.3
10886,0,0.04,0,28.83
10887,0,0.0,0,46.47
10888,0,0.0,0,5.01
10889,0,0.01,0,111.97
10890,0,0.02,0,5.93
10891,0,0.0,0,135.97
10892,0,0.01,0,531.97
10893,0,0.01,0,58.23
10894,0,0.0,0,16.35
10895,0,0.04,0,1246.55
10896,0,0.02,0,2548.47
10897,0,0.0,0,22.68
10898,0,0.0,0,42.74
10899,0,0.0,0,147.1
10900,0,0.02,0,40.54
10901,0,0.0,0,61.55
10902,0,0.0,0,81.15
10903,0,0.0,0,178.38
10904,1,0.68,1,10.11
10905,0,0.0,0,206.72
10906,0,0.01,0,45.97
10907,0,0.04,0,10.63
10908,0,0.0,0,64.13
10909,0,0.0,0,17.35
10910,0,0.01,0,1296.43
10911,0,0.0,0,109.46
10912,0,0.01,0,30.98
10913,0,0.01,0,357.3
10914,0,0.01,0,82.44
10915,1,0.73,1,3236.34
10916,0,0.0,0,90.75
10917,0,0.0,0,40.44
10918,0,0.0,0,337.78
10919,0,0.0,0,426.34
10920,0,0.0,0,70.46
10921,0,0.0,0,130.32
10922,0,0.0,0,5.55
10923,0,0.0,0,41.36
10924,0,0.0,0,106.21
10925,0,0.0,0,121.68
10926,0,0.07,0,89.89
10927,1,0.69,1,35.45
10928,0,0.0,0,13.26
10929,0,0.01,0,90.6
10930,0,0.0,0,24.0
10931,0,0.0,0,24.65
10932,0,0.0,0,23.4
10933,0,0.01,0,60.93
10934,0,0.0,0,36.52
10935,0,0.0,0,77.97
10936,0,0.02,0,24.29
10937,0,0.0,0,31.36
10938,0,0.01,0,361.64
10939,0,0.0,0,750.84
10940,0,0.02,0,69.07
10941,0,0.0,0,32.86
10942,0,0.02,0,20.92
10943,0,0.01,0,81.42
10944,0,0.08,0,62.21
10945,0,0.0,0,555.94
10946,0,0.02,0,27.47
10947,0,0.0,0,131.48
10948,0,0.0,0,135.73
10949,0,0.0,0,14.94
10950,0,0.0,0,361.96
10951,0,0.0,0,141.45
10952,0,0.03,0,291.26
10953,0,0.0,0,34.75
10954,0,0.01,0,82.67
10955,0,0.0,0,13.61
10956,0,0.0,0,32.92
10957,0,0.03,0,44.52
10958,1,0.58,1,17.24
10959,0,0.0,0,39.04
10960,0,0.0,0,87.21
10961,0,0.01,0,170.04
10962,0,0.0,0,74.71
10963,0,0.0,0,24.87
10964,0,0.0,0,27.42
10965,0,0.0,0,13.1
10966,0,0.0,0,45.89
10967,0,0.0,0,143.57
10968,0,0.02,0,706.95
10969,0,0.01,0,158.84
10970,1,0.73,1,25.4
10971,0,0.0,0,308.06
10972,0,0.0,0,52.91
10973,0,0.03,0,248.03
10974,0,0.0,0,78.07
10975,0,0.0,0,81.92
10976,0,0.01,0,37.25
10977,0,0.0,0,18.49
10978,0,0.0,0,67.21
10979,0,0.01,0,53.03
10980,0,0.0,0,12.81
10981,0,0.01,0,115.17
10982,0,0.0,0,36.47
10983,0,0.0,0,25.38
10984,0,0.0,0,21.93
10985,0,0.01,0,39.39
10986,0,0.0,0,42.96
10987,0,0.0,0,76.66
10988,0,0.02,0,78.54
10989,0,0.0,0,129.1
10990,0,0.0,0,177.49
10991,0,0.0,0,36.01
10992,0,0.01,0,33.76
10993,0,0.0,0,461.02
10994,0,0.0,0,68.53
10995,0,0.0,0,76.51
10996,0,0.0,0,142.84
10997,0,0.02,0,161.14
10998,0,0.0,0,54.38
10999,0,0.01,0,70.38
11000,0,0.0,0,92.83
11001,0,0.0,0,122.65
11002,0,0.0,0,20.62
11003,0,0.0,0,17.21
11004,0,0.0,0,45.23
11005,0,0.0,0,31.01
11006,0,0.02,0,18.59
11007,0,0.01,0,35.78
11008,0,0.0,0,25.9
11009,0,0.0,0,52.57
11010,0,0.0,0,71.72
11011,0,0.0,0,178.07
11012,0,0.02,0,25.07
11013,0,0.0,0,50.1
11014,0,0.0,0,85.49
11015,0,0.0,0,65.7
11016,0,0.0,0,16.39
11017,0,0.01,0,95.28
11018,0,0.0,0,4.1
11019,0,0.01,0,23.25
11020,0,0.0,0,135.12
11021,0,0.0,0,15.69
11022,0,0.0,0,74.03
11023,0,0.0,0,51.49
11024,0,0.02,0,38.6
11025,0,0.04,0,540.72
11026,0,0.0,0,451.4
11027,0,0.0,0,57.24
11028,0,0.02,0,46.65
11029,0,0.0,0,70.23
11030,0,0.03,0,1606.71
11031,0,0.01,0,9.55
11032,0,0.01,0,1397.18
11033,0,0.01,0,171.89
11034,0,0.0,0,108.75
11035,0,0.01,0,84.8
11036,0,0.0,0,90.63
11037,0,0.01,0,60.72
11038,0,0.02,0,20.16
11039,0,0.0,0,41.66
11040,0,0.0,0,41.16
11041,0,0.01,0,243.14
11042,0,0.0,0,10.88
11043,0,0.0,0,16.56
11044,0,0.0,0,535.73
11045,0,0.0,0,94.16
11046,0,0.0,0,60.84
11047,0,0.0,0,210.28
11048,0,0.01,0,30.52
11049,0,0.01,0,30.56
11050,0,0.02,0,9.93
11051,0,0.0,0,793.67
11052,0,0.01,0,728.89
11053,0,0.0,0,18.35
11054,0,0.0,0,117.6
11055,1,0.62,1,50.43
11056,0,0.01,0,44.25
11057,0,0.0,0,408.23
11058,0,0.0,0,301.06
11059,0,0.0,0,67.5
11060,0,0.0,0,17.14
11061,0,0.0,0,117.37
11062,0,0.0,0,65.88
11063,0,0.0,0,36.94
11064,0,0.0,0,10.19
11065,1,0.72,1,73.7
11066,0,0.03,0,177.73
11067,0,0.01,0,541.12
11068,0,0.0,0,91.81
11069,0,0.0,0,117.62
11070,0,0.0,0,54.32
11071,0,0.02,0,741.05
11072,0,0.0,0,41.53
11073,0,0.0,0,10.66
11074,0,0.0,0,13.39
11075,0,0.0,0,2273.28
11076,0,0.0,0,113.1
11077,1,0.64,1,39.6
11078,0,0.0,0,12.02
11079,0,0.0,0,18.95
11080,0,0.0,0,17.55
11081,0,0.02,0,20.59
11082,0,0.0,0,13.96
11083,0,0.0,0,213.4
11084,0,0.0,0,46.67
11085,0,0.0,0,60.28
11086,0,0.0,0,607.0
11087,0,0.0,0,271.23
11088,0,0.0,0,87.77
11089,0,0.0,0,182.68
11090,0,0.01,0,104.17
11091,0,0.0,0,29.33
11092,0,0.0,0,10.93
11093,0,0.0,0,41.58
11094,0,0.0,0,95.5
11095,0,0.0,0,435.77
11096,0,0.0,0,334.06
11097,0,0.0,0,21.26
11098,0,0.0,0,8.21
11099,0,0.01,0,83.09
11100,0,0.01,0,36.37
11101,0,0.0,0,29.39
11102,0,0.0,0,33.7
11103,0,0.0,0,1992.06
11104,0,0.01,0,75.21
11105,0,0.0,0,17.64
11106,0,0.0,0,209.0
11107,0,0.0,0,7.94
11108,0,0.0,0,99.93
11109,0,0.0,0,40.96
11110,0,0.0,0,55.66
11111,0,0.02,0,33.42
11112,0,0.0,0,38.57
11113,0,0.01,0,12.27
11114,0,0.04,0,11.96
11115,0,0.0,0,20.69
11116,0,0.0,0,1.99
11117,0,0.0,0,7.52
11118,0,0.0,0,10.5
11119,0,0.0,0,54.93
11120,0,0.02,0,51.55
11121,0,0.02,0,416.61
11122,0,0.0,0,28.29
11123,0,0.02,0,21.4
11124,0,0.0,0,271.57
11125,0,0.01,0,22.92
11126,0,0.01,0,103.28
11127,0,0.02,0,122.47
11128,0,0.0,0,75.15
11129,0,0.01,0,26.7
11130,0,0.0,0,32.5
11131,0,0.0,0,101.33
11132,0,0.0,0,25.37
11133,0,0.0,0,27.19
11134,0,0.0,0,296.88
11135,0,0.0,0,52.29
11136,0,0.0,0,10.48
11137,0,0.0,0,14.07
11138,0,0.0,0,157.59
11139,0,0.0,0,90.42
11140,0,0.01,0,42.92
11141,0,0.0,0,135.08
11142,0,0.0,0,29.42
11143,1,0.69,1,126.35
11144,1,0.63,1,118.25
11145,0,0.0,0,9.37
11146,0,0.01,0,80.53
11147,0,0.01,0,5.4
11148,0,0.0,0,61.79
11149,0,0.0,0,15.81
11150,0,0.0,0,183.91
11151,0,0.0,0,228.62
11152,0,0.03,0,52.06
11153,0,0.02,0,36.52
11154,0,0.0,0,78.57
11155,0,0.0,0,1274.39
11156,0,0.0,0,83.92
11157,0,0.0,0,820.97
11158,0,0.01,0,32.86
11159,0,0.0,0,57.85
11160,0,0.0,0,117.13
11161,0,0.0,0,42.3
11162,0,0.0,0,68.6
11163,0,0.0,0,93.22
11164,0,0.0,0,94.37
11165,0,0.0,0,44.03
11166,0,0.0,0,173.88
11167,0,0.01,0,12.21
11168,0,0.0,0,4.01
11169,0,0.05,0,38.48
11170,0,0.0,0,47.31
11171,0,0.0,0,47.79
11172,0,0.01,0,15.82
11173,0,0.0,0,12.24
11174,0,0.0,0,90.01
11175,0,0.0,0,73.49
11176,1,0.7,1,385.69
11177,0,0.02,0,99.33
11178,0,0.0,0,32.79
11179,0,0.0,0,26.51
11180,0,0.01,0,85.18
11181,0,0.0,0,34.37
11182,1,0.58,1,58.71
11183,0,0.0,0,45.64
11184,0,0.0,0,145.45
11185,0,0.0,0,26.21
11186,0,0.0,0,3.93
11187,0,0.01,0,106.56
11188,0,0.0,0,337.8
11189,0,0.0,0,98.76
11190,0,0.0,0,60.52
11191,0,0.04,0,17.28
11192,0,0.0,0,10.11
11193,0,0.03,0,161.87
11194,0,0.0,0,45.29
11195,0,0.0,0,297.59
11196,0,0.01,0,16.68
11197,0,0.0,0,72.26
11198,0,0.0,0,57.82
11199,0,0.0,0,30.89
11200,0,0.01,0,85.92
11201,0,0.0,0,34.49
11202,0,0.0,0,352.29
11203,0,0.01,0,143.72
11204,0,0.02,0,951.95
11205,0,0.01,0,15.99
11206,0,0.0,0,86.41
11207,0,0.02,0,12.22
11208,0,0.0,0,28.13
11209,0,0.0,0,252.97
11210,0,0.01,0,1196.53
11211,0,0.05,0,34.21
11212,0,0.03,0,84.12
11213,0,0.0,0,172.51
11214,0,0.02,0,21.71
11215,0,0.0,0,1346.08
11216,0,0.0,0,115.02
11217,0,0.0,0,62.4
11218,0,0.0,0,376.47
11219,0,0.08,0,525.68
11220,0,0.0,0,144.4
11221,0,0.0,0,109.42
11222,0,0.0,0,71.71
11223,0,0.0,0,100.39
11224,0,0.01,0,88.42
11225,0,0.02,0,6.77
11226,0,0.0,0,244.86
11227,0,0.02,0,75.62
11228,0,0.0,0,8.93
11229,0,0.0,0,7.22
11230,0,0.0,0,21.11
11231,0,0.0,0,23.75
11232,0,0.0,0,42.11
11233,0,0.01,0,454.68
11234,0,0.0,0,195.83
11235,0,0.0,0,33.23
11236,0,0.0,0,82.46
11237,0,0.0,0,58.14
11238,0,0.0,0,49.68
11239,0,0.01,0,67.95
11240,0,0.01,0,34.67
11241,0,0.01,0,5.4
11242,0,0.0,0,63.43
11243,0,0.0,0,59.47
11244,0,0.04,0,13.69
11245,0,0.0,0,6.41
11246,0,0.0,0,60.32
11247,0,0.0,0,126.16
11248,0,0.0,0,436.87
11249,0,0.0,0,32.79
11250,0,0.0,0,80.31
11251,0,0.0,0,14.52
11252,0,0.0,0,35.12
11253,0,0.01,0,16.95
11254,0,0.0,0,38.6
11255,0,0.02,0,158.17
11256,0,0.0,0,134.2
11257,0,0.01,0,14.48
11258,0,0.0,0,7.61
11259,0,0.0,0,240.19
11260,0,0.0,0,12.45
11261,0,0.0,0,114.05
11262,0,0.0,0,128.18
11263,0,0.0,0,37.1
11264,0,0.0,0,202.95
11265,0,0.01,0,44.56
11266,0,0.0,0,81.55
11267,0,0.0,0,12.32
11268,0,0.01,0,10.38
11269,0,0.0,0,56.13
11270,0,0.0,0,526.5
11271,0,0.04,0,43.25
11272,0,0.0,0,290.76
11273,0,0.0,0,18.13
11274,0,0.0,0,55.31
11275,0,0.0,0,8.35
11276,0,0.0,0,290.19
11277,0,0.01,0,1357.06
11278,0,0.0,0,35.4
11279,0,0.01,0,56.1
11280,0,0.0,0,33.73
11281,0,0.0,0,12.32
11282,0,0.0,0,141.05
11283,0,0.0,0,451.52
11284,0,0.0,0,68.17
11285,0,0.0,0,167.57
11286,0,0.03,0,43.9
11287,0,0.01,0,13.59
11288,0,0.0,0,84.79
11289,0,0.0,0,52.94
11290,0,0.0,0,39.14
11291,0,0.0,0,17.37
11292,0,0.01,0,598.55
11293,0,0.0,0,5.29
11294,0,0.0,0,193.61
11295,0,0.03,0,22.87
11296,0,0.0,0,19.46
11297,0,0.0,0,135.39
11298,0,0.0,0,110.43
11299,0,0.0,0,216.25
11300,0,0.0,0,56.84
11301,0,0.06,0,38.75
11302,0,0.0,0,82.01
11303,0,0.0,0,103.09
11304,0,0.0,0,260.19
11305,0,0.01,0,586.39
11306,0,0.0,0,85.36
11307,0,0.0,0,60.41
11308,0,0.0,0,21.08
11309,0,0.0,0,53.47
11310,0,0.0,0,131.71
11311,0,0.0,0,374.77
11312,0,0.0,0,10.87
11313,0,0.0,0,87.27
11314,0,0.07,0,2244.66
11315,0,0.0,0,157.56
11316,0,0.0,0,31.13
11317,0,0.0,0,44.85
11318,0,0.0,0,20.7
11319,0,0.0,0,320.2
11320,0,0.0,0,44.96
11321,0,0.0,0,62.79
11322,0,0.0,0,25.2
11323,0,0.0,0,75.89
11324,0,0.0,0,33.21
11325,1,0.67,1,45.94
11326,0,0.0,0,42.86
11327,0,0.0,0,23.91
11328,0,0.02,0,557.39
11329,0,0.01,0,229.2
11330,0,0.0,0,678.82
11331,0,0.0,0,82.75
11332,0,0.01,0,459.62
11333,0,0.0,0,28.69
11334,0,0.01,0,340.1
11335,0,0.0,0,422.91
11336,0,0.0,0,71.77
11337,0,0.0,0,114.39
11338,0,0.0,0,78.31
11339,0,0.0,0,18.94
11340,0,0.0,0,288.25
11341,0,0.02,0,25.36
11342,0,0.0,0,82.03
11343,0,0.01,0,418.47
11344,0,0.0,0,20.63
11345,0,0.0,0,37.46
11346,0,0.0,0,131.12
11347,0,0.0,0,32.35
11348,0,0.0,0,25.08
11349,0,0.01,0,26.5
11350,0,0.0,0,68.91
11351,0,0.0,0,25.74
11352,0,0.02,0,104.81
11353,0,0.02,0,483.33
11354,0,0.0,0,173.55
11355,0,0.0,0,51.75
11356,0,0.02,0,221.15
11357,0,0.0,0,151.06
11358,0,0.03,0,24.05
11359,0,0.0,0,25.26
11360,0,0.0,0,9.71
11361,0,0.0,0,46.88
11362,0,0.0,0,21.74
11363,0,0.0,0,280.35
11364,0,0.0,0,67.27
11365,0,0.0,0,165.98
11366,0,0.0,0,84.57
11367,0,0.0,0,186.29
11368,0,0.0,0,58.81
11369,0,0.0,0,15.6
11370,0,0.0,0,23.28
11371,0,0.0,0,26.91
11372,0,0.0,0,8.17
11373,0,0.0,0,10.37
11374,0,0.01,0,28.8
11375,0,0.01,0,138.22
11376,0,0.0,0,44.48
11377,0,0.01,0,55.02
11378,0,0.0,0,27.47
11379,0,0.0,0,36.15
11380,0,0.0,0,149.26
11381,0,0.0,0,35.45
11382,0,0.01,0,66.0
11383,0,0.0,0,20.23
11384,0,0.01,0,186.12
11385,0,0.0,0,18.14
11386,0,0.0,0,11.9
11387,0,0.0,0,27.57
11388,0,0.0,0,23.5
11389,0,0.0,0,6.19
11390,0,0.0,0,156.6
11391,0,0.03,0,245.52
11392,0,0.0,0,244.07
11393,0,0.02,0,27.91
11394,0,0.0,0,78.01
11395,0,0.0,0,38.33
11396,0,0.01,0,1421.15
11397,0,0.0,0,467.39
11398,0,0.0,0,34.61
11399,0,0.0,0,12.62
11400,0,0.0,0,146.57
11401,0,0.1,0,142.6
11402,0,0.0,0,42.47
11403,0,0.0,0,30.03
11404,0,0.0,0,19.29
11405,0,0.0,0,23.98
11406,0,0.0,0,103.3
11407,1,0.71,1,239.46
11408,0,0.0,0,166.98
11409,0,0.0,0,148.43
11410,0,0.0,0,67.9
11411,0,0.0,0,80.47
11412,0,0.0,0,128.81
11413,0,0.0,0,9.28
11414,0,0.01,0,59.88
11415,0,0.0,0,52.5
11416,0,0.0,0,29.53
11417,0,0.0,0,10.18
11418,0,0.0,0,28.44
11419,0,0.0,0,493.37
11420,0,0.0,0,39.81
11421,0,0.0,0,19.92
11422,0,0.0,0,136.69
11423,0,0.0,0,1106.23
11424,0,0.0,0,7.88
11425,0,0.0,0,166.4
11426,0,0.01,0,192.28
11427,0,0.0,0,6.15
11428,0,0.01,0,47.47
11429,0,0.0,0,37.68
11430,0,0.02,0,122.65
11431,0,0.0,0,39.57
11432,0,0.0,0,66.81
11433,0,0.0,0,10.4
11434,0,0.0,0,59.69
11435,0,0.01,0,86.11
11436,0,0.03,0,116.25
11437,0,0.0,0,67.46
11438,1,0.7,1,137.39
11439,0,0.01,0,99.47
11440,0,0.0,0,1133.51
11441,0,0.0,0,64.75
11442,0,0.0,0,46.63
11443,0,0.02,0,64.56
11444,0,0.0,0,59.19
11445,0,0.0,0,180.88
11446,0,0.03,0,22.67
11447,0,0.0,0,56.52
11448,0,0.01,0,4.25
11449,0,0.01,0,29.19
11450,0,0.0,0,30.35
11451,0,0.0,0,47.07
11452,0,0.0,0,121.98
11453,0,0.01,0,44.63
11454,0,0.0,0,70.62
11455,0,0.0,0,16.37
11456,0,0.01,0,75.23
11457,0,0.01,0,59.53
11458,0,0.0,0,17.79
11459,0,0.01,0,26.6
11460,0,0.0,0,139.44
11461,0,0.0,0,39.51
11462,0,0.01,0,50.01
11463,0,0.0,0,138.22
11464,0,0.0,0,38.04
11465,0,0.01,0,59.92
11466,0,0.0,0,172.14
11467,0,0.0,0,29.3
11468,0,0.01,0,29.82
11469,0,0.01,0,27.21
11470,0,0.02,0,121.08
11471,0,0.0,0,277.13
11472,0,0.01,0,110.46
11473,1,0.56,1,95.11
11474,0,0.0,0,61.85
11475,0,0.0,0,44.75
11476,0,0.0,0,10.2
11477,0,0.03,0,767.24
11478,0,0.01,0,123.74
11479,0,0.0,0,14.25
11480,0,0.0,0,38.25
11481,0,0.01,0,43.83
11482,0,0.06,0,686.16
11483,0,0.0,0,29.3
11484,0,0.01,0,59.41
11485,0,0.0,0,27.88
11486,0,0.01,0,13.92
11487,0,0.01,0,60.71
11488,0,0.0,0,58.0
11489,1,0.65,1,163.46
11490,0,0.0,0,35.62
11491,0,0.0,0,203.93
11492,0,0.0,0,16.95
11493,0,0.0,0,15.43
11494,0,0.0,0,87.91
11495,1,0.73,1,598.91
11496,0,0.0,0,23.52
11497,0,0.01,0,21.78
11498,0,0.0,0,148.9
11499,0,0.03,0,1102.01
11500,0,0.0,0,31.85
11501,0,0.02,0,6.91
11502,0,0.0,0,224.11
11503,0,0.0,0,81.29
11504,0,0.0,0,55.22
11505,0,0.0,0,97.52
11506,0,0.0,0,273.82
11507,0,0.0,0,127.72
11508,0,0.03,0,1064.25
11509,0,0.0,0,9.47
11510,0,0.0,0,60.31
11511,0,0.0,0,51.8
11512,0,0.0,0,610.4
11513,0,0.0,0,20.87
11514,0,0.0,0,92.94
11515,0,0.02,0,29.61
11516,0,0.0,0,79.17
11517,0,0.0,0,40.28
11518,0,0.02,0,217.78
11519,0,0.0,0,11.41
11520,0,0.0,0,16.84
11521,0,0.04,0,1033.11
11522,0,0.0,0,28.14
11523,0,0.0,0,31.5
11524,0,0.03,0,287.93
11525,0,0.02,0,6.62
11526,0,0.03,0,69.99
11527,0,0.01,0,10.9
11528,0,0.0,0,78.31
11529,0,0.0,0,100.85
11530,0,0.0,0,28.1
11531,0,0.02,0,67.18
11532,0,0.02,0,55.83
11533,0,0.01,0,14.49
11534,0,0.0,0,54.63
11535,0,0.0,0,26.62
11536,0,0.0,0,716.39
11537,0,0.0,0,20.29
11538,0,0.0,0,59.63
11539,0,0.02,0,34.44
11540,0,0.0,0,175.7
11541,0,0.0,0,12.39
11542,0,0.0,0,17.36
11543,0,0.01,0,101.7
11544,0,0.0,0,32.37
11545,1,0.68,1,32.81
11546,0,0.0,0,33.11
11547,0,0.0,0,87.95
11548,0,0.0,0,60.84
11549,0,0.0,0,96.66
11550,0,0.0,0,55.8
11551,0,0.0,0,456.69
11552,0,0.03,0,16.7
11553,0,0.0,0,32.0
11554,0,0.0,0,1506.37
11555,0,0.0,0,5.95
11556,0,0.0,0,52.69
11557,0,0.03,0,50.46
11558,0,0.0,0,26.49
11559,0,0.0,0,333.81
11560,0,0.0,0,23.98
11561,0,0.0,0,206.35
11562,0,0.03,0,208.6
11563,0,0.0,0,186.77
11564,0,0.0,0,29.11
11565,0,0.0,0,43.92
11566,0,0.0,0,67.33
11567,0,0.02,0,41.54
11568,0,0.0,0,73.8
11569,0,0.01,0,9.65
11570,0,0.0,0,26.42
11571,0,0.0,0,83.32
11572,0,0.03,0,25.57
11573,0,0.02,0,92.6
11574,0,0.0,0,89.4
11575,0,0.0,0,195.66
11576,0,0.01,0,192.94
11577,0,0.02,0,15.07
11578,0,0.0,0,18.33
11579,0,0.0,0,89.39
11580,0,0.01,0,278.47
11581,0,0.0,0,62.39
11582,0,0.0,0,70.2
11583,0,0.0,0,13.47
11584,0,0.0,0,66.0
11585,0,0.03,0,374.02
11586,0,0.0,0,509.23
11587,0,0.0,0,193.56
11588,0,0.0,0,68.7
11589,0,0.0,0,7.1
11590,0,0.0,0,77.7
11591,0,0.0,0,163.29
11592,0,0.01,0,43.01
11593,0,0.0,0,43.42
11594,0,0.0,0,66.19
11595,0,0.0,0,14.1
11596,0,0.0,0,157.52
11597,0,0.02,0,112.3
11598,0,0.0,0,11.29
11599,0,0.01,0,208.93
11600,0,0.01,0,55.41
11601,0,0.0,0,39.64
11602,0,0.01,0,424.36
11603,0,0.0,0,12.35
11604,0,0.01,0,94.45
11605,0,0.0,0,59.2
11606,0,0.01,0,29.58
11607,0,0.0,0,7.79
11608,0,0.01,0,14.97
11609,0,0.01,0,205.87
11610,0,0.0,0,41.22
11611,0,0.0,0,21.72
11612,0,0.01,0,43.12
11613,0,0.0,0,8.6
11614,0,0.0,0,14.56
11615,0,0.0,0,59.36
11616,0,0.0,0,3.57
11617,0,0.0,0,171.57
11618,0,0.02,0,24.02
11619,0,0.0,0,438.13
11620,0,0.01,0,4.77
11621,0,0.0,0,15.01
11622,0,0.0,0,138.68
11623,0,0.0,0,79.69
11624,0,0.0,0,6.33
11625,0,0.0,0,57.48
11626,1,0.7,1,33.6
11627,0,0.0,0,29.91
11628,0,0.01,0,44.35
11629,0,0.0,0,16.92
11630,0,0.0,0,105.29
11631,0,0.01,0,426.93
11632,0,0.02,0,82.01
11633,0,0.02,0,48.86
11634,0,0.0,0,103.8
11635,0,0.0,0,10.27
11636,0,0.01,0,3.57
11637,0,0.0,0,28.21
11638,0,0.0,0,189.63
11639,0,0.0,0,7.14
11640,0,0.01,0,180.63
11641,0,0.0,0,28.04
11642,0,0.03,0,43.26
11643,0,0.03,0,41.08
11644,0,0.0,0,18.81
11645,0,0.0,0,91.81
11646,0,0.0,0,134.79
11647,0,0.0,0,435.77
11648,0,0.0,0,28.02
11649,0,0.0,0,73.0
11650,0,0.0,0,72.8
11651,0,0.0,0,35.48
11652,0,0.0,0,63.48
11653,0,0.03,0,20.9
11654,0,0.01,0,106.79
11655,0,0.01,0,17.42
11656,0,0.0,0,10.68
11657,0,0.0,0,358.69
11658,0,0.02,0,165.06
11659,0,0.0,0,166.44
11660,0,0.03,0,19.46
11661,0,0.01,0,13.12
11662,0,0.0,0,70.93
11663,0,0.0,0,10.38
11664,0,0.0,0,108.87
11665,0,0.0,0,33.86
11666,0,0.01,0,100.48
11667,0,0.0,0,37.78
11668,0,0.05,0,81.82
11669,0,0.0,0,142.15
11670,0,0.0,0,27.87
11671,0,0.0,0,37.47
11672,0,0.0,0,172.47
11673,0,0.0,0,15.25
11674,0,0.05,0,15.83
11675,0,0.0,0,64.01
11676,0,0.0,0,11.28
11677,0,0.05,0,21.01
11678,0,0.0,0,27.27
11679,0,0.0,0,43.06
11680,0,0.0,0,92.34
11681,0,0.0,0,17.2
11682,0,0.01,0,41.76
11683,0,0.0,0,139.61
11684,0,0.02,0,22.89
11685,0,0.04,0,72.25
11686,0,0.04,0,37.41
11687,0,0.0,0,47.01
11688,0,0.0,0,273.75
11689,0,0.0,0,197.65
11690,0,0.0,0,66.49
11691,0,0.0,0,22.87
11692,0,0.0,0,3.43
11693,0,0.0,0,44.79
11694,0,0.0,0,269.13
11695,0,0.0,0,36.49
11696,0,0.0,0,354.8
11697,0,0.0,0,24.38
11698,0,0.0,0,36.37
11699,0,0.0,0,150.0
11700,0,0.0,0,42.23
11701,0,0.0,0,26.14
11702,0,0.0,0,152.96
11703,0,0.0,0,349.53
11704,0,0.0,0,13.85
11705,0,0.01,0,42.14
11706,0,0.0,0,58.52
11707,0,0.0,0,24.93
11708,0,0.03,0,242.55
11709,0,0.01,0,155.41
11710,0,0.0,0,56.76
11711,0,0.0,0,6.67
11712,0,0.0,0,11.39
11713,0,0.0,0,196.05
11714,0,0.0,0,28.72
11715,0,0.0,0,80.56
11716,0,0.0,0,112.76
11717,0,0.0,0,89.75
11718,0,0.0,0,63.54
11719,0,0.0,0,16.15
11720,0,0.02,0,132.67
11721,0,0.0,0,171.38
11722,0,0.0,0,141.9
11723,0,0.0,0,22.48
11724,0,0.03,0,152.11
11725,0,0.01,0,23.94
11726,0,0.0,0,12.5
11727,0,0.01,0,257.17
11728,0,0.02,0,170.65
11729,0,0.0,0,51.87
11730,0,0.01,0,19.67
11731,0,0.0,0,5.6
11732,0,0.07,0,1193.49
11733,0,0.0,0,42.99
11734,0,0.0,0,75.61
11735,0,0.0,0,58.89
11736,0,0.0,0,12.68
11737,0,0.02,0,33.96
11738,0,0.0,0,48.99
11739,0,0.0,0,289.3
11740,0,0.0,0,153.25
11741,0,0.01,0,844.4
11742,0,0.0,0,353.96
11743,0,0.0,0,11.5
11744,0,0.01,0,25.89
11745,0,0.0,0,25.76
11746,0,0.0,0,28.47
11747,0,0.01,0,79.68
11748,0,0.0,0,54.66
11749,0,0.0,0,106.8
11750,0,0.0,0,31.96
11751,0,0.0,0,383.92
11752,0,0.0,0,11.17
11753,0,0.05,0,59.98
11754,0,0.0,0,335.48
11755,0,0.0,0,52.03
11756,0,0.0,0,150.52
11757,0,0.01,0,8.8
11758,0,0.0,0,153.59
11759,0,0.0,0,108.22
11760,0,0.0,0,176.73
11761,0,0.04,0,31.05
11762,0,0.0,0,56.67
11763,0,0.0,0,22.43
11764,0,0.0,0,162.5
11765,0,0.0,0,20.4
11766,0,0.01,0,645.67
11767,0,0.06,0,362.57
11768,0,0.0,0,21.15
11769,0,0.0,0,135.6
11770,0,0.0,0,293.12
11771,0,0.0,0,17.42
11772,0,0.0,0,194.03
11773,0,0.0,0,95.67
11774,0,0.0,0,9.94
11775,0,0.02,0,6.5
11776,0,0.0,0,1503.07
11777,0,0.0,0,176.29
11778,0,0.01,0,290.0
11779,0,0.0,0,28.16
11780,0,0.01,0,240.68
11781,0,0.01,0,13.02
11782,0,0.0,0,142.63
11783,0,0.04,0,26.41
11784,0,0.01,0,188.31
11785,1,0.69,1,31.1
11786,0,0.0,0,723.68
11787,0,0.0,0,74.4
11788,0,0.0,0,122.12
11789,0,0.0,0,56.93
11790,0,0.0,0,12.84
11791,0,0.0,0,54.11
11792,0,0.01,0,19.61
11793,0,0.0,0,265.13
11794,0,0.02,0,187.97
11795,0,0.01,0,534.76
11796,0,0.0,0,71.65
11797,0,0.05,0,157.88
11798,0,0.0,0,74.86
11799,0,0.03,0,107.37
11800,0,0.0,0,6.47
11801,0,0.0,0,21.8
11802,0,0.0,0,97.17
11803,0,0.01,0,6.98
11804,0,0.03,0,210.92
11805,0,0.0,0,104.73
11806,0,0.0,0,5.8
11807,0,0.0,0,177.72
11808,1,0.64,1,44.33
11809,0,0.02,0,49.62
11810,0,0.04,0,91.27
11811,0,0.0,0,66.38
11812,0,0.0,0,12.9
11813,0,0.0,0,99.88
11814,0,0.0,0,98.66
11815,0,0.0,0,35.53
11816,0,0.0,0,99.21
11817,0,0.0,0,44.87
11818,0,0.0,0,276.91
11819,0,0.0,0,119.23
11820,0,0.0,0,26.74
11821,1,0.64,1,11.9
11822,0,0.0,0,193.44
11823,0,0.0,0,95.0
11824,0,0.0,0,80.41
11825,0,0.0,0,51.19
11826,0,0.01,0,33.13
11827,0,0.0,0,16.73
11828,0,0.0,0,5.16
11829,0,0.0,0,26.58
11830,0,0.0,0,63.51
11831,0,0.0,0,16.32
11832,0,0.03,0,18.91
11833,0,0.0,0,45.15
11834,0,0.0,0,267.85
11835,0,0.0,0,165.99
11836,0,0.0,0,11.98
11837,0,0.0,0,93.61
11838,0,0.0,0,25.91
11839,0,0.01,0,81.22
11840,0,0.01,0,75.87
11841,0,0.0,0,7.24
11842,0,0.0,0,11.26
11843,0,0.01,0,85.13
11844,0,0.0,0,14.5
11845,0,0.0,0,13.71
11846,0,0.0,0,327.91
11847,0,0.01,0,175.82
11848,0,0.0,0,296.71
11849,0,0.0,0,79.83
11850,0,0.0,0,273.66
11851,0,0.0,0,70.7
11852,0,0.0,0,248.82
11853,0,0.04,0,40.68
11854,0,0.0,0,284.7
11855,0,0.0,0,66.69
11856,0,0.0,0,74.8
11857,0,0.02,0,10.81
11858,0,0.0,0,304.34
11859,0,0.0,0,34.28
11860,0,0.01,0,44.72
11861,0,0.11,0,89.06
11862,0,0.02,0,46.44
11863,0,0.0,0,110.67
11864,0,0.0,0,1520.73
11865,1,0.7,1,170.91
11866,0,0.0,0,188.77
11867,0,0.02,0,2.18
11868,0,0.01,0,21.42
11869,0,0.04,0,6.07
11870,0,0.0,0,49.36
11871,0,0.0,0,32.03
11872,0,0.0,0,52.32
11873,0,0.05,0,290.99
11874,0,0.01,0,177.69
11875,0,0.03,0,90.55
11876,0,0.0,0,156.7
11877,0,0.0,0,116.01
11878,0,0.0,0,14.12
11879,0,0.0,0,381.32
11880,0,0.0,0,21.11
11881,0,0.0,0,123.55
11882,0,0.0,0,27.45
11883,0,0.01,0,74.43
11884,0,0.0,0,69.79
11885,0,0.0,0,35.91
11886,0,0.01,0,55.87
11887,0,0.0,0,120.06
11888,0,0.0,0,14.57
11889,0,0.0,0,119.09
11890,0,0.0,0,15.93
11891,0,0.0,0,7.73
11892,0,0.0,0,36.19
11893,0,0.02,0,607.79
11894,0,0.0,0,12.63
11895,0,0.0,0,168.26
11896,0,0.0,0,100.74
11897,0,0.0,0,148.63
11898,0,0.0,0,12.16
11899,0,0.0,0,14.32
11900,0,0.01,0,39.68
11901,0,0.0,0,484.69
11902,0,0.0,0,308.21
11903,0,0.0,0,5.25
11904,0,0.0,0,113.23
11905,0,0.0,0,38.67
11906,0,0.0,0,502.34
11907,0,0.0,0,124.43
11908,0,0.01,0,17.71
11909,0,0.0,0,80.54
11910,0,0.0,0,36.7
11911,0,0.12,0,109.44
11912,0,0.02,0,4.39
11913,0,0.03,0,58.47
11914,0,0.0,0,38.14
11915,0,0.0,0,20.0
11916,0,0.0,0,14.48
11917,1,0.73,1,34.69
11918,0,0.0,0,44.92
11919,0,0.0,0,207.39
11920,0,0.0,0,65.15
11921,0,0.0,0,553.58
11922,0,0.0,0,143.95
11923,0,0.0,0,21.07
11924,0,0.0,0,5.3
11925,0,0.0,0,268.38
11926,0,0.01,0,58.32
11927,0,0.0,0,67.62
11928,0,0.01,0,313.16
11929,0,0.0,0,18.18
11930,0,0.0,0,105.62
11931,0,0.0,0,23.47
11932,0,0.0,0,19.34
11933,0,0.04,0,65.99
11934,0,0.0,0,124.19
11935,0,0.03,0,60.44
11936,0,0.02,0,50.3
11937,0,0.0,0,330.12
11938,0,0.03,0,124.97
11939,0,0.01,0,39.14
11940,0,0.0,0,142.84
11941,1,0.67,1,23.55
11942,0,0.0,0,37.13
11943,0,0.0,0,18.76
11944,0,0.02,0,214.52
11945,0,0.01,0,297.98
11946,0,0.0,0,44.46
11947,0,0.0,0,33.95
11948,0,0.03,0,19.16
11949,0,0.0,0,54.9
11950,0,0.0,0,32.97
11951,0,0.01,0,117.86
11952,0,0.0,0,46.68
11953,0,0.01,0,56.61
11954,0,0.0,0,276.91
11955,0,0.06,0,48.24
11956,0,0.0,0,190.78
11957,0,0.03,0,1686.69
11958,0,0.01,0,39.4
11959,0,0.01,0,74.08
11960,0,0.0,0,127.18
11961,0,0.0,0,20.54
11962,0,0.0,0,68.32
11963,0,0.06,0,9.43
11964,0,0.01,0,128.33
11965,0,0.0,0,204.24
11966,0,0.0,0,38.6
11967,0,0.0,0,535.65
11968,0,0.0,0,5.15
11969,0,0.0,0,7.85
11970,0,0.0,0,63.36
11971,0,0.0,0,51.0
11972,0,0.03,0,19.86
11973,0,0.0,0,10.9
11974,0,0.0,0,268.59
11975,0,0.0,0,36.16
11976,0,0.0,0,46.65
11977,0,0.0,0,75.42
11978,0,0.01,0,18.11
11979,0,0.0,0,76.88
11980,0,0.0,0,63.38
11981,0,0.0,0,51.75
11982,0,0.0,0,80.12
11983,0,0.0,0,15.02
11984,0,0.0,0,23.5
11985,0,0.0,0,34.67
11986,0,0.0,0,62.42
11987,0,0.03,0,21.56
11988,0,0.0,0,85.64
11989,0,0.0,0,97.09
11990,0,0.0,0,68.83
11991,0,0.01,0,64.48
11992,0,0.01,0,108.04
11993,0,0.01,0,59.79
11994,0,0.01,0,1591.37
11995,0,0.0,0,37.91
11996,0,0.0,0,65.37
11997,0,0.02,0,101.99
11998,0,0.0,0,152.72
11999,0,0.0,0,73.52
12000,0,0.0,0,36.32
12001,0,0.03,0,106.11
12002,0,0.01,0,691.52
12003,0,0.0,0,234.36
12004,0,0.07,0,169.63
12005,0,0.0,0,144.78
12006,0,0.0,0,57.9
12007,0,0.0,0,37.59
12008,0,0.0,0,11.72
12009,0,0.0,0,61.7
12010,0,0.0,0,89.08
12011,0,0.0,0,42.42
12012,0,0.0,0,20.08
12013,0,0.0,0,105.06
12014,0,0.0,0,41.18
12015,0,0.0,0,48.54
12016,0,0.0,0,28.92
12017,0,0.06,0,201.38
12018,0,0.0,0,36.83
12019,0,0.04,0,17.68
12020,0,0.0,0,44.18
12021,0,0.0,0,40.63
12022,0,0.0,0,336.93
12023,0,0.0,0,302.3
12024,0,0.0,0,71.27
12025,0,0.0,0,17.09
12026,0,0.0,0,94.85
12027,0,0.0,0,60.05
12028,0,0.01,0,44.34
12029,0,0.0,0,54.77
12030,0,0.0,0,26.39
12031,0,0.01,0,151.48
12032,0,0.0,0,31.48
12033,0,0.0,0,10.95
12034,0,0.0,0,63.04
12035,0,0.0,0,30.8
12036,0,0.0,0,1892.39
12037,0,0.01,0,126.14
12038,0,0.0,0,45.35
12039,0,0.0,0,128.36
12040,0,0.02,0,255.06
12041,0,0.01,0,124.81
12042,0,0.0,0,282.24
12043,0,0.0,0,87.51
12044,0,0.05,0,13.53
12045,0,0.0,0,99.93
12046,0,0.02,0,388.12
12047,0,0.0,0,31.56
12048,0,0.04,0,31.31
12049,0,0.02,0,60.42
12050,0,0.01,0,12.87
12051,0,0.0,0,41.52
12052,0,0.0,0,32.07
12053,0,0.0,0,108.43
12054,0,0.0,0,38.61
12055,1,0.83,1,446.83
12056,0,0.01,0,58.61
12057,0,0.0,0,16.99
12058,0,0.01,0,119.58
12059,0,0.0,0,81.39
12060,0,0.0,0,9.53
12061,0,0.0,0,75.33
12062,0,0.04,0,52.38
12063,0,0.0,0,84.5
12064,0,0.0,0,72.63
12065,0,0.01,0,15.52
12066,0,0.0,0,36.81
12067,0,0.02,0,111.77
12068,0,0.0,0,365.57
12069,0,0.0,0,27.36
12070,0,0.01,0,280.26
12071,0,0.0,0,11.21
12072,0,0.0,0,30.88
12073,0,0.0,0,150.29
12074,0,0.0,0,33.46
12075,0,0.02,0,172.73
12076,0,0.0,0,8.54
12077,0,0.0,0,93.5
12078,0,0.0,0,266.56
12079,0,0.0,0,11.88
12080,0,0.01,0,6.01
12081,0,0.0,0,163.16
12082,0,0.01,0,71.78
12083,0,0.0,0,2.66
12084,0,0.03,0,49.5
12085,0,0.0,0,23.51
12086,0,0.0,0,61.89
12087,0,0.0,0,24.28
12088,0,0.02,0,4.77
12089,0,0.02,0,73.34
12090,0,0.05,0,34.45
12091,0,0.0,0,39.97
12092,0,0.0,0,49.16
12093,0,0.0,0,46.56
12094,0,0.0,0,60.25
12095,0,0.0,0,4.1
12096,0,0.01,0,114.72
12097,0,0.0,0,172.07
12098,0,0.0,0,38.46
12099,0,0.0,0,43.02
12100,0,0.0,0,10.52
12101,0,0.03,0,62.46
12102,0,0.01,0,84.3
12103,0,0.0,0,23.98
12104,0,0.01,0,201.02
12105,1,0.65,1,545.21
12106,1,0.57,1,75.08
12107,0,0.01,0,40.96
12108,0,0.0,0,60.41
12109,0,0.0,0,14.16
12110,0,0.0,0,356.28
12111,0,0.0,0,89.83
12112,0,0.0,0,43.31
12113,0,0.0,0,67.9
12114,0,0.0,0,164.63
12115,0,0.02,0,39.55
12116,0,0.0,0,24.78
12117,0,0.0,0,653.85
12118,0,0.0,0,59.38
12119,0,0.0,0,46.16
12120,0,0.03,0,121.94
12121,0,0.05,0,208.15
12122,0,0.0,0,83.04
12123,0,0.0,0,21.36
12124,0,0.0,0,52.21
12125,0,0.0,0,46.15
12126,0,0.01,0,223.93
12127,0,0.0,0,5.49
12128,0,0.0,0,105.25
12129,0,0.0,0,37.24
12130,0,0.0,0,42.43
12131,0,0.0,0,37.81
12132,0,0.0,0,21.85
12133,0,0.0,0,316.88
12134,0,0.01,0,23.51
12135,0,0.0,0,122.88
12136,0,0.0,0,55.2
12137,0,0.0,0,30.63
12138,0,0.01,0,8.91
12139,0,0.0,0,139.38
12140,0,0.0,0,81.24
12141,0,0.0,0,29.8
12142,0,0.0,0,34.52
12143,0,0.0,0,37.82
12144,0,0.0,0,28.26
12145,0,0.0,0,32.15
12146,0,0.0,0,1163.15
12147,0,0.0,0,32.53
12148,0,0.0,0,6.09
12149,0,0.0,0,82.46
12150,0,0.01,0,43.64
12151,0,0.0,0,35.64
12152,0,0.0,0,34.44
12153,0,0.01,0,124.75
12154,0,0.0,0,30.18
12155,0,0.0,0,35.44
12156,0,0.01,0,34.95
12157,0,0.02,0,31.35
12158,0,0.0,0,881.26
12159,0,0.03,0,87.41
12160,0,0.0,0,54.11
12161,0,0.0,0,19.63
12162,0,0.0,0,121.26
12163,0,0.0,0,488.9
12164,0,0.02,0,66.81
12165,0,0.01,0,54.26
12166,0,0.01,0,67.63
12167,0,0.0,0,851.09
12168,0,0.0,0,26.55
12169,0,0.0,0,394.58
12170,0,0.01,0,839.21
12171,0,0.0,0,53.45
12172,0,0.01,0,43.84
12173,0,0.0,0,109.41
12174,0,0.01,0,89.21
12175,0,0.04,0,626.35
12176,0,0.0,0,110.27
12177,0,0.0,0,99.53
12178,0,0.0,0,111.26
12179,0,0.0,0,14.18
12180,0,0.01,0,97.26
12181,0,0.02,0,2.34
12182,0,0.0,0,78.14
12183,0,0.0,0,8.45
12184,0,0.01,0,101.99
12185,0,0.0,0,22.13
12186,0,0.0,0,97.58
12187,0,0.0,0,590.91
12188,0,0.01,0,223.69
12189,0,0.02,0,11.13
12190,0,0.0,0,32.88
12191,0,0.01,0,41.54
12192,0,0.0,0,11.37
12193,0,0.01,0,10.08
12194,0,0.0,0,75.53
12195,0,0.02,0,27.31
12196,0,0.01,0,740.4
12197,0,0.02,0,45.93
12198,0,0.02,0,340.54
12199,0,0.0,0,18.65
12200,0,0.01,0,14.57
12201,0,0.0,0,26.68
12202,0,0.03,0,12.58
12203,0,0.03,0,62.02
12204,0,0.0,0,73.07
12205,0,0.01,0,563.14
12206,0,0.01,0,16.34
12207,0,0.0,0,21.18
12208,0,0.0,0,15.99
12209,0,0.0,0,138.64
12210,0,0.0,0,68.13
12211,1,0.61,1,116.84
12212,0,0.01,0,147.91
12213,0,0.01,0,91.54
12214,0,0.0,0,41.21
12215,0,0.0,0,42.74
12216,0,0.0,0,85.64
12217,0,0.01,0,79.29
12218,0,0.05,0,32.32
12219,0,0.0,0,12.74
12220,0,0.02,0,27.45
12221,0,0.0,0,204.52
12222,0,0.0,0,68.64
12223,0,0.0,0,236.54
12224,0,0.0,0,65.68
12225,0,0.0,0,4.67
12226,0,0.01,0,107.82
12227,0,0.0,0,424.82
12228,0,0.02,0,113.8
12229,0,0.0,0,60.99
12230,0,0.0,0,190.49
12231,0,0.0,0,11.94
12232,0,0.0,0,232.07
12233,0,0.0,0,69.24
12234,0,0.0,0,54.52
12235,0,0.0,0,9.27
12236,0,0.0,0,275.11
12237,0,0.0,0,156.01
12238,0,0.0,0,26.7
12239,0,0.0,0,142.12
12240,0,0.01,0,51.12
12241,0,0.03,0,1721.26
12242,0,0.0,0,22.26
12243,0,0.0,0,148.54
12244,0,0.0,0,120.41
12245,0,0.01,0,93.07
12246,0,0.0,0,251.29
12247,0,0.05,0,308.61
12248,0,0.03,0,38.09
12249,0,0.0,0,26.93
12250,0,0.0,0,7.65
12251,0,0.0,0,45.98
12252,0,0.0,0,9.46
12253,0,0.02,0,15.96
12254,0,0.02,0,45.9
12255,0,0.0,0,158.75
12256,0,0.0,0,19.85
12257,0,0.0,0,1021.06
12258,0,0.01,0,330.62
12259,0,0.01,0,55.48
12260,0,0.0,0,97.14
12261,0,0.0,0,57.67
12262,0,0.0,0,235.96
12263,0,0.0,0,73.57
12264,0,0.06,0,21.75
12265,0,0.0,0,1479.1
12266,0,0.01,0,5.16
12267,0,0.0,0,1759.04
12268,0,0.0,0,31.44
12269,0,0.05,0,3.5
12270,0,0.0,0,46.18
12271,0,0.0,0,12.83
12272,0,0.01,0,52.65
12273,0,0.0,0,226.64
12274,0,0.0,0,86.67
12275,0,0.01,0,35.47
12276,0,0.02,0,17.0
12277,0,0.02,0,128.18
12278,0,0.01,0,46.64
12279,0,0.02,0,30.48
12280,0,0.0,0,73.21
12281,0,0.0,0,48.0
12282,0,0.0,0,16.06
12283,0,0.0,0,23.26
12284,0,0.07,0,14.02
12285,0,0.0,0,24.73
12286,0,0.02,0,90.65
12287,0,0.0,0,142.05
12288,0,0.0,0,41.04
12289,0,0.0,0,13.77
12290,0,0.0,0,73.27
12291,0,0.0,0,15.3
12292,0,0.01,0,127.51
12293,0,0.01,0,7.09
12294,0,0.0,0,482.53
12295,0,0.0,0,105.2
12296,0,0.0,0,56.29
12297,0,0.0,0,27.04
12298,0,0.0,0,38.42
12299,0,0.0,0,72.05
12300,0,0.0,0,54.32
12301,0,0.0,0,76.96
12302,0,0.01,0,53.07
12303,0,0.01,0,2.59
12304,0,0.08,0,9.74
12305,0,0.04,0,37.99
12306,0,0.01,0,554.88
12307,0,0.0,0,76.07
12308,0,0.0,0,18.56
12309,0,0.01,0,32.09
12310,0,0.0,0,806.41
12311,0,0.0,0,18.65
12312,0,0.0,0,178.77
12313,0,0.0,0,232.66
12314,0,0.0,0,17.77
12315,0,0.0,0,95.67
12316,0,0.0,0,30.59
12317,0,0.0,0,20.03
12318,0,0.03,0,105.75
12319,0,0.06,0,26.66
12320,0,0.0,0,26.96
12321,0,0.01,0,22.69
12322,0,0.0,0,45.51
12323,0,0.0,0,17.33
12324,0,0.02,0,14.87
12325,0,0.0,0,39.78
12326,0,0.0,0,41.69
12327,0,0.0,0,65.35
12328,0,0.0,0,34.07
12329,0,0.01,0,9.96
12330,0,0.06,0,693.01
12331,0,0.03,0,35.66
12332,0,0.06,0,46.67
12333,0,0.0,0,156.87
12334,0,0.0,0,157.17
12335,0,0.02,0,19.18
12336,1,0.72,1,450.55
12337,0,0.0,0,78.43
12338,0,0.0,0,12.34
12339,0,0.0,0,2.42
12340,0,0.02,0,79.56
12341,0,0.0,0,78.74
12342,0,0.02,0,69.13
12343,0,0.0,0,89.24
12344,0,0.0,0,33.35
12345,0,0.0,0,80.88
12346,0,0.01,0,157.34
12347,0,0.0,0,85.11
12348,0,0.0,0,100.77
12349,0,0.0,0,13.07
12350,0,0.0,0,39.68
12351,0,0.0,0,27.52
12352,0,0.0,0,300.63
12353,0,0.0,0,37.04
12354,0,0.0,0,16.04
12355,0,0.01,0,99.73
12356,0,0.0,0,1162.68
12357,0,0.01,0,72.13
12358,0,0.0,0,4.42
12359,0,0.01,0,345.05
12360,0,0.04,0,40.22
12361,0,0.0,0,124.49
12362,0,0.0,0,31.16
12363,0,0.01,0,31.96
12364,0,0.0,0,14.13
12365,0,0.0,0,39.11
12366,0,0.0,0,105.35
12367,0,0.0,0,58.27
12368,0,0.0,0,26.42
12369,0,0.0,0,541.4
12370,0,0.01,0,26.84
12371,0,0.0,0,48.33
12372,0,0.01,0,245.16
12373,0,0.0,0,103.43
12374,0,0.01,0,12.55
12375,0,0.01,0,67.74
12376,0,0.0,0,28.32
12377,0,0.0,0,7.39
12378,0,0.01,0,341.9
12379,0,0.0,0,389.8
12380,0,0.0,0,27.25
12381,0,0.01,0,86.38
12382,0,0.0,0,381.07
12383,0,0.01,0,455.47
12384,0,0.0,0,26.13
12385,0,0.01,0,9.45
12386,0,0.0,0,53.17
12387,0,0.0,0,39.36
12388,0,0.0,0,13.86
12389,0,0.04,0,44.22
12390,0,0.0,0,181.6
12391,0,0.0,0,154.95
12392,0,0.0,0,17.4
12393,0,0.0,0,46.23
12394,0,0.03,0,298.82
12395,0,0.01,0,193.37
12396,0,0.0,0,67.16
12397,0,0.0,0,159.6
12398,0,0.01,0,31.88
12399,0,0.01,0,209.57
12400,0,0.01,0,9.99
12401,0,0.0,0,164.36
12402,0,0.0,0,47.62
12403,0,0.0,0,65.92
12404,0,0.0,0,24.45
12405,0,0.0,0,22.12
12406,0,0.01,0,472.84
12407,1,0.72,1,51.24
12408,0,0.0,0,34.03
12409,0,0.0,0,80.71
12410,0,0.0,0,13.22
12411,0,0.0,0,58.79
12412,0,0.01,0,10.5
12413,0,0.0,0,218.22
12414,0,0.0,0,10.0
12415,0,0.0,0,50.47
12416,0,0.0,0,90.04
12417,0,0.0,0,372.22
12418,0,0.01,0,117.53
12419,0,0.0,0,46.43
12420,0,0.01,0,747.29
12421,0,0.0,0,61.23
12422,0,0.0,0,162.05
12423,0,0.0,0,263.48
12424,0,0.02,0,168.34
12425,0,0.0,0,210.57
12426,0,0.03,0,46.3
12427,0,0.01,0,50.25
12428,0,0.01,0,7.96
12429,0,0.03,0,8.07
12430,0,0.0,0,264.51
12431,0,0.0,0,203.18
12432,0,0.0,0,20.08
12433,0,0.01,0,10.83
12434,0,0.0,0,53.67
12435,0,0.0,0,27.19
12436,0,0.0,0,494.8
12437,0,0.0,0,244.86
12438,0,0.05,0,24.36
12439,0,0.0,0,39.48
12440,0,0.01,0,259.55
12441,0,0.02,0,4.18
12442,0,0.0,0,3.12
12443,0,0.0,0,42.12
12444,0,0.0,0,130.6
12445,0,0.0,0,64.46
12446,0,0.02,0,77.66
12447,1,0.83,1,32.11
12448,0,0.01,0,50.28
12449,0,0.01,0,40.18
12450,0,0.0,0,42.79
12451,0,0.04,0,434.99
12452,0,0.0,0,86.81
12453,0,0.0,0,126.87
12454,0,0.0,0,327.12
12455,0,0.01,0,633.45
12456,0,0.0,0,89.32
12457,0,0.0,0,84.53
12458,0,0.01,0,44.36
12459,0,0.07,0,1321.16
12460,0,0.0,0,159.57
12461,0,0.0,0,57.21
12462,0,0.0,0,20.33
12463,0,0.01,0,43.85
12464,0,0.0,0,128.96
12465,1,0.7,1,103.89
12466,0,0.0,0,49.12
12467,0,0.0,0,14.17
12468,0,0.01,0,5.8
12469,0,0.0,0,24.7
12470,0,0.0,0,11.41
12471,0,0.0,0,49.92
12472,0,0.0,0,55.01
12473,0,0.01,0,628.05
12474,0,0.0,0,48.93
12475,0,0.0,0,90.56
12476,0,0.0,0,59.45
12477,0,0.0,0,205.78
12478,0,0.0,0,30.24
12479,0,0.01,0,38.59
12480,0,0.0,0,102.75
12481,0,0.0,0,34.65
12482,0,0.0,0,41.31
12483,0,0.01,0,73.92
12484,0,0.01,0,37.75
12485,1,0.72,1,38.76
12486,0,0.05,0,363.3
12487,0,0.0,0,34.76
12488,0,0.03,0,8.06
12489,0,0.0,0,1252.16
12490,0,0.0,0,23.24
12491,0,0.01,0,132.54
12492,0,0.0,0,166.69
12493,1,0.63,1,8.7
12494,0,0.03,0,5.97
12495,0,0.0,0,12.28
12496,0,0.0,0,89.97
12497,0,0.0,0,436.46
12498,0,0.02,0,55.25
12499,0,0.0,0,30.44
12500,0,0.0,0,91.08
12501,0,0.06,0,46.76
12502,0,0.0,0,87.37
12503,0,0.0,0,71.55
12504,1,0.64,1,160.08
12505,0,0.0,0,12.78
12506,0,0.0,0,76.99
12507,0,0.0,0,111.25
12508,0,0.0,0,183.11
12509,0,0.0,0,22.99
12510,0,0.0,0,143.55
12511,0,0.02,0,262.38
12512,0,0.01,0,112.37
12513,0,0.01,0,103.14
12514,0,0.02,0,132.87
12515,0,0.0,0,105.5
12516,0,0.0,0,1.77
12517,0,0.0,0,145.33
12518,0,0.0,0,139.43
12519,0,0.06,0,435.91
12520,0,0.0,0,33.05
12521,0,0.0,0,24.74
12522,0,0.0,0,44.53
12523,0,0.02,0,305.52
12524,0,0.0,0,268.67
12525,0,0.0,0,27.96
12526,0,0.01,0,406.18
12527,0,0.0,0,231.4
12528,0,0.0,0,148.12
12529,0,0.0,0,200.25
12530,0,0.0,0,127.31
12531,0,0.01,0,98.47
12532,0,0.0,0,258.86
12533,0,0.0,0,50.97
12534,0,0.0,0,7.16
12535,0,0.0,0,114.18
12536,0,0.06,0,50.73
12537,0,0.0,0,560.35
12538,0,0.02,0,44.06
12539,0,0.02,0,95.96
12540,0,0.0,0,14.43
12541,0,0.0,0,51.73
12542,0,0.0,0,229.49
12543,0,0.05,0,291.78
12544,0,0.0,0,731.01
12545,0,0.0,0,23.05
12546,0,0.01,0,2.43
12547,0,0.0,0,20.8
12548,0,0.0,0,31.16
12549,0,0.01,0,11.81
12550,1,0.69,1,54.73
12551,0,0.0,0,9.84
12552,0,0.01,0,861.09
12553,0,0.0,0,1078.15
12554,0,0.0,0,9.47
12555,0,0.0,0,82.17
12556,0,0.0,0,70.31
12557,0,0.02,0,18.01
12558,0,0.0,0,30.76
12559,0,0.0,0,63.29
12560,0,0.0,0,87.64
12561,0,0.0,0,629.46
12562,0,0.0,0,28.15
12563,0,0.0,0,118.41
12564,0,0.0,0,194.95
12565,0,0.02,0,13.43
12566,0,0.0,0,432.01
12567,0,0.0,0,113.34
12568,0,0.0,0,25.97
12569,0,0.01,0,55.71
12570,0,0.0,0,27.95
12571,0,0.0,0,9.17
12572,0,0.12,0,16.16
12573,0,0.0,0,11.63
12574,0,0.0,0,70.77
12575,0,0.0,0,47.74
12576,0,0.0,0,110.26
12577,0,0.05,0,19.64
12578,0,0.01,0,205.58
12579,0,0.04,0,190.18
12580,0,0.0,0,16.39
12581,0,0.0,0,57.32
12582,0,0.0,0,6.91
12583,0,0.0,0,93.37
12584,0,0.0,0,567.87
12585,0,0.0,0,1139.47
12586,0,0.01,0,24.9
12587,0,0.0,0,16.17
12588,1,0.66,1,175.48
12589,0,0.0,0,97.85
12590,0,0.0,0,60.63
12591,0,0.0,0,17.46
12592,1,0.6,1,56.48
12593,0,0.01,0,260.1
12594,0,0.0,0,41.48
12595,0,0.0,0,179.32
12596,0,0.0,0,58.59
12597,0,0.01,0,81.91
12598,0,0.01,0,431.29
12599,0,0.0,0,14.58
12600,0,0.04,0,21.45
12601,0,0.0,0,44.71
12602,0,0.01,0,619.75
12603,0,0.0,0,632.88
12604,0,0.05,0,828.56
12605,0,0.03,0,75.92
12606,0,0.0,0,82.17
12607,0,0.0,0,45.65
12608,0,0.0,0,55.38
12609,0,0.03,0,85.1
12610,0,0.0,0,45.22
12611,0,0.0,0,58.76
12612,0,0.0,0,62.03
12613,0,0.0,0,281.47
12614,0,0.01,0,43.77
12615,0,0.0,0,34.87
12616,0,0.0,0,740.61
12617,0,0.0,0,21.54
12618,0,0.01,0,34.07
12619,0,0.0,0,4.91
12620,0,0.0,0,485.1
12621,0,0.02,0,129.86
12622,0,0.01,0,19.16
12623,1,0.6,1,99.23
12624,0,0.0,0,166.01
12625,0,0.01,0,473.04
12626,0,0.0,0,13.03
12627,0,0.01,0,384.56
12628,0,0.03,0,4.63
12629,0,0.02,0,40.58
12630,0,0.01,0,500.42
12631,0,0.0,0,490.91
12632,0,0.0,0,18.62
12633,0,0.0,0,53.63
12634,0,0.0,0,33.6
12635,0,0.0,0,125.67
12636,0,0.0,0,783.39
12637,0,0.01,0,23.21
12638,0,0.0,0,20.54
12639,0,0.01,0,576.93
12640,0,0.0,0,118.8
12641,0,0.0,0,70.14
12642,0,0.0,0,97.52
12643,0,0.0,0,77.69
12644,0,0.0,0,191.93
12645,0,0.0,0,48.08
12646,0,0.01,0,13.4
12647,0,0.0,0,148.2
12648,0,0.0,0,122.03
12649,0,0.0,0,300.14
12650,0,0.03,0,297.37
12651,0,0.0,0,14.69
12652,0,0.04,0,306.26
12653,0,0.01,0,55.88
12654,0,0.0,0,311.05
12655,0,0.0,0,58.49
12656,0,0.0,0,401.55
12657,0,0.01,0,56.55
12658,0,0.0,0,724.13
12659,1,0.68,1,145.83
12660,0,0.0,0,119.56
12661,0,0.01,0,786.86
12662,0,0.06,0,968.51
12663,0,0.0,0,71.5
12664,0,0.0,0,402.9
12665,0,0.0,0,144.84
12666,0,0.0,0,204.79
12667,0,0.02,0,78.73
12668,0,0.0,0,66.64
12669,0,0.01,0,3.47
12670,0,0.0,0,1100.71
12671,0,0.01,0,364.84
12672,0,0.0,0,62.7
12673,0,0.0,0,386.41
12674,0,0.01,0,22.11
12675,0,0.01,0,52.65
12676,0,0.0,0,54.69
12677,0,0.0,0,198.95
12678,0,0.0,0,17.24
12679,0,0.0,0,113.22
12680,0,0.0,0,36.49
12681,0,0.0,0,34.81
12682,0,0.0,0,86.6
12683,0,0.01,0,148.12
12684,0,0.03,0,535.34
12685,0,0.0,0,28.34
12686,0,0.0,0,204.36
12687,0,0.0,0,1099.48
12688,0,0.0,0,43.96
12689,0,0.0,0,22.6
12690,0,0.01,0,92.42
12691,0,0.0,0,38.39
12692,0,0.0,0,375.95
12693,0,0.0,0,138.01
12694,0,0.0,0,211.96
12695,0,0.0,0,83.83
12696,0,0.0,0,64.26
12697,0,0.0,0,23.37
12698,0,0.0,0,47.5
12699,0,0.0,0,63.67
12700,0,0.0,0,12.74
12701,0,0.01,0,58.66
12702,0,0.01,0,55.87
12703,0,0.0,0,85.07
12704,0,0.03,0,9.55
12705,0,0.0,0,18.06
12706,0,0.0,0,88.52
12707,0,0.0,0,100.08
12708,0,0.0,0,94.7
12709,0,0.0,0,138.23
12710,0,0.02,0,38.4
12711,0,0.0,0,185.58
12712,0,0.0,0,81.74
12713,0,0.0,0,267.65
12714,0,0.05,0,1888.87
12715,0,0.0,0,457.68
12716,0,0.0,0,15.97
12717,0,0.01,0,40.26
12718,0,0.01,0,1159.9
12719,1,0.67,1,43.52
12720,0,0.02,0,16.06
12721,0,0.0,0,23.96
12722,0,0.01,0,19.65
12723,0,0.0,0,45.05
12724,0,0.0,0,78.81
12725,0,0.0,0,38.74
12726,0,0.0,0,85.23
12727,0,0.0,0,49.98
12728,0,0.0,0,332.04
12729,0,0.02,0,2.18
12730,0,0.0,0,114.45
12731,0,0.11,0,78.57
12732,0,0.0,0,50.66
12733,0,0.0,0,59.27
12734,0,0.0,0,47.25
12735,0,0.0,0,37.74
12736,0,0.02,0,138.96
12737,0,0.0,0,228.75
12738,0,0.05,0,76.26
12739,0,0.0,0,7.59
12740,0,0.0,0,33.17
12741,0,0.01,0,20.85
12742,0,0.0,0,226.48
12743,0,0.0,0,46.66
12744,0,0.0,0,14.83
12745,0,0.02,0,16.88
12746,0,0.01,0,178.67
12747,0,0.03,0,6.07
12748,0,0.0,0,130.4
12749,0,0.0,0,18.27
12750,0,0.06,0,93.77
12751,0,0.0,0,37.94
12752,0,0.01,0,124.62
12753,0,0.0,0,329.74
12754,0,0.04,0,3.18
12755,0,0.0,0,44.64
12756,0,0.0,0,12.4
12757,0,0.0,0,72.95
12758,0,0.0,0,385.35
12759,0,0.03,0,20.47
12760,0,0.02,0,69.72
12761,0,0.0,0,47.09
12762,0,0.0,0,34.85
12763,0,0.0,0,33.94
12764,0,0.01,0,125.59
12765,0,0.0,0,282.61
12766,0,0.0,0,19.45
12767,0,0.0,0,32.16
12768,0,0.01,0,434.17
12769,0,0.0,0,45.31
12770,0,0.0,0,12.0
12771,0,0.0,0,58.93
12772,0,0.01,0,84.06
12773,0,0.01,0,82.07
12774,0,0.0,0,77.46
12775,0,0.0,0,30.39
12776,0,0.0,0,136.57
12777,0,0.0,0,43.03
12778,0,0.03,0,153.19
12779,0,0.0,0,6.64
12780,0,0.01,0,24.86
12781,0,0.0,0,62.72
12782,0,0.0,0,35.49
12783,0,0.0,0,24.85
12784,0,0.01,0,20.55
12785,0,0.0,0,310.45
12786,0,0.0,0,49.62
12787,0,0.01,0,202.82
12788,0,0.0,0,25.4
12789,0,0.03,0,50.29
12790,0,0.01,0,32.09
12791,0,0.0,0,24.36
12792,0,0.01,0,93.02
12793,0,0.01,0,70.5
12794,0,0.14,0,33.98
12795,0,0.01,0,86.68
12796,0,0.02,0,1052.37
12797,0,0.0,0,12.26
12798,0,0.0,0,195.68
12799,0,0.0,0,847.2
12800,0,0.0,0,55.73
12801,0,0.02,0,20.01
12802,0,0.0,0,87.31
12803,0,0.0,0,31.87
12804,0,0.0,0,39.9
12805,0,0.0,0,25.88
12806,0,0.0,0,64.0
12807,0,0.02,0,73.29
12808,0,0.0,0,73.94
12809,0,0.0,0,34.9
12810,0,0.0,0,33.43
12811,0,0.0,0,42.44
12812,0,0.0,0,34.17
12813,0,0.0,0,48.3
12814,0,0.0,0,334.63
12815,0,0.0,0,37.17
12816,0,0.01,0,57.56
12817,0,0.02,0,166.89
12818,0,0.02,0,572.68
12819,0,0.0,0,129.64
12820,0,0.0,0,169.56
12821,0,0.0,0,728.32
12822,0,0.0,0,279.2
12823,0,0.03,0,23.56
12824,0,0.0,0,51.63
12825,0,0.0,0,24.19
12826,0,0.0,0,34.93
12827,0,0.0,0,26.93
12828,0,0.0,0,811.85
12829,0,0.01,0,31.48
12830,0,0.0,0,20.22
12831,0,0.04,0,4.17
12832,0,0.0,0,49.71
12833,0,0.0,0,51.64
12834,0,0.08,0,25.39
12835,0,0.04,0,108.51
12836,0,0.07,0,122.63
12837,0,0.0,0,4.43
12838,0,0.0,0,3.51
12839,0,0.0,0,6.65
12840,0,0.0,0,48.35
12841,0,0.01,0,37.65
12842,0,0.01,0,213.67
12843,0,0.0,0,19.42
12844,0,0.0,0,101.89
12845,0,0.0,0,28.78
12846,0,0.01,0,49.25
12847,0,0.0,0,10.37
12848,0,0.0,0,31.78
12849,0,0.0,0,140.66
12850,0,0.0,0,87.85
12851,0,0.02,0,67.03
12852,0,0.03,0,70.45
12853,1,0.75,1,67.15
12854,0,0.0,0,7.18
12855,0,0.0,0,26.38
12856,0,0.0,0,47.54
12857,0,0.02,0,9.89
12858,0,0.01,0,473.94
12859,0,0.0,0,19.62
12860,0,0.0,0,101.43
12861,0,0.0,0,142.57
12862,0,0.0,0,446.14
12863,0,0.0,0,126.64
12864,0,0.0,0,230.9
12865,0,0.0,0,31.93
12866,0,0.02,0,755.18
12867,0,0.0,0,152.31
12868,0,0.0,0,102.3
12869,0,0.0,0,18.11
12870,0,0.0,0,171.2
12871,0,0.0,0,14.53
12872,0,0.0,0,21.8
12873,0,0.0,0,115.72
12874,0,0.01,0,190.85
12875,0,0.0,0,26.85
12876,0,0.0,0,111.93
12877,0,0.0,0,252.16
12878,0,0.0,0,45.91
12879,0,0.0,0,241.24
12880,0,0.0,0,18.02
12881,0,0.03,0,179.79
12882,0,0.01,0,1090.04
12883,0,0.02,0,218.58
12884,0,0.0,0,45.4
12885,0,0.01,0,17.59
12886,0,0.01,0,164.13
12887,0,0.0,0,495.78
12888,0,0.0,0,96.35
12889,0,0.0,0,48.99
12890,0,0.0,0,21.7
12891,0,0.02,0,225.13
12892,0,0.0,0,18.47
12893,0,0.03,0,18.32
12894,1,0.62,1,7.52
12895,0,0.0,0,134.92
12896,0,0.0,0,116.3
12897,0,0.0,0,6.81
12898,0,0.0,0,14.75
12899,0,0.0,0,14.99
12900,0,0.0,0,22.68
12901,0,0.0,0,10.01
12902,0,0.02,0,73.03
12903,0,0.01,0,58.23
12904,0,0.0,0,71.69
12905,0,0.0,0,21.38
12906,0,0.0,0,28.76
12907,0,0.01,0,10.91
12908,0,0.0,0,26.21
12909,0,0.0,0,26.03
12910,0,0.0,0,46.31
12911,0,0.01,0,180.56
12912,0,0.02,0,142.07
12913,0,0.02,0,27.9
12914,0,0.01,0,80.64
12915,0,0.0,0,156.7
12916,0,0.01,0,22.92
12917,0,0.0,0,173.88
12918,0,0.0,0,205.9
12919,0,0.03,0,15.39
12920,0,0.0,0,110.08
12921,0,0.0,0,9.71
12922,0,0.01,0,332.93
12923,0,0.0,0,49.13
12924,0,0.0,0,197.48
12925,0,0.0,0,54.49
12926,0,0.0,0,69.01
12927,0,0.01,0,79.41
12928,0,0.0,0,700.79
12929,0,0.01,0,226.37
12930,0,0.01,0,471.52
12931,0,0.0,0,71.57
12932,0,0.0,0,20.89
12933,0,0.0,0,87.35
12934,0,0.0,0,121.3
12935,0,0.03,0,78.15
12936,0,0.03,0,183.8
12937,0,0.04,0,107.43
12938,0,0.0,0,185.13
12939,0,0.0,0,290.5
12940,0,0.01,0,59.96
12941,0,0.0,0,12.79
12942,0,0.0,0,14.17
12943,0,0.01,0,198.78
12944,0,0.0,0,47.87
12945,0,0.01,0,6.62
12946,0,0.0,0,138.89
12947,0,0.0,0,312.17
12948,0,0.0,0,76.5
12949,0,0.0,0,882.47
12950,0,0.06,0,6.39
12951,0,0.0,0,48.41
12952,0,0.0,0,23.71
12953,0,0.0,0,12.72
12954,0,0.02,0,285.59
12955,0,0.0,0,278.1
12956,0,0.03,0,1158.23
12957,0,0.02,0,228.21
12958,0,0.0,0,74.99
12959,0,0.01,0,10.29
12960,0,0.01,0,27.4
12961,0,0.0,0,118.79
12962,0,0.0,0,287.09
12963,0,0.0,0,78.83
12964,0,0.0,0,28.34
12965,0,0.02,0,86.78
12966,0,0.0,0,11.76
12967,1,0.7,1,43.86
12968,0,0.0,0,13.06
12969,0,0.01,0,18.47
12970,0,0.0,0,28.46
12971,0,0.0,0,912.32
12972,0,0.0,0,62.95
12973,0,0.05,0,25.72
12974,0,0.0,0,34.6
12975,0,0.0,0,29.84
12976,0,0.01,0,14.13
12977,0,0.0,0,30.54
12978,0,0.0,0,115.89
12979,0,0.0,0,108.87
12980,0,0.0,0,14.54
12981,0,0.0,0,37.68
12982,0,0.0,0,56.51
12983,1,0.72,1,133.83
12984,0,0.0,0,27.21
12985,0,0.02,0,66.11
12986,0,0.0,0,50.59
12987,0,0.0,0,29.81
12988,0,0.0,0,30.55
12989,0,0.02,0,152.19
12990,0,0.0,0,463.77
12991,0,0.0,0,96.72
12992,0,0.02,0,59.81
12993,0,0.0,0,35.68
12994,0,0.0,0,86.23
12995,0,0.0,0,18.46
12996,0,0.0,0,63.03
12997,0,0.0,0,71.12
12998,0,0.0,0,9.29
12999,0,0.01,0,53.21
13000,0,0.0,0,10.77
13001,0,0.02,0,35.05
13002,0,0.0,0,97.92
13003,0,0.0,0,49.93
13004,0,0.0,0,12.37
13005,0,0.0,0,10.28
13006,0,0.0,0,246.24
13007,0,0.0,0,37.09
13008,0,0.01,0,118.27
13009,0,0.0,0,112.03
13010,0,0.0,0,247.28
13011,0,0.0,0,6.89
13012,0,0.02,0,2.78
13013,0,0.01,0,50.36
13014,0,0.03,0,16.61
13015,0,0.0,0,53.47
13016,0,0.0,0,48.91
13017,0,0.03,0,25.48
13018,0,0.0,0,74.08
13019,0,0.02,0,232.73
13020,0,0.02,0,45.09
13021,0,0.0,0,152.98
13022,0,0.02,0,113.51
13023,0,0.0,0,166.32
13024,0,0.0,0,23.62
13025,0,0.02,0,99.9
13026,0,0.0,0,10.47
13027,0,0.0,0,146.5
13028,0,0.0,0,43.21
13029,0,0.01,0,15.58
13030,0,0.0,0,112.36
13031,0,0.02,0,20.14
13032,0,0.0,0,63.64
13033,0,0.0,0,35.54
13034,0,0.0,0,99.53
13035,0,0.01,0,648.37
13036,0,0.0,0,25.7
13037,0,0.0,0,1523.54
13038,0,0.0,0,29.09
13039,0,0.0,0,26.48
13040,0,0.01,0,35.11
13041,0,0.0,0,56.93
13042,0,0.0,0,16.04
13043,0,0.0,0,45.04
13044,0,0.01,0,28.02
13045,0,0.03,0,849.44
13046,0,0.0,0,131.11
13047,0,0.0,0,102.09
13048,0,0.0,0,21.77
13049,0,0.0,0,22.21
13050,0,0.0,0,93.29
13051,0,0.02,0,167.58
13052,0,0.0,0,74.44
13053,0,0.03,0,38.93
13054,0,0.0,0,29.98
13055,0,0.0,0,65.56
13056,0,0.01,0,22.03
13057,0,0.02,0,60.14
13058,0,0.0,0,21.87
13059,0,0.0,0,44.64
13060,0,0.0,0,24.82
13061,0,0.0,0,48.11
13062,0,0.01,0,210.13
13063,0,0.0,0,178.66
13064,0,0.0,0,228.52
13065,0,0.0,0,2.53
13066,0,0.0,0,9.21
13067,0,0.01,0,63.59
13068,0,0.0,0,17.8
13069,0,0.0,0,506.02
13070,0,0.0,0,13.45
13071,0,0.03,0,14.76
13072,0,0.01,0,37.58
13073,0,0.0,0,160.53
13074,0,0.01,0,118.21
13075,0,0.0,0,138.39
13076,0,0.0,0,64.91
13077,0,0.01,0,119.21
13078,0,0.01,0,750.16
13079,0,0.0,0,1288.01
13080,0,0.03,0,47.6
13081,0,0.0,0,23.64
13082,0,0.0,0,43.08
13083,0,0.0,0,62.42
13084,0,0.0,0,218.74
13085,0,0.0,0,7.4
13086,0,0.0,0,52.83
13087,0,0.0,0,23.03
13088,0,0.0,0,39.01
13089,0,0.0,0,13.41
13090,0,0.03,0,15.04
13091,0,0.01,0,188.43
13092,0,0.0,0,116.78
13093,0,0.0,0,99.87
13094,0,0.0,0,29.51
13095,0,0.02,0,154.94
13096,0,0.0,0,103.88
13097,0,0.0,0,118.0
13098,0,0.0,0,82.63
13099,0,0.0,0,13.26
13100,0,0.0,0,30.66
13101,0,0.0,0,242.68
13102,0,0.0,0,511.16
13103,0,0.0,0,60.02
13104,0,0.0,0,29.95
13105,0,0.0,0,30.01
13106,0,0.0,0,2.55
13107,0,0.0,0,66.75
13108,0,0.03,0,12.63
13109,0,0.03,0,19.91
13110,1,0.68,1,79.32
13111,0,0.01,0,663.33
13112,0,0.02,0,23.04
13113,0,0.0,0,55.26
13114,0,0.01,0,32.35
13115,0,0.0,0,26.61
13116,0,0.01,0,18.29
13117,0,0.01,0,50.26
13118,0,0.0,0,31.18
13119,0,0.02,0,171.19
13120,0,0.0,0,119.17
13121,0,0.0,0,27.7
13122,0,0.0,0,44.14
13123,0,0.0,0,57.68
13124,0,0.0,0,97.01
13125,0,0.0,0,146.02
13126,0,0.0,0,81.64
13127,0,0.0,0,106.6
13128,0,0.0,0,91.48
13129,0,0.01,0,11.21
13130,0,0.0,0,40.4
13131,0,0.0,0,49.25
13132,0,0.0,0,118.52
13133,0,0.01,0,27.45
13134,0,0.0,0,7.44
13135,0,0.0,0,284.54
13136,0,0.0,0,136.17
13137,0,0.0,0,91.04
13138,0,0.0,0,11.18
13139,0,0.01,0,147.95
13140,0,0.0,0,52.07
13141,0,0.0,0,6.67
13142,0,0.0,0,143.7
13143,0,0.0,0,74.16
13144,0,0.0,0,85.14
13145,0,0.0,0,103.45
13146,0,0.0,0,170.8
13147,0,0.01,0,218.58
13148,0,0.0,0,75.66
13149,0,0.0,0,10.94
13150,0,0.0,0,207.82
13151,0,0.0,0,36.12
13152,0,0.01,0,101.47
13153,0,0.02,0,138.38
13154,0,0.01,0,224.26
13155,0,0.0,0,33.96
13156,0,0.0,0,218.94
13157,0,0.0,0,203.05
13158,0,0.0,0,36.86
13159,0,0.01,0,454.19
13160,0,0.0,0,104.68
13161,0,0.0,0,61.81
13162,0,0.0,0,13.13
13163,0,0.0,0,101.92
13164,0,0.02,0,191.68
13165,0,0.0,0,42.6
13166,0,0.01,0,50.83
13167,0,0.0,0,176.58
13168,0,0.0,0,102.69
13169,1,0.62,1,17.21
13170,0,0.0,0,74.32
13171,0,0.01,0,97.72
13172,0,0.0,0,31.09
13173,0,0.02,0,5.37
13174,0,0.0,0,25.75
13175,0,0.0,0,227.34
13176,0,0.01,0,19.27
13177,0,0.0,0,27.54
13178,0,0.0,0,86.75
13179,0,0.0,0,506.17
13180,0,0.0,0,26.83
13181,0,0.02,0,19.87
13182,0,0.0,0,337.45
13183,0,0.0,0,391.6
13184,0,0.0,0,162.38
13185,0,0.0,0,127.37
13186,0,0.0,0,56.91
13187,0,0.01,0,20.51
13188,0,0.0,0,103.34
13189,0,0.01,0,65.52
13190,0,0.02,0,68.88
13191,0,0.01,0,118.05
13192,0,0.0,0,35.87
13193,0,0.0,0,36.4
13194,0,0.0,0,108.81
13195,0,0.0,0,82.44
13196,0,0.0,0,50.31
13197,0,0.01,0,200.37
13198,0,0.0,0,21.32
13199,0,0.0,0,54.4
13200,0,0.0,0,40.81
13201,0,0.0,0,157.61
13202,0,0.03,0,1928.12
13203,0,0.0,0,80.32
13204,0,0.0,0,40.79
13205,0,0.0,0,18.28
13206,0,0.0,0,107.58
13207,0,0.0,0,140.19
13208,0,0.0,0,30.4
13209,0,0.0,0,9.08
13210,0,0.01,0,87.45
13211,0,0.04,0,84.19
13212,0,0.0,0,39.41
13213,0,0.0,0,293.33
13214,0,0.07,0,92.64
13215,0,0.0,0,19.11
13216,0,0.01,0,98.64
13217,0,0.0,0,43.49
13218,0,0.0,0,84.4
13219,0,0.07,0,234.05
13220,0,0.02,0,39.92
13221,0,0.0,0,45.84
13222,0,0.0,0,247.0
13223,0,0.0,0,8.35
13224,0,0.01,0,69.2
13225,0,0.0,0,10.54
13226,0,0.0,0,72.87
13227,1,0.69,1,48.63
13228,0,0.0,0,64.33
13229,0,0.0,0,27.74
13230,0,0.0,0,25.09
13231,0,0.04,0,194.91
13232,0,0.02,0,86.06
13233,0,0.0,0,15.2
13234,0,0.0,0,546.33
13235,0,0.0,0,27.06
13236,0,0.0,0,68.42
13237,0,0.0,0,263.84
13238,0,0.0,0,8.85
13239,0,0.01,0,62.96
13240,0,0.0,0,105.94
13241,0,0.0,0,42.0
13242,0,0.0,0,84.68
13243,1,0.57,1,41.67
13244,0,0.0,0,146.04
13245,0,0.08,0,456.42
13246,0,0.01,0,17.8
13247,0,0.01,0,57.48
13248,0,0.01,0,288.69
13249,0,0.01,0,9.93
13250,0,0.0,0,43.93
13251,0,0.0,0,20.44
13252,0,0.0,0,36.09
13253,0,0.03,0,6.91
13254,0,0.0,0,29.15
13255,0,0.03,0,64.28
13256,0,0.0,0,127.9
13257,0,0.0,0,12.91
13258,0,0.01,0,164.82
13259,1,0.68,1,424.09
13260,0,0.01,0,10.94
13261,0,0.0,0,28.29
13262,0,0.03,0,9.24
13263,0,0.0,0,19.04
13264,0,0.01,0,1118.66
13265,0,0.03,0,24.08
13266,0,0.02,0,123.14
13267,0,0.01,0,17.71
13268,0,0.01,0,82.8
13269,0,0.0,0,27.53
13270,0,0.0,0,28.48
13271,0,0.0,0,51.27
13272,0,0.0,0,11.59
13273,0,0.0,0,67.66
13274,0,0.0,0,14.72
13275,0,0.02,0,13.11
13276,0,0.0,0,355.01
13277,0,0.01,0,73.27
13278,0,0.01,0,131.27
13279,0,0.0,0,165.23
13280,0,0.0,0,46.98
13281,0,0.02,0,38.7
13282,0,0.0,0,59.73
13283,0,0.0,0,46.85
13284,0,0.0,0,34.04
13285,0,0.0,0,28.35
13286,0,0.0,0,265.35
13287,0,0.0,0,52.87
13288,0,0.0,0,541.61
13289,0,0.0,0,481.16
13290,0,0.0,0,18.79
13291,0,0.01,0,51.65
13292,0,0.02,0,13.52
13293,0,0.02,0,359.87
13294,0,0.0,0,1818.59
13295,0,0.0,0,17.54
13296,1,0.65,1,527.56
13297,0,0.0,0,44.76
13298,1,0.68,1,160.77
13299,0,0.02,0,507.16
13300,0,0.02,0,83.41
13301,0,0.0,0,38.01
13302,0,0.0,0,66.24
13303,0,0.0,0,11.84
13304,0,0.0,0,124.73
13305,0,0.0,0,118.62
13306,0,0.0,0,81.19
13307,0,0.0,0,43.84
13308,0,0.0,0,258.19
13309,0,0.0,0,45.11
13310,0,0.02,0,8.55
13311,0,0.0,0,45.66
13312,0,0.0,0,61.81
13313,0,0.0,0,19.58
13314,0,0.0,0,111.8
13315,0,0.0,0,15.19
13316,0,0.01,0,14.11
13317,0,0.0,0,32.71
13318,0,0.01,0,1.6
13319,0,0.0,0,78.9
13320,0,0.0,0,36.36
13321,0,0.0,0,37.25
13322,0,0.0,0,166.52
13323,0,0.01,0,93.87
13324,0,0.0,0,22.44
13325,0,0.0,0,113.34
13326,0,0.0,0,135.9
13327,0,0.0,0,33.94
13328,0,0.0,0,114.3
13329,0,0.03,0,47.86
13330,0,0.0,0,287.57
13331,0,0.03,0,536.3
13332,0,0.05,0,122.22
13333,0,0.0,0,70.68
13334,0,0.0,0,1013.12
13335,0,0.0,0,25.6
13336,0,0.0,0,31.1
13337,0,0.0,0,9.83
13338,0,0.0,0,12.23
13339,0,0.05,0,460.23
13340,0,0.0,0,19.99
13341,0,0.0,0,58.07
13342,0,0.0,0,51.98
13343,0,0.01,0,57.25
13344,0,0.0,0,34.47
13345,0,0.0,0,11.62
13346,0,0.0,0,307.68
13347,0,0.0,0,88.84
13348,0,0.01,0,10.58
13349,1,0.66,1,267.54
13350,0,0.02,0,372.21
13351,0,0.0,0,11.07
13352,0,0.02,0,243.15
13353,0,0.01,0,150.08
13354,0,0.0,0,122.55
13355,0,0.0,0,23.06
13356,0,0.06,0,994.86
13357,0,0.0,0,346.27
13358,0,0.0,0,8.98
13359,0,0.0,0,30.36
13360,0,0.0,0,40.64
13361,0,0.01,0,34.21
13362,0,0.0,0,25.59
13363,0,0.0,0,35.21
13364,0,0.02,0,12.72
13365,0,0.01,0,51.54
13366,0,0.0,0,168.82
13367,0,0.0,0,102.18
13368,0,0.0,0,30.02
13369,1,0.73,1,152.65
13370,0,0.0,0,19.99
13371,0,0.02,0,1055.9
13372,0,0.0,0,587.69
13373,0,0.03,0,12.7
13374,0,0.0,0,13.71
13375,0,0.0,0,24.04
13376,0,0.0,0,84.76
13377,0,0.0,0,114.32
13378,0,0.01,0,24.53
13379,0,0.01,0,153.34
13380,0,0.0,0,66.76
13381,0,0.0,0,313.62
13382,0,0.0,0,94.71
13383,0,0.0,0,63.82
13384,1,0.61,1,3356.46
13385,0,0.0,0,269.75
13386,0,0.0,0,35.36
13387,0,0.0,0,18.69
13388,0,0.0,0,59.71
13389,0,0.01,0,158.39
13390,0,0.0,0,72.26
13391,0,0.0,0,76.56
13392,0,0.0,0,99.31
13393,0,0.0,0,13.0
13394,0,0.0,0,19.41
13395,1,0.67,1,296.28
13396,0,0.0,0,247.15
13397,0,0.0,0,59.08
13398,0,0.0,0,47.53
13399,0,0.0,0,5.81
13400,0,0.01,0,10.92
13401,0,0.0,0,29.04
13402,0,0.0,0,801.43
13403,0,0.0,0,63.69
13404,0,0.01,0,10.83
13405,1,0.55,1,22.16
13406,0,0.0,0,424.36
13407,0,0.0,0,29.85
13408,0,0.0,0,28.46
13409,0,0.0,0,47.54
13410,0,0.0,0,44.97
13411,0,0.0,0,39.67
13412,0,0.0,0,14.39
13413,0,0.01,0,14.35
13414,0,0.0,0,58.18
13415,0,0.0,0,9.4
13416,0,0.0,0,212.58
13417,0,0.01,0,27.78
13418,0,0.01,0,50.65
13419,0,0.0,0,287.46
13420,0,0.0,0,71.13
13421,0,0.0,0,282.77
13422,0,0.0,0,14.99
13423,0,0.0,0,125.9
13424,0,0.01,0,69.43
13425,0,0.02,0,20.82
13426,0,0.0,0,14.68
13427,0,0.01,0,32.25
13428,0,0.02,0,111.59
13429,0,0.0,0,6.56
13430,0,0.0,0,66.66
13431,0,0.01,0,40.2
13432,0,0.0,0,15.8
13433,0,0.0,0,11.58
13434,0,0.0,0,477.09
13435,0,0.0,0,54.69
13436,0,0.01,0,41.87
13437,0,0.0,0,44.35
13438,0,0.0,0,41.69
13439,0,0.0,0,177.79
13440,0,0.0,0,39.2
13441,0,0.0,0,63.17
13442,0,0.0,0,538.08
13443,0,0.02,0,588.36
13444,1,0.64,1,51.66
13445,0,0.0,0,141.22
13446,0,0.01,0,11.76
13447,0,0.01,0,17.94
13448,0,0.02,0,96.66
13449,0,0.0,0,48.78
13450,0,0.0,0,449.0
13451,0,0.01,0,414.3
13452,0,0.0,0,109.0
13453,0,0.03,0,65.2
13454,0,0.0,0,58.07
13455,0,0.01,0,285.12
13456,0,0.0,0,31.03
13457,0,0.0,0,4.12
13458,0,0.0,0,88.86
13459,0,0.0,0,174.31
13460,0,0.0,0,13.38
13461,0,0.0,0,161.73
13462,0,0.0,0,26.65
13463,0,0.0,0,92.96
13464,0,0.0,0,32.96
13465,0,0.01,0,508.64
13466,0,0.0,0,344.45
13467,0,0.0,0,21.71
13468,0,0.0,0,57.58
13469,0,0.0,0,68.4
13470,0,0.0,0,33.57
13471,0,0.0,0,33.12
13472,0,0.0,0,5.58
13473,0,0.0,0,187.2
13474,0,0.01,0,66.14
13475,0,0.01,0,427.48
13476,0,0.0,0,813.37
13477,0,0.0,0,73.57
13478,0,0.0,0,82.8
13479,0,0.0,0,87.39
13480,0,0.0,0,10.06
13481,0,0.0,0,12.95
13482,0,0.0,0,63.17
13483,0,0.01,0,72.11
13484,0,0.0,0,119.12
13485,0,0.02,0,34.37
13486,0,0.0,0,167.65
13487,0,0.0,0,35.31
13488,0,0.0,0,2650.93
13489,0,0.0,0,129.23
13490,0,0.0,0,26.39
13491,0,0.01,0,234.79
13492,0,0.0,0,143.32
13493,0,0.0,0,21.22
13494,0,0.0,0,128.68
13495,0,0.0,0,90.42
13496,1,0.72,1,51.49
13497,0,0.0,0,160.39
13498,0,0.0,0,343.26
13499,0,0.0,0,12.29
13500,0,0.02,0,81.05
13501,0,0.03,0,1801.35
13502,0,0.0,0,40.56
13503,0,0.0,0,27.12
13504,0,0.0,0,71.07
13505,0,0.0,0,20.85
13506,0,0.01,0,10.7
13507,0,0.0,0,28.74
13508,0,0.0,0,40.08
13509,0,0.0,0,176.99
13510,0,0.01,0,87.53
13511,0,0.0,0,39.32
13512,0,0.0,0,51.77
13513,0,0.0,0,76.53
13514,0,0.01,0,9.15
13515,0,0.0,0,14.69
13516,0,0.0,0,52.63
13517,0,0.0,0,174.21
13518,0,0.0,0,18.12
13519,0,0.0,0,116.83
13520,0,0.0,0,20.09
13521,0,0.0,0,62.74
13522,0,0.0,0,64.57
13523,0,0.04,0,1776.24
13524,0,0.0,0,6.79
13525,0,0.0,0,69.45
13526,0,0.01,0,26.54
13527,0,0.01,0,33.8
13528,0,0.0,0,88.54
13529,0,0.0,0,11.07
13530,0,0.0,0,19.38
13531,0,0.0,0,89.74
13532,0,0.0,0,79.71
13533,0,0.0,0,44.06
13534,0,0.0,0,250.89
13535,0,0.0,0,56.63
13536,0,0.0,0,7.67
13537,0,0.0,0,3.97
13538,0,0.01,0,53.75
13539,0,0.01,0,30.78
13540,0,0.0,0,20.31
13541,0,0.0,0,20.38
13542,0,0.01,0,26.11
13543,0,0.0,0,51.87
13544,0,0.0,0,24.79
13545,0,0.01,0,40.78
13546,0,0.0,0,48.85
13547,1,0.77,1,44.46
13548,0,0.09,0,47.51
13549,0,0.02,0,21.62
13550,0,0.0,0,560.3
13551,0,0.0,0,136.3
13552,0,0.0,0,368.29
13553,0,0.0,0,272.86
13554,0,0.0,0,35.4
13555,0,0.01,0,80.09
13556,0,0.0,0,10.13
13557,0,0.0,0,19.66
13558,0,0.02,0,26.63
13559,0,0.01,0,58.82
13560,0,0.01,0,348.31
13561,0,0.0,0,68.16
13562,0,0.03,0,47.27
13563,0,0.0,0,71.45
13564,0,0.0,0,29.62
13565,0,0.04,0,619.11
13566,0,0.0,0,87.75
13567,0,0.0,0,154.51
13568,0,0.01,0,8.1
13569,0,0.0,0,178.36
13570,0,0.0,0,37.1
13571,0,0.0,0,39.02
13572,0,0.01,0,751.1
13573,0,0.0,0,8.42
13574,0,0.0,0,45.99
13575,0,0.0,0,15.52
13576,0,0.0,0,375.17
13577,0,0.01,0,76.86
13578,0,0.02,0,173.42
13579,0,0.0,0,74.99
13580,0,0.0,0,38.71
13581,0,0.0,0,10.49
13582,1,0.61,1,45.17
13583,0,0.0,0,594.12
13584,0,0.0,0,134.31
13585,0,0.01,0,380.21
13586,0,0.02,0,101.84
13587,0,0.0,0,100.24
13588,0,0.01,0,34.71
13589,0,0.0,0,12.58
13590,0,0.0,0,34.17
13591,0,0.01,0,89.18
13592,0,0.0,0,67.83
13593,0,0.0,0,638.82
13594,0,0.0,0,38.59
13595,0,0.0,0,32.63
13596,0,0.0,0,112.65
13597,0,0.02,0,119.22
13598,0,0.0,0,16.88
13599,0,0.0,0,237.01
13600,0,0.0,0,117.11
13601,0,0.0,0,139.36
13602,0,0.01,0,25.32
13603,0,0.0,0,33.63
13604,0,0.05,0,129.22
13605,0,0.0,0,27.79
13606,0,0.0,0,64.23
13607,0,0.0,0,23.37
13608,0,0.0,0,31.56
13609,0,0.02,0,216.46
13610,0,0.0,0,57.1
13611,0,0.0,0,15.61
13612,0,0.0,0,38.99
13613,0,0.0,0,316.54
13614,0,0.0,0,15.49
13615,0,0.0,0,75.6
13616,0,0.0,0,147.15
13617,0,0.01,0,13.65
13618,0,0.0,0,87.28
13619,0,0.0,0,68.01
13620,0,0.0,0,148.16
13621,0,0.0,0,444.19
13622,0,0.0,0,12.62
13623,0,0.01,0,354.98
13624,0,0.01,0,52.84
13625,0,0.0,0,80.91
13626,0,0.0,0,36.42
13627,0,0.0,0,16.39
13628,0,0.01,0,84.76
13629,0,0.0,0,630.33
13630,0,0.0,0,94.23
13631,0,0.03,0,63.67
13632,0,0.01,0,30.16
13633,0,0.0,0,96.76
13634,0,0.0,0,22.94
13635,0,0.0,0,404.96
13636,0,0.04,0,271.63
13637,1,0.63,1,21.04
13638,0,0.01,0,57.6
13639,0,0.05,0,140.25
13640,0,0.0,0,54.28
13641,0,0.0,0,63.72
13642,0,0.0,0,3.2
13643,0,0.01,0,24.51
13644,0,0.0,0,31.09
13645,0,0.0,0,107.55
13646,0,0.0,0,82.38
13647,0,0.0,0,51.53
13648,0,0.01,0,3943.85
13649,0,0.0,0,39.56
13650,0,0.0,0,27.14
13651,0,0.0,0,49.08
13652,0,0.02,0,296.71
13653,0,0.0,0,20.72
13654,0,0.0,0,75.14
13655,0,0.01,0,56.31
13656,0,0.0,0,71.58
13657,0,0.0,0,13.44
13658,0,0.01,0,188.02
13659,0,0.0,0,103.54
13660,0,0.0,0,131.79
13661,0,0.01,0,160.3
13662,0,0.01,0,162.03
13663,0,0.0,0,53.89
13664,0,0.03,0,21.53
13665,0,0.0,0,28.78
13666,0,0.0,0,29.97
13667,0,0.0,0,155.33
13668,0,0.0,0,57.67
13669,0,0.02,0,37.45
13670,0,0.02,0,61.45
13671,0,0.01,0,585.35
13672,0,0.01,0,116.43
13673,0,0.0,0,47.33
13674,0,0.0,0,29.06
13675,0,0.0,0,100.09
13676,0,0.0,0,476.92
13677,0,0.01,0,120.6
13678,0,0.0,0,62.2
13679,0,0.0,0,72.11
13680,0,0.0,0,24.6
13681,0,0.0,0,100.58
13682,0,0.01,0,513.01
13683,0,0.0,0,361.74
13684,0,0.0,0,15.48
13685,0,0.0,0,42.01
13686,0,0.01,0,38.11
13687,0,0.0,0,33.8
13688,0,0.0,0,70.54
13689,0,0.0,0,34.97
13690,0,0.0,0,162.36
13691,0,0.01,0,84.49
13692,0,0.0,0,171.74
13693,0,0.0,0,48.95
13694,0,0.0,0,130.47
13695,0,0.0,0,27.93
13696,0,0.01,0,109.83
13697,0,0.0,0,104.74
13698,0,0.0,0,18.8
13699,0,0.01,0,292.34
13700,0,0.01,0,217.72
13701,0,0.01,0,19.62
13702,0,0.0,0,153.4
13703,0,0.0,0,31.18
13704,0,0.02,0,292.04
13705,0,0.02,0,692.46
13706,0,0.0,0,77.76
13707,0,0.01,0,34.28
13708,0,0.0,0,6.2
13709,0,0.0,0,26.78
13710,0,0.01,0,32.06
13711,0,0.0,0,73.7
13712,0,0.02,0,30.59
13713,0,0.07,0,88.05
13714,0,0.0,0,34.26
13715,0,0.0,0,197.11
13716,0,0.0,0,19.24
13717,0,0.0,0,59.74
13718,0,0.0,0,103.01
13719,0,0.0,0,128.56
13720,0,0.0,0,216.05
13721,0,0.0,0,59.46
13722,0,0.0,0,226.76
13723,0,0.0,0,124.0
13724,0,0.01,0,150.94
13725,0,0.0,0,77.62
13726,0,0.01,0,215.06
13727,0,0.0,0,69.01
13728,0,0.03,0,391.77
13729,0,0.0,0,276.41
13730,0,0.0,0,238.65
13731,0,0.0,0,119.54
13732,0,0.07,0,56.32
13733,0,0.0,0,215.12
13734,0,0.06,0,13.08
13735,1,0.79,1,52.61
13736,0,0.0,0,214.47
13737,0,0.0,0,1164.77
13738,0,0.03,0,43.58
13739,0,0.0,0,56.03
13740,0,0.01,0,250.31
13741,0,0.0,0,11.62
13742,0,0.0,0,53.5
13743,0,0.01,0,8.22
13744,0,0.0,0,161.27
13745,0,0.0,0,134.61
13746,0,0.0,0,102.69
13747,0,0.0,0,150.71
13748,0,0.0,0,84.09
13749,0,0.0,0,19.7
13750,0,0.0,0,153.11
13751,0,0.0,0,43.23
13752,0,0.01,0,12.27
13753,0,0.0,0,29.87
13754,0,0.02,0,164.91
13755,0,0.02,0,576.56
13756,0,0.0,0,21.88
13757,0,0.0,0,93.36
13758,0,0.0,0,47.29
13759,0,0.0,0,224.43
13760,0,0.0,0,113.27
13761,0,0.0,0,59.09
13762,0,0.01,0,38.27
13763,0,0.0,0,41.79
13764,0,0.04,0,42.67
13765,0,0.0,0,48.25
13766,0,0.0,0,134.7
13767,0,0.04,0,22.3
13768,0,0.0,0,71.39
13769,0,0.01,0,21.59
13770,0,0.0,0,177.32
13771,0,0.05,0,124.96
13772,0,0.05,0,65.95
13773,0,0.0,0,75.58
13774,0,0.0,0,576.89
13775,0,0.0,0,46.48
13776,0,0.0,0,213.39
13777,0,0.0,0,22.23
13778,0,0.02,0,61.4
13779,0,0.0,0,15.67
13780,0,0.0,0,97.19
13781,0,0.0,0,173.15
13782,0,0.01,0,73.8
13783,0,0.0,0,131.74
13784,0,0.06,0,29.85
13785,0,0.0,0,48.8
13786,0,0.0,0,22.71
13787,0,0.0,0,38.06
13788,0,0.0,0,175.4
13789,0,0.0,0,117.23
13790,0,0.0,0,97.03
13791,0,0.01,0,38.28
13792,0,0.0,0,109.53
13793,0,0.0,0,46.1
13794,0,0.0,0,100.62
13795,1,0.62,1,33.94
13796,0,0.01,0,10.96
13797,0,0.0,0,65.03
13798,0,0.0,0,367.2
13799,0,0.0,0,14.15
13800,0,0.01,0,47.94
13801,0,0.0,0,191.64
13802,0,0.02,0,46.28
13803,0,0.0,0,113.06
13804,0,0.0,0,33.29
13805,0,0.0,0,62.12
13806,0,0.0,0,40.52
13807,0,0.0,0,161.77
13808,0,0.0,0,94.63
13809,0,0.04,0,186.74
13810,0,0.0,0,9.54
13811,0,0.0,0,51.82
13812,0,0.01,0,122.12
13813,0,0.0,0,26.89
13814,0,0.05,0,19.16
13815,0,0.0,0,27.18
13816,0,0.0,0,157.04
13817,0,0.01,0,100.67
13818,0,0.0,0,16.97
13819,0,0.0,0,29.47
13820,0,0.01,0,37.15
13821,0,0.0,0,97.57
13822,1,0.66,1,162.28
13823,0,0.0,0,127.17
13824,0,0.0,0,131.71
13825,0,0.0,0,155.43
13826,0,0.0,0,219.14
13827,0,0.0,0,10.46
13828,0,0.01,0,86.9
13829,0,0.01,0,6.86
13830,0,0.04,0,21.35
13831,0,0.0,0,128.49
13832,0,0.0,0,271.38
13833,0,0.01,0,1722.9
13834,0,0.0,0,69.94
13835,0,0.0,0,68.75
13836,0,0.0,0,38.65
13837,0,0.0,0,66.77
13838,0,0.0,0,46.61
13839,0,0.0,0,283.77
13840,0,0.0,0,13.0
13841,0,0.0,0,38.62
13842,0,0.0,0,19.24
13843,0,0.02,0,200.21
13844,0,0.0,0,29.9
13845,0,0.01,0,109.44
13846,1,0.65,1,566.74
13847,0,0.0,0,13.67
13848,0,0.01,0,117.94
13849,0,0.0,0,44.47
13850,0,0.0,0,151.35
13851,0,0.0,0,8.06
13852,0,0.0,0,16.93
13853,0,0.0,0,58.48
13854,0,0.0,0,36.13
13855,0,0.01,0,315.79
13856,0,0.0,0,324.54
13857,0,0.0,0,29.95
13858,0,0.01,0,23.51
13859,0,0.02,0,23.98
13860,0,0.0,0,8.97
13861,0,0.0,0,32.18
13862,0,0.0,0,21.0
13863,0,0.0,0,34.12
13864,0,0.0,0,51.09
13865,0,0.0,0,38.21
13866,0,0.0,0,22.1
13867,0,0.03,0,135.73
13868,0,0.0,0,13.44
13869,1,0.73,1,49.73
13870,0,0.01,0,529.66
13871,0,0.01,0,7.43
13872,0,0.0,0,51.44
13873,0,0.01,0,76.2
13874,0,0.0,0,227.18
13875,0,0.01,0,69.58
13876,0,0.01,0,160.53
13877,0,0.01,0,865.73
13878,0,0.0,0,26.27
13879,0,0.01,0,36.64
13880,0,0.0,0,150.99
13881,0,0.0,0,119.72
13882,0,0.0,0,52.3
13883,0,0.0,0,43.99
13884,0,0.0,0,35.98
13885,0,0.0,0,22.64
13886,0,0.0,0,317.25
13887,0,0.01,0,144.87
13888,0,0.0,0,96.94
13889,0,0.0,0,52.02
13890,0,0.0,0,43.57
13891,0,0.0,0,59.53
13892,0,0.05,0,497.17
13893,0,0.01,0,29.04
13894,0,0.0,0,26.82
13895,0,0.0,0,9.89
13896,0,0.0,0,754.57
13897,0,0.0,0,108.05
13898,0,0.07,0,159.96
13899,0,0.01,0,46.85
13900,0,0.0,0,140.96
13901,0,0.0,0,99.44
13902,0,0.0,0,19.46
13903,0,0.0,0,12.16
13904,0,0.02,0,611.7
13905,0,0.0,0,160.0
13906,0,0.0,0,177.14
13907,0,0.0,0,52.81
13908,0,0.02,0,219.72
13909,0,0.0,0,20.82
13910,0,0.01,0,10.24
13911,0,0.0,0,36.93
13912,0,0.0,0,21.22
13913,0,0.02,0,149.68
13914,0,0.0,0,27.05
13915,0,0.03,0,64.18
13916,0,0.01,0,5.86
13917,0,0.0,0,9.61
13918,0,0.0,0,91.37
13919,0,0.03,0,36.07
13920,0,0.01,0,92.8
13921,0,0.0,0,12.68
13922,0,0.0,0,3.32
13923,0,0.0,0,18.5
13924,0,0.0,0,6.82
13925,0,0.0,0,57.65
13926,0,0.0,0,112.71
13927,0,0.01,0,15.38
13928,0,0.01,0,33.76
13929,0,0.06,0,19.45
13930,0,0.0,0,61.43
13931,0,0.04,0,82.15
13932,1,0.81,1,47.79
13933,0,0.02,0,113.03
13934,0,0.0,0,30.47
13935,0,0.0,0,27.82
13936,0,0.0,0,145.11
13937,0,0.04,0,28.11
13938,0,0.01,0,904.23
13939,0,0.0,0,9.06
13940,0,0.0,0,18.44
13941,0,0.0,0,31.6
13942,0,0.0,0,12.16
13943,0,0.06,0,314.22
13944,0,0.0,0,80.35
13945,0,0.0,0,55.87
13946,0,0.0,0,9.4
13947,0,0.0,0,392.91
13948,0,0.0,0,518.65
13949,0,0.01,0,21.26
13950,0,0.0,0,57.67
13951,0,0.0,0,373.67
13952,0,0.03,0,24.73
13953,0,0.0,0,108.7
13954,0,0.0,0,37.25
13955,0,0.01,0,60.37
13956,0,0.0,0,18.04
13957,0,0.0,0,26.94
13958,0,0.0,0,82.99
13959,0,0.0,0,2.86
13960,0,0.01,0,3661.02
13961,0,0.03,0,26.58
13962,0,0.0,0,166.78
13963,0,0.04,0,31.68
13964,0,0.0,0,117.47
13965,0,0.01,0,158.83
13966,0,0.0,0,263.7
13967,0,0.01,0,132.19
13968,0,0.0,0,58.29
13969,0,0.0,0,10.75
13970,0,0.0,0,60.5
13971,0,0.0,0,212.04
13972,0,0.01,0,24.87
13973,0,0.01,0,110.28
13974,0,0.0,0,155.6
13975,0,0.01,0,44.2
13976,0,0.0,0,18.57
13977,0,0.0,0,289.92
13978,0,0.01,0,19.05
13979,0,0.0,0,80.93
13980,0,0.02,0,20.5
13981,0,0.01,0,26.35
13982,0,0.0,0,11.7
13983,0,0.0,0,34.61
13984,1,0.55,1,72.6
13985,0,0.0,0,24.84
13986,0,0.0,0,37.63
13987,0,0.0,0,15.07
13988,0,0.0,0,767.59
13989,0,0.01,0,170.6
13990,0,0.01,0,11.95
13991,0,0.0,0,13.42
13992,0,0.0,0,53.19
13993,0,0.01,0,117.12
13994,0,0.0,0,9.25
13995,0,0.0,0,8.8
13996,0,0.01,0,36.97
13997,0,0.0,0,68.43
13998,0,0.0,0,431.47
13999,0,0.0,0,71.79
14000,0,0.02,0,14.45
14001,0,0.0,0,30.71
14002,0,0.0,0,10.31
14003,0,0.0,0,61.83
14004,0,0.0,0,29.07
14005,0,0.0,0,398.17
14006,0,0.0,0,64.01
14007,0,0.0,0,44.89
14008,0,0.0,0,54.7
14009,0,0.0,0,22.04
14010,0,0.0,0,15.42
14011,0,0.01,0,145.88
14012,0,0.0,0,85.24
14013,0,0.02,0,22.74
14014,0,0.03,0,48.58
14015,0,0.02,0,363.96
14016,0,0.0,0,113.05
14017,0,0.0,0,11.45
14018,0,0.0,0,72.91
14019,0,0.0,0,26.35
14020,0,0.0,0,10.56
14021,0,0.0,0,15.9
14022,0,0.01,0,43.5
14023,0,0.0,0,48.89
14024,0,0.0,0,13.07
14025,0,0.0,0,12.05
14026,0,0.0,0,49.71
14027,0,0.0,0,26.18
14028,0,0.0,0,12.72
14029,0,0.02,0,15.94
14030,0,0.0,0,68.56
14031,0,0.01,0,414.85
14032,0,0.0,0,29.52
14033,0,0.0,0,50.1
14034,0,0.0,0,7.88
14035,0,0.0,0,27.14
14036,0,0.0,0,73.13
14037,0,0.0,0,711.17
14038,0,0.0,0,50.8
14039,0,0.0,0,26.52
14040,0,0.0,0,27.61
14041,0,0.02,0,123.19
14042,0,0.0,0,72.12
14043,0,0.0,0,28.47
14044,0,0.0,0,134.01
14045,0,0.0,0,1174.14
14046,0,0.0,0,11.17
14047,0,0.0,0,32.65
14048,0,0.06,0,16.65
14049,0,0.0,0,50.5
14050,0,0.0,0,30.16
14051,0,0.0,0,21.07
14052,0,0.04,0,206.15
14053,0,0.0,0,60.58
14054,0,0.11,0,217.82
14055,0,0.0,0,12.75
14056,0,0.0,0,83.27
14057,0,0.0,0,150.98
14058,0,0.0,0,4.17
14059,0,0.0,0,137.16
14060,0,0.02,0,988.82
14061,1,0.71,1,48.1
14062,0,0.01,0,652.03
14063,0,0.0,0,47.33
14064,0,0.0,0,178.05
14065,0,0.0,0,6.86
14066,0,0.0,0,430.7
14067,0,0.0,0,126.21
14068,0,0.0,0,106.57
14069,0,0.0,0,28.38
14070,0,0.0,0,111.72
14071,0,0.0,0,13.91
14072,0,0.0,0,29.26
14073,0,0.0,0,120.35
14074,0,0.0,0,18.48
14075,0,0.0,0,30.87
14076,0,0.0,0,26.48
14077,0,0.0,0,45.49
14078,0,0.06,0,19.02
14079,0,0.0,0,118.37
14080,0,0.01,0,12.95
14081,0,0.01,0,5.12
14082,0,0.0,0,89.44
14083,0,0.01,0,280.15
14084,0,0.0,0,380.28
14085,0,0.0,0,193.03
14086,0,0.0,0,471.42
14087,0,0.0,0,222.33
14088,0,0.0,0,30.47
14089,0,0.01,0,32.79
14090,0,0.01,0,86.43
14091,0,0.0,0,100.67
14092,0,0.0,0,409.53
14093,0,0.0,0,31.3
14094,0,0.0,0,1879.04
14095,1,0.6,1,81.84
14096,0,0.0,0,41.35
14097,0,0.0,0,107.39
14098,0,0.0,0,54.01
14099,0,0.0,0,45.72
14100,0,0.0,0,142.68
14101,0,0.04,0,621.28
14102,0,0.0,0,112.9
14103,0,0.02,0,36.48
14104,0,0.0,0,19.84
14105,0,0.0,0,10.85
14106,0,0.0,0,73.86
14107,0,0.0,0,124.82
14108,0,0.0,0,19.74
14109,1,0.65,1,144.39
14110,0,0.0,0,142.49
14111,0,0.04,0,171.43
14112,0,0.01,0,51.66
14113,0,0.0,0,107.96
14114,0,0.0,0,55.07
14115,0,0.0,0,226.45
14116,0,0.0,0,18.43
14117,0,0.01,0,170.2
14118,0,0.0,0,24.8
14119,0,0.0,0,51.46
14120,0,0.0,0,20.43
14121,0,0.0,0,52.85
14122,0,0.0,0,46.15
14123,0,0.01,0,34.98
14124,0,0.0,0,51.19
14125,0,0.0,0,34.78
14126,0,0.0,0,72.77
14127,0,0.0,0,520.35
14128,0,0.0,0,137.29
14129,0,0.0,0,113.2
14130,0,0.0,0,6.38
14131,0,0.0,0,22.53
14132,0,0.0,0,61.76
14133,0,0.0,0,67.66
14134,0,0.0,0,41.21
14135,0,0.0,0,215.87
14136,0,0.0,0,20.11
14137,0,0.0,0,19.32
14138,0,0.0,0,9.22
14139,0,0.09,0,162.67
14140,0,0.04,0,389.22
14141,0,0.01,0,118.29
14142,0,0.01,0,33.06
14143,0,0.0,0,110.29
14144,0,0.0,0,58.21
14145,0,0.0,0,68.09
14146,0,0.0,0,197.75
14147,0,0.0,0,16.11
14148,0,0.0,0,19.06
14149,0,0.0,0,8.68
14150,0,0.0,0,57.49
14151,0,0.0,0,123.53
14152,0,0.0,0,52.34
14153,0,0.0,0,149.16
14154,0,0.0,0,10.79
14155,0,0.03,0,140.73
14156,0,0.0,0,71.75
14157,0,0.04,0,24.73
14158,0,0.0,0,155.81
14159,0,0.0,0,72.98
14160,0,0.07,0,33.98
14161,0,0.0,0,715.41
14162,0,0.0,0,184.74
14163,0,0.0,0,169.03
14164,0,0.0,0,68.09
14165,0,0.0,0,46.83
14166,0,0.01,0,20.09
14167,0,0.0,0,21.0
14168,0,0.0,0,218.84
14169,0,0.01,0,15.56
14170,0,0.0,0,9.96
14171,0,0.01,0,303.37
14172,0,0.0,0,23.54
14173,0,0.0,0,83.54
14174,0,0.0,0,320.38
14175,0,0.0,0,103.61
14176,0,0.0,0,64.84
14177,0,0.0,0,34.16
14178,0,0.0,0,54.97
14179,0,0.0,0,72.82
14180,0,0.0,0,48.16
14181,0,0.0,0,7.63
14182,0,0.0,0,31.29
14183,0,0.01,0,22.65
14184,0,0.0,0,27.13
14185,0,0.0,0,375.92
14186,0,0.04,0,28.91
14187,0,0.01,0,194.87
14188,0,0.0,0,481.26
14189,0,0.0,0,21.75
14190,0,0.02,0,45.99
14191,0,0.02,0,31.17
14192,0,0.0,0,1128.5
14193,0,0.0,0,105.1
14194,0,0.0,0,8.73
14195,0,0.0,0,8.92
14196,0,0.01,0,26.67
14197,0,0.0,0,36.57
14198,0,0.0,0,76.91
14199,0,0.0,0,186.58
14200,0,0.02,0,1793.56
14201,0,0.0,0,3.22
14202,0,0.0,0,6.19
14203,0,0.0,0,216.63
14204,0,0.0,0,40.93
14205,0,0.0,0,33.56
14206,0,0.0,0,59.36
14207,0,0.0,0,79.63
14208,0,0.0,0,2.35
14209,0,0.0,0,179.4
14210,0,0.01,0,71.97
14211,0,0.0,0,22.01
14212,0,0.0,0,31.73
14213,0,0.03,0,265.81
14214,0,0.0,0,10.25
14215,1,0.66,1,1080.33
14216,0,0.0,0,137.77
14217,0,0.0,0,116.44
14218,0,0.0,0,115.68
14219,0,0.0,0,39.08
14220,0,0.0,0,96.16
14221,0,0.0,0,158.91
14222,0,0.0,0,49.16
14223,0,0.0,0,165.44
14224,0,0.0,0,517.65
14225,0,0.0,0,72.32
14226,0,0.0,0,55.98
14227,0,0.0,0,94.21
14228,0,0.0,0,13.64
14229,0,0.01,0,32.69
14230,0,0.0,0,71.94
14231,0,0.0,0,34.34
14232,0,0.01,0,21.25
14233,0,0.0,0,35.53
14234,0,0.0,0,4.62
14235,0,0.0,0,217.39
14236,0,0.0,0,121.88
14237,0,0.0,0,12.31
14238,0,0.01,0,8.94
14239,1,0.71,1,418.8
14240,0,0.0,0,38.97
14241,0,0.0,0,562.64
14242,0,0.0,0,129.2
14243,0,0.0,0,74.68
14244,0,0.0,0,12.15
14245,0,0.0,0,96.24
14246,0,0.0,0,34.12
14247,0,0.0,0,23.22
14248,0,0.0,0,19.17
14249,0,0.0,0,96.44
14250,0,0.01,0,2734.33
14251,0,0.02,0,13.34
14252,0,0.0,0,18.54
14253,0,0.01,0,69.59
14254,0,0.0,0,13.33
14255,0,0.0,0,8.67
14256,0,0.0,0,47.87
14257,0,0.0,0,83.72
14258,0,0.0,0,56.14
14259,0,0.0,0,21.4
14260,0,0.0,0,14.8
14261,0,0.0,0,132.87
14262,0,0.0,0,83.46
14263,0,0.0,0,111.37
14264,0,0.0,0,14.39
14265,0,0.0,0,142.71
14266,0,0.02,0,65.01
14267,0,0.01,0,43.61
14268,0,0.0,0,65.6
14269,0,0.0,0,79.74
14270,1,0.75,1,294.5
14271,0,0.0,0,5.65
14272,0,0.0,0,110.23
14273,0,0.02,0,20.7
14274,0,0.05,0,7.94
14275,0,0.0,0,443.41
14276,0,0.02,0,349.72
14277,0,0.0,0,5.78
14278,0,0.0,0,55.32
14279,0,0.0,0,85.16
14280,0,0.0,0,35.67
14281,0,0.0,0,35.64
14282,0,0.03,0,9.55
14283,0,0.0,0,268.4
14284,0,0.03,0,120.16
14285,0,0.0,0,12.71
14286,0,0.0,0,52.45
14287,0,0.0,0,124.25
14288,0,0.04,0,36.83
14289,0,0.0,0,101.07
14290,0,0.0,0,33.3
14291,0,0.01,0,27.24
14292,0,0.0,0,71.51
14293,0,0.0,0,174.36
14294,0,0.0,0,59.22
14295,0,0.0,0,216.0
14296,0,0.0,0,27.47
14297,0,0.0,0,76.58
14298,0,0.0,0,180.99
14299,0,0.0,0,1270.15
14300,0,0.0,0,255.51
14301,0,0.0,0,414.22
14302,0,0.0,0,104.8
14303,0,0.0,0,13.82
14304,0,0.01,0,23.1
14305,0,0.0,0,31.23
14306,0,0.0,0,13.87
14307,0,0.01,0,107.09
14308,0,0.0,0,49.79
14309,0,0.01,0,42.21
14310,0,0.04,0,69.34
14311,0,0.0,0,34.99
14312,0,0.01,0,177.43
14313,0,0.0,0,34.47
14314,0,0.0,0,32.62
14315,0,0.01,0,142.99
14316,0,0.0,0,62.88
14317,0,0.0,0,26.12
14318,0,0.02,0,50.75
14319,0,0.03,0,2.43
14320,0,0.0,0,7.01
14321,0,0.01,0,205.27
14322,0,0.0,0,151.45
14323,0,0.0,0,596.85
14324,0,0.0,0,32.39
14325,0,0.0,0,21.93
14326,0,0.06,0,608.18
14327,0,0.0,0,119.23
14328,0,0.0,0,432.62
14329,0,0.0,0,107.7
14330,0,0.0,0,24.37
14331,0,0.03,0,5.92
14332,0,0.0,0,77.64
14333,0,0.0,0,136.38
14334,0,0.01,0,46.12
14335,0,0.0,0,648.12
14336,1,0.63,1,23.88
14337,0,0.0,0,232.38
14338,0,0.01,0,611.84
14339,0,0.0,0,8.61
14340,0,0.02,0,22.67
14341,0,0.0,0,121.58
14342,0,0.01,0,12.32
14343,0,0.0,0,39.91
14344,0,0.02,0,209.73
14345,0,0.0,0,14.8
14346,0,0.01,0,873.34
14347,0,0.0,0,49.94
14348,0,0.01,0,9.3
14349,0,0.0,0,5.42
14350,0,0.0,0,21.74
14351,0,0.01,0,25.46
14352,0,0.0,0,84.09
14353,0,0.0,0,94.66
14354,0,0.02,0,17.24
14355,0,0.0,0,166.39
14356,0,0.0,0,50.33
14357,0,0.0,0,7.79
14358,0,0.0,0,31.35
14359,0,0.0,0,17.08
14360,0,0.01,0,299.43
14361,0,0.0,0,94.9
14362,0,0.0,0,533.74
14363,0,0.0,0,67.45
14364,0,0.0,0,195.89
14365,0,0.0,0,12.02
14366,0,0.0,0,150.29
14367,0,0.0,0,395.16
14368,0,0.0,0,388.93
14369,0,0.11,0,16.67
14370,0,0.01,0,40.45
14371,0,0.0,0,71.92
14372,0,0.0,0,37.62
14373,0,0.0,0,74.33
14374,0,0.01,0,26.67
14375,0,0.01,0,79.37
14376,0,0.0,0,71.07
14377,0,0.0,0,139.46
14378,0,0.0,0,3.83
14379,0,0.02,0,213.69
14380,0,0.02,0,42.0
14381,0,0.02,0,12.38
14382,0,0.0,0,70.48
14383,0,0.03,0,15.66
14384,0,0.0,0,34.42
14385,0,0.0,0,4.32
14386,0,0.0,0,18.67
14387,0,0.01,0,41.37
14388,0,0.0,0,355.05
14389,0,0.0,0,11.6
14390,0,0.0,0,19.69
14391,0,0.0,0,124.63
14392,0,0.0,0,21.83
14393,0,0.02,0,136.12
14394,0,0.0,0,109.77
14395,0,0.0,0,61.53
14396,0,0.0,0,62.74
14397,0,0.01,0,28.06
14398,0,0.0,0,207.03
14399,0,0.0,0,122.54
14400,0,0.0,0,17.2
14401,0,0.0,0,609.31
14402,0,0.0,0,71.08
14403,0,0.0,0,13.05
14404,0,0.01,0,25.26
14405,0,0.01,0,3.39
14406,0,0.0,0,62.46
14407,0,0.0,0,90.52
14408,0,0.0,0,80.78
14409,0,0.0,0,55.94
14410,0,0.0,0,39.79
14411,0,0.04,0,104.49
14412,0,0.03,0,57.69
14413,0,0.07,0,677.16
14414,0,0.01,0,14.14
14415,0,0.0,0,89.78
14416,0,0.0,0,294.88
14417,0,0.01,0,8.75
14418,0,0.0,0,114.37
14419,0,0.01,0,23.44
14420,0,0.0,0,39.48
14421,0,0.0,0,278.96
14422,0,0.0,0,562.58
14423,0,0.0,0,47.74
14424,0,0.01,0,328.57
14425,0,0.01,0,24.83
14426,0,0.0,0,329.53
14427,0,0.0,0,1436.02
14428,1,0.65,1,19.71
14429,0,0.0,0,31.61
14430,0,0.0,0,25.58
14431,0,0.0,0,96.24
14432,0,0.01,0,3.21
14433,0,0.0,0,18.78
14434,0,0.0,0,27.94
14435,0,0.0,0,92.43
14436,0,0.0,0,143.98
14437,0,0.0,0,51.91
14438,0,0.02,0,240.66
14439,0,0.0,0,9.61
14440,0,0.0,0,75.1
14441,0,0.02,0,508.78
14442,0,0.0,0,10.28
14443,0,0.0,0,234.71
14444,0,0.0,0,39.01
14445,0,0.0,0,29.85
14446,0,0.0,0,38.28
14447,0,0.0,0,38.35
14448,0,0.01,0,59.29
14449,0,0.0,0,305.97
14450,1,0.67,1,55.53
14451,0,0.0,0,388.08
14452,0,0.0,0,51.49
14453,0,0.01,0,887.24
14454,0,0.0,0,15.26
14455,0,0.0,0,19.21
14456,0,0.01,0,59.29
14457,0,0.0,0,98.1
14458,0,0.0,0,26.13
14459,0,0.03,0,34.01
14460,0,0.04,0,76.41
14461,0,0.0,0,54.54
14462,0,0.01,0,194.77
14463,0,0.01,0,375.33
14464,0,0.02,0,66.9
14465,0,0.0,0,20.61
14466,0,0.01,0,60.34
14467,0,0.0,0,62.66
14468,0,0.04,0,29.9
14469,0,0.0,0,355.24
14470,0,0.0,0,53.5
14471,0,0.02,0,276.85
14472,0,0.02,0,54.43
14473,0,0.0,0,54.0
14474,0,0.02,0,88.98
14475,0,0.0,0,153.79
14476,0,0.0,0,103.74
14477,0,0.0,0,21.42
14478,0,0.04,0,124.96
14479,0,0.04,0,1504.23
14480,0,0.0,0,60.71
14481,0,0.0,0,472.25
14482,0,0.0,0,25.73
14483,0,0.01,0,17.36
14484,0,0.0,0,17.27
14485,0,0.01,0,8.35
14486,0,0.0,0,58.71
14487,0,0.0,0,11.04
14488,0,0.0,0,239.98
14489,0,0.0,0,25.44
14490,0,0.0,0,13.31
14491,0,0.0,0,70.09
14492,0,0.13,0,35.58
14493,0,0.01,0,214.51
14494,0,0.0,0,54.83
14495,0,0.0,0,33.36
14496,0,0.01,0,18.69
14497,0,0.01,0,38.04
14498,0,0.0,0,317.1
14499,0,0.0,0,85.61
14500,0,0.0,0,13.98
14501,0,0.0,0,222.96
14502,0,0.02,0,230.21
14503,0,0.01,0,99.21
14504,0,0.0,0,109.32
14505,0,0.01,0,24.18
14506,0,0.0,0,7.13
14507,0,0.01,0,10.43
14508,0,0.0,0,79.98
14509,0,0.0,0,249.77
14510,0,0.07,0,39.64
14511,0,0.0,0,38.06
14512,0,0.0,0,31.21
14513,0,0.02,0,29.32
14514,0,0.01,0,87.41
14515,1,0.55,1,80.15
14516,0,0.0,0,158.7
14517,0,0.0,0,81.84
14518,0,0.0,0,80.73
14519,0,0.01,0,43.18
14520,0,0.0,0,173.53
14521,0,0.0,0,169.41
14522,0,0.03,0,12.29
14523,0,0.0,0,133.5
14524,0,0.0,0,59.72
14525,0,0.0,0,78.44
14526,0,0.0,0,65.6
14527,0,0.0,0,32.42
14528,0,0.02,0,412.0
14529,0,0.01,0,46.49
14530,0,0.01,0,22.11
14531,0,0.01,0,66.83
14532,0,0.0,0,11.03
14533,0,0.0,0,231.22
14534,0,0.0,0,14.54
14535,0,0.0,0,15.87
14536,0,0.0,0,4.23
14537,0,0.0,0,16.79
14538,0,0.0,0,76.48
14539,0,0.0,0,123.73
14540,0,0.0,0,9.15
14541,0,0.01,0,7.92
14542,0,0.01,0,31.17
14543,0,0.0,0,35.31
14544,0,0.01,0,15.76
14545,0,0.0,0,180.21
14546,0,0.0,0,262.2
14547,0,0.0,0,1027.49
14548,0,0.0,0,270.34
14549,0,0.0,0,6.88
14550,0,0.0,0,53.97
14551,0,0.0,0,45.46
14552,0,0.03,0,176.07
14553,0,0.0,0,71.36
14554,0,0.0,0,30.51
14555,0,0.0,0,66.91
14556,0,0.03,0,80.36
14557,0,0.0,0,13.64
14558,0,0.0,0,35.58
14559,0,0.0,0,57.49
14560,0,0.0,0,70.34
14561,0,0.0,0,22.17
14562,0,0.0,0,24.44
14563,0,0.0,0,32.51
14564,0,0.0,0,37.8
14565,0,0.0,0,88.13
14566,0,0.0,0,56.27
14567,0,0.0,0,1018.89
14568,0,0.0,0,105.14
14569,0,0.0,0,88.27
14570,0,0.0,0,10.07
14571,0,0.0,0,35.47
14572,0,0.01,0,11.67
14573,0,0.0,0,37.53
14574,0,0.01,0,35.66
14575,0,0.02,0,19.04
14576,0,0.03,0,17.54
14577,0,0.0,0,21.58
14578,0,0.01,0,367.43
14579,0,0.0,0,36.29
14580,0,0.0,0,57.31
14581,0,0.0,0,5.89
14582,0,0.0,0,32.57
14583,0,0.0,0,159.16
14584,0,0.0,0,73.03
14585,0,0.0,0,21.06
14586,0,0.01,0,96.51
14587,0,0.0,0,24.14
14588,0,0.0,0,48.94
14589,0,0.0,0,42.21
14590,0,0.0,0,50.94
14591,0,0.01,0,42.72
14592,0,0.01,0,58.03
14593,0,0.0,0,75.06
14594,0,0.0,0,41.36
14595,0,0.0,0,36.89
14596,0,0.0,0,39.28
14597,0,0.0,0,12.63
14598,0,0.0,0,48.87
14599,0,0.0,0,31.24
14600,0,0.0,0,24.31
14601,0,0.0,0,68.81
14602,0,0.0,0,157.27
14603,0,0.0,0,3.73
14604,0,0.01,0,52.12
14605,0,0.05,0,24.02
14606,0,0.0,0,53.21
14607,0,0.0,0,302.34
14608,0,0.0,0,87.12
14609,0,0.0,0,13.72
14610,0,0.01,0,84.84
14611,0,0.01,0,160.6
14612,0,0.03,0,204.13
14613,0,0.0,0,113.76
14614,0,0.0,0,47.3
14615,0,0.0,0,3.48
14616,0,0.0,0,232.01
14617,0,0.0,0,490.14
14618,0,0.0,0,144.28
14619,0,0.01,0,778.42
14620,0,0.01,0,150.95
14621,0,0.0,0,571.54
14622,1,0.6,1,81.66
14623,1,0.63,1,208.24
14624,0,0.0,0,49.1
14625,0,0.0,0,35.97
14626,0,0.0,0,144.71
14627,0,0.0,0,200.22
14628,0,0.02,0,34.61
14629,0,0.02,0,280.4
14630,0,0.0,0,29.11
14631,0,0.0,0,20.3
14632,0,0.0,0,125.05
14633,0,0.0,0,36.61
14634,0,0.0,0,66.28
14635,0,0.0,0,224.36
14636,0,0.0,0,20.21
14637,0,0.0,0,12.57
14638,0,0.0,0,30.82
14639,0,0.0,0,333.48
14640,1,0.76,1,68.37
14641,0,0.0,0,3.26
14642,0,0.0,0,29.3
14643,0,0.0,0,345.74
14644,0,0.0,0,56.56
14645,0,0.01,0,349.29
14646,0,0.0,0,18.76
14647,0,0.0,0,130.79
14648,0,0.0,0,35.19
14649,0,0.0,0,43.92
14650,0,0.0,0,86.69
14651,0,0.02,0,17.61
14652,0,0.0,0,16.93
14653,0,0.0,0,7.19
14654,0,0.0,0,125.84
14655,0,0.0,0,135.69
14656,0,0.0,0,98.34
14657,0,0.03,0,167.72
14658,0,0.0,0,7.41
14659,0,0.02,0,39.77
14660,0,0.01,0,15.23
14661,0,0.0,0,35.9
14662,0,0.0,0,156.95
14663,0,0.0,0,530.21
14664,0,0.0,0,59.77
14665,0,0.03,0,26.42
14666,0,0.0,0,21.15
14667,0,0.0,0,1776.63
14668,0,0.0,0,94.26
14669,0,0.0,0,25.41
14670,0,0.0,0,48.95
14671,0,0.01,0,391.51
14672,0,0.0,0,19.08
14673,0,0.0,0,63.86
14674,0,0.0,0,60.96
14675,0,0.0,0,612.93
14676,0,0.0,0,35.86
14677,0,0.0,0,177.61
14678,0,0.0,0,220.08
14679,0,0.0,0,72.71
14680,0,0.0,0,21.49
14681,0,0.0,0,96.38
14682,0,0.0,0,52.06
14683,0,0.0,0,293.61
14684,0,0.0,0,22.31
14685,0,0.0,0,239.11
14686,0,0.09,0,63.28
14687,0,0.0,0,4.48
14688,0,0.03,0,342.86
14689,0,0.0,0,35.05
14690,0,0.0,0,360.91
14691,0,0.0,0,42.83
14692,0,0.01,0,409.58
14693,0,0.0,0,412.96
14694,0,0.0,0,33.04
14695,0,0.0,0,71.7
14696,0,0.03,0,15.69
14697,0,0.0,0,3.85
14698,0,0.0,0,18.57
14699,0,0.0,0,203.23
14700,0,0.03,0,81.25
14701,0,0.0,0,26.62
14702,0,0.0,0,183.42
14703,0,0.0,0,169.43
14704,0,0.01,0,15.28
14705,0,0.0,0,53.36
14706,0,0.0,0,59.32
14707,0,0.01,0,70.01
14708,0,0.0,0,5.81
14709,0,0.0,0,58.86
14710,0,0.03,0,61.37
14711,0,0.0,0,35.58
14712,0,0.03,0,35.49
14713,0,0.0,0,3.99
14714,0,0.0,0,30.24
14715,0,0.0,0,211.31
14716,0,0.0,0,13.45
14717,0,0.01,0,20.56
14718,0,0.0,0,98.22
14719,0,0.0,0,61.76
14720,0,0.0,0,212.0
14721,0,0.0,0,32.77
14722,0,0.0,0,6.15
14723,0,0.0,0,29.62
14724,0,0.01,0,47.67
14725,0,0.03,0,13.19
14726,0,0.0,0,53.68
14727,0,0.0,0,59.04
14728,1,0.69,1,83.64
14729,0,0.0,0,25.52
14730,0,0.0,0,238.69
14731,0,0.0,0,39.7
14732,0,0.0,0,223.09
14733,0,0.04,0,15.98
14734,0,0.0,0,8.08
14735,0,0.0,0,26.2
14736,0,0.01,0,26.03
14737,0,0.0,0,490.52
14738,0,0.01,0,94.16
14739,0,0.0,0,216.18
14740,0,0.03,0,44.96
14741,0,0.0,0,10.41
14742,0,0.0,0,118.72
14743,0,0.05,0,129.9
14744,0,0.0,0,13.81
14745,0,0.0,0,59.06
14746,0,0.0,0,65.28
14747,0,0.0,0,76.04
14748,0,0.01,0,58.35
14749,0,0.0,0,22.59
14750,0,0.0,0,30.84
14751,0,0.0,0,92.0
14752,0,0.0,0,62.46
14753,0,0.0,0,96.94
14754,0,0.0,0,13.45
14755,0,0.0,0,1669.91
14756,0,0.0,0,39.0
14757,0,0.01,0,9.83
14758,0,0.0,0,262.68
14759,0,0.0,0,25.52
14760,0,0.0,0,52.04
14761,0,0.0,0,24.65
14762,0,0.0,0,73.56
14763,0,0.03,0,63.93
14764,0,0.0,0,143.45
14765,0,0.01,0,119.87
14766,0,0.0,0,51.53
14767,0,0.0,0,80.98
14768,0,0.0,0,18.64
14769,0,0.0,0,19.44
14770,0,0.0,0,54.29
14771,0,0.0,0,23.86
14772,0,0.0,0,27.87
14773,0,0.0,0,104.36
14774,0,0.0,0,18.19
14775,0,0.0,0,92.48
14776,0,0.0,0,81.44
14777,0,0.0,0,38.25
14778,0,0.01,0,934.19
14779,0,0.0,0,91.08
14780,0,0.0,0,33.97
14781,0,0.0,0,49.6
14782,0,0.01,0,1029.08
14783,0,0.0,0,30.49
14784,0,0.03,0,31.59
14785,0,0.0,0,18.73
14786,0,0.02,0,138.94
14787,0,0.0,0,162.8
14788,0,0.0,0,24.54
14789,0,0.0,0,15.06
14790,0,0.01,0,14.64
14791,0,0.0,0,70.08
14792,0,0.04,0,132.13
14793,0,0.0,0,34.25
14794,0,0.0,0,29.47
14795,0,0.0,0,9.72
14796,0,0.0,0,49.14
14797,0,0.0,0,169.39
14798,0,0.0,0,50.91
14799,0,0.0,0,5.98
14800,0,0.0,0,46.45
14801,0,0.03,0,13.54
14802,0,0.01,0,20.07
14803,0,0.0,0,55.32
14804,0,0.01,0,120.11
14805,0,0.0,0,89.67
14806,0,0.01,0,595.76
14807,0,0.01,0,45.84
14808,0,0.02,0,86.01
14809,0,0.02,0,64.83
14810,0,0.0,0,24.08
14811,0,0.0,0,168.25
14812,0,0.0,0,24.18
14813,0,0.0,0,13.46
14814,0,0.0,0,215.62
14815,0,0.01,0,360.21
14816,0,0.01,0,1109.17
14817,0,0.0,0,101.49
14818,0,0.03,0,765.55
14819,0,0.0,0,43.28
14820,0,0.0,0,71.46
14821,0,0.0,0,32.27
14822,0,0.0,0,76.79
14823,0,0.0,0,6.45
14824,0,0.02,0,138.68
14825,0,0.0,0,18.72
14826,0,0.01,0,89.32
14827,0,0.0,0,115.67
14828,0,0.0,0,29.88
14829,0,0.0,0,43.22
14830,0,0.02,0,376.0
14831,0,0.05,0,127.68
14832,0,0.02,0,276.7
14833,0,0.0,0,138.08
14834,0,0.03,0,154.87
14835,0,0.0,0,17.98
14836,0,0.01,0,10.48
14837,0,0.08,0,794.46
14838,0,0.0,0,36.29
14839,0,0.0,0,138.33
14840,0,0.0,0,26.96
14841,0,0.0,0,69.45
14842,0,0.0,0,319.08
14843,0,0.0,0,19.87
14844,0,0.0,0,81.67
14845,0,0.0,0,93.54
14846,0,0.02,0,36.77
14847,0,0.0,0,19.79
14848,0,0.01,0,156.66
14849,0,0.0,0,19.1
14850,0,0.06,0,118.88
14851,0,0.0,0,46.29
14852,0,0.0,0,140.32
14853,0,0.0,0,71.33
14854,0,0.0,0,23.95
14855,0,0.03,0,239.02
14856,0,0.02,0,565.15
14857,0,0.01,0,46.15
14858,1,0.64,1,42.37
14859,0,0.0,0,415.58
14860,0,0.0,0,79.19
14861,0,0.0,0,7.38
14862,0,0.0,0,193.63
14863,0,0.01,0,6.26
14864,0,0.05,0,393.15
14865,0,0.0,0,445.66
14866,0,0.0,0,11.99
14867,0,0.01,0,2.37
14868,0,0.0,0,30.35
14869,0,0.0,0,19.12
14870,0,0.0,0,284.55
14871,0,0.0,0,91.17
14872,0,0.0,0,46.89
14873,0,0.02,0,55.39
14874,0,0.0,0,57.06
14875,0,0.01,0,24.11
14876,0,0.01,0,11.61
14877,0,0.01,0,177.42
14878,0,0.0,0,212.85
14879,0,0.0,0,19.5
14880,0,0.04,0,71.24
14881,0,0.0,0,13.15
14882,0,0.0,0,162.42
14883,0,0.0,0,76.04
14884,0,0.02,0,24.17
14885,0,0.0,0,89.8
14886,0,0.0,0,23.48
14887,0,0.0,0,51.31
14888,0,0.01,0,133.91
14889,0,0.0,0,18.04
14890,0,0.0,0,61.77
14891,0,0.03,0,278.13
14892,0,0.03,0,295.54
14893,0,0.0,0,171.39
14894,0,0.0,0,199.35
14895,0,0.0,0,13.3
14896,0,0.0,0,153.95
14897,0,0.0,0,12.68
14898,0,0.0,0,806.98
14899,0,0.05,0,9.07
14900,0,0.0,0,40.43
14901,0,0.01,0,43.83
14902,0,0.0,0,67.28
14903,0,0.0,0,37.66
14904,0,0.0,0,25.46
14905,0,0.0,0,84.67
14906,0,0.0,0,183.8
14907,0,0.0,0,46.84
14908,0,0.0,0,34.46
14909,0,0.01,0,77.26
14910,0,0.0,0,16.92
14911,0,0.0,0,61.13
14912,0,0.0,0,46.29
14913,0,0.0,0,102.45
14914,0,0.0,0,59.88
14915,0,0.0,0,26.52
14916,0,0.0,0,105.59
14917,0,0.0,0,117.45
14918,0,0.0,0,21.81
14919,0,0.0,0,66.49
14920,0,0.01,0,78.1
14921,0,0.0,0,94.7
14922,0,0.0,0,77.4
14923,0,0.02,0,141.77
14924,0,0.0,0,44.9
14925,0,0.02,0,332.6
14926,0,0.0,0,88.08
14927,0,0.01,0,36.41
14928,0,0.0,0,22.16
14929,0,0.0,0,56.63
14930,0,0.01,0,175.16
14931,0,0.0,0,37.31
14932,0,0.0,0,19.89
14933,0,0.03,0,23.9
14934,0,0.0,0,10.58
14935,0,0.0,0,20.65
14936,0,0.0,0,9.29
14937,0,0.01,0,336.94
14938,0,0.02,0,86.77
14939,0,0.01,0,149.65
14940,0,0.0,0,25.43
14941,0,0.06,0,722.57
14942,0,0.0,0,41.65
14943,0,0.0,0,80.22
14944,0,0.02,0,37.87
14945,0,0.01,0,25.76
14946,0,0.0,0,111.63
14947,0,0.01,0,133.68
14948,0,0.01,0,6.26
14949,0,0.05,0,159.37
14950,0,0.02,0,72.75
14951,0,0.0,0,46.75
14952,0,0.01,0,21.94
14953,0,0.0,0,33.77
14954,0,0.0,0,445.78
14955,0,0.0,0,34.22
14956,0,0.0,0,5.07
14957,0,0.0,0,165.54
14958,0,0.0,0,29.37
14959,0,0.0,0,52.77
14960,0,0.0,0,148.02
14961,0,0.0,0,88.14
14962,0,0.04,0,450.24
14963,0,0.0,0,19.62
14964,0,0.0,0,81.22
14965,0,0.04,0,26.31
14966,0,0.01,0,38.68
14967,0,0.0,0,7.66
14968,0,0.0,0,94.1
14969,0,0.02,0,104.83
14970,0,0.0,0,38.11
14971,0,0.01,0,8.28
14972,0,0.02,0,188.7
14973,0,0.0,0,13.16
14974,0,0.0,0,121.56
14975,0,0.0,0,67.0
14976,0,0.0,0,11.6
14977,0,0.0,0,26.43
14978,0,0.01,0,45.78
14979,0,0.0,0,31.86
14980,0,0.0,0,88.83
14981,0,0.0,0,231.21
14982,0,0.0,0,18.32
14983,0,0.0,0,428.44
14984,0,0.0,0,182.85
14985,0,0.0,0,15.19
14986,0,0.01,0,307.84
14987,0,0.02,0,106.76
14988,0,0.0,0,2608.09
14989,0,0.02,0,72.33
14990,0,0.01,0,35.0
14991,0,0.0,0,350.59
14992,0,0.02,0,92.38
14993,0,0.01,0,23.69
14994,0,0.0,0,45.75
14995,0,0.0,0,119.9
14996,0,0.0,0,4.75
14997,0,0.0,0,7.0
14998,0,0.01,0,6.04
14999,0,0.01,0,205.23
15000,0,0.0,0,56.78
15001,0,0.0,0,20.42
15002,0,0.0,0,50.65
15003,0,0.0,0,498.1
15004,0,0.03,0,1951.06
15005,0,0.01,0,69.17
15006,0,0.0,0,67.4
15007,0,0.0,0,45.4
15008,0,0.0,0,34.59
15009,0,0.0,0,23.95
15010,0,0.0,0,92.0
15011,0,0.0,0,33.14
15012,0,0.0,0,81.7
15013,0,0.0,0,30.78
15014,0,0.01,0,77.54
15015,0,0.0,0,52.84
15016,0,0.0,0,153.09
15017,0,0.0,0,315.92
15018,0,0.0,0,213.08
15019,0,0.0,0,24.42
15020,0,0.0,0,176.5
15021,0,0.0,0,53.08
15022,0,0.01,0,72.33
15023,0,0.0,0,37.47
15024,0,0.0,0,260.6
15025,0,0.0,0,58.73
15026,0,0.0,0,120.27
15027,0,0.01,0,20.25
15028,0,0.0,0,69.51
15029,0,0.02,0,52.34
15030,0,0.02,0,20.59
15031,0,0.0,0,164.74
15032,0,0.01,0,322.06
15033,0,0.0,0,130.51
15034,0,0.0,0,41.01
15035,0,0.0,0,95.72
15036,0,0.0,0,65.08
15037,0,0.01,0,552.64
15038,0,0.0,0,284.42
15039,0,0.01,0,42.69
15040,0,0.01,0,231.48
15041,0,0.0,0,414.63
15042,0,0.0,0,21.29
15043,0,0.0,0,4.1
15044,0,0.0,0,85.84
15045,0,0.0,0,33.07
15046,0,0.01,0,59.39
15047,0,0.0,0,38.18
15048,0,0.0,0,61.18
15049,0,0.01,0,495.47
15050,0,0.0,0,118.55
15051,0,0.0,0,125.59
15052,0,0.02,0,17.14
15053,0,0.01,0,15.91
15054,0,0.01,0,75.25
15055,0,0.01,0,276.14
15056,0,0.0,0,276.67
15057,0,0.0,0,193.34
15058,1,0.66,1,131.97
15059,0,0.0,0,34.55
15060,0,0.0,0,10.6
15061,0,0.0,0,41.67
15062,0,0.0,0,66.81
15063,0,0.0,0,41.5
15064,0,0.0,0,28.73
15065,0,0.0,0,35.71
15066,0,0.0,0,22.48
15067,0,0.0,0,158.05
15068,0,0.0,0,7.59
15069,0,0.0,0,17.7
15070,0,0.0,0,84.73
15071,0,0.0,0,27.4
15072,0,0.0,0,305.24
15073,0,0.01,0,276.52
15074,0,0.02,0,73.13
15075,0,0.0,0,19.88
15076,0,0.02,0,60.62
15077,0,0.0,0,134.64
15078,0,0.0,0,172.41
15079,0,0.0,0,59.61
15080,0,0.0,0,39.68
15081,0,0.0,0,44.04
15082,0,0.0,0,1154.04
15083,0,0.0,0,101.23
15084,0,0.0,0,59.46
15085,0,0.01,0,3.92
15086,0,0.0,0,32.71
15087,0,0.0,0,13.38
15088,0,0.0,0,53.58
15089,0,0.0,0,46.69
15090,0,0.0,0,37.32
15091,0,0.0,0,760.68
15092,0,0.0,0,36.79
15093,0,0.01,0,656.96
15094,0,0.04,0,12.69
15095,0,0.0,0,256.78
15096,0,0.01,0,38.24
15097,0,0.0,0,11.06
15098,1,0.75,1,505.72
15099,0,0.0,0,250.38
15100,0,0.0,0,33.46
15101,0,0.01,0,112.78
15102,0,0.0,0,6.65
15103,0,0.04,0,45.56
15104,0,0.01,0,171.31
15105,0,0.0,0,4.76
15106,0,0.0,0,96.7
15107,0,0.0,0,40.23
15108,0,0.0,0,33.41
15109,0,0.0,0,69.77
15110,0,0.01,0,48.02
15111,0,0.0,0,19.15
15112,0,0.0,0,76.16
15113,0,0.0,0,70.78
15114,0,0.02,0,231.39
15115,0,0.0,0,324.35
15116,0,0.02,0,35.97
15117,0,0.0,0,12.37
15118,0,0.0,0,74.83
15119,0,0.01,0,77.69
15120,0,0.0,0,17.66
15121,0,0.02,0,86.55
15122,0,0.0,0,80.32
15123,0,0.0,0,166.4
15124,0,0.01,0,22.05
15125,0,0.0,0,647.58
15126,0,0.0,0,72.3
15127,0,0.0,0,12.63
15128,0,0.0,0,95.66
15129,0,0.0,0,258.08
15130,0,0.0,0,38.23
15131,0,0.0,0,95.93
15132,0,0.01,0,52.63
15133,0,0.01,0,40.44
15134,0,0.0,0,34.92
15135,0,0.01,0,18.54
15136,0,0.04,0,133.36
15137,0,0.0,0,29.77
15138,0,0.0,0,183.52
15139,0,0.0,0,75.54
15140,0,0.0,0,13.69
15141,0,0.0,0,31.98
15142,0,0.0,0,45.66
15143,0,0.0,0,41.9
15144,0,0.0,0,8.75
15145,0,0.02,0,45.14
15146,0,0.0,0,5.96
15147,0,0.01,0,37.07
15148,0,0.0,0,48.83
15149,0,0.02,0,61.55
15150,0,0.02,0,204.43
15151,0,0.0,0,180.87
15152,0,0.01,0,61.67
15153,0,0.03,0,544.75
15154,0,0.01,0,87.71
15155,0,0.0,0,34.21
15156,0,0.02,0,200.13
15157,0,0.0,0,30.11
15158,0,0.0,0,10.77
15159,0,0.0,0,33.37
15160,0,0.0,0,149.95
15161,0,0.01,0,29.52
15162,0,0.0,0,68.97
15163,0,0.01,0,47.06
15164,0,0.0,0,11.51
15165,0,0.0,0,99.37
15166,0,0.0,0,216.62
15167,0,0.0,0,92.11
15168,0,0.01,0,18.17
15169,0,0.0,0,65.82
15170,0,0.0,0,225.57
15171,0,0.0,0,34.84
15172,0,0.0,0,440.63
15173,0,0.0,0,35.63
15174,0,0.02,0,46.66
15175,0,0.0,0,3.33
15176,0,0.0,0,44.19
15177,0,0.0,0,16.38
15178,0,0.0,0,44.74
15179,0,0.0,0,37.21
15180,0,0.02,0,107.93
15181,0,0.0,0,19.89
15182,0,0.0,0,111.09
15183,0,0.02,0,14.7
15184,0,0.0,0,26.19
15185,0,0.0,0,22.92
15186,0,0.0,0,28.69
15187,0,0.0,0,41.25
15188,0,0.0,0,74.25
15189,0,0.0,0,11.14
15190,0,0.0,0,9.2
15191,0,0.02,0,583.73
15192,0,0.0,0,59.81
15193,0,0.0,0,8.09
15194,0,0.0,0,13.16
15195,0,0.01,0,32.54
15196,0,0.02,0,40.92
15197,0,0.01,0,139.6
15198,0,0.0,0,188.38
15199,0,0.0,0,142.65
15200,0,0.02,0,150.08
15201,0,0.0,0,60.73
15202,0,0.0,0,63.21
15203,0,0.0,0,37.45
15204,0,0.0,0,17.97
15205,0,0.01,0,5.26
15206,0,0.01,0,12.58
15207,0,0.03,0,6.38
15208,0,0.01,0,60.12
15209,0,0.0,0,18.03
15210,0,0.01,0,47.02
15211,0,0.0,0,29.69
15212,0,0.0,0,66.35
15213,0,0.02,0,117.54
15214,0,0.0,0,109.79
15215,0,0.0,0,522.54
15216,0,0.01,0,142.32
15217,0,0.0,0,178.42
15218,0,0.01,0,14.7
15219,0,0.02,0,117.32
15220,0,0.0,0,10.82
15221,0,0.01,0,105.52
15222,0,0.05,0,75.94
15223,0,0.0,0,17.46
15224,1,0.66,1,11.05
15225,0,0.0,0,58.92
15226,0,0.0,0,697.82
15227,0,0.0,0,50.59
15228,0,0.0,0,89.37
15229,0,0.01,0,49.21
15230,0,0.0,0,85.39
15231,0,0.02,0,54.62
15232,0,0.01,0,20.07
15233,0,0.0,0,1147.89
15234,0,0.03,0,151.47
15235,0,0.0,0,100.37
15236,0,0.0,0,137.58
15237,0,0.0,0,189.33
15238,0,0.0,0,24.86
15239,0,0.0,0,86.27
15240,0,0.01,0,45.53
15241,0,0.0,0,23.79
15242,0,0.0,0,145.75
15243,0,0.01,0,12.12
15244,0,0.0,0,39.83
15245,0,0.05,0,135.64
15246,0,0.0,0,32.99
15247,0,0.0,0,135.68
15248,0,0.01,0,225.06
15249,0,0.0,0,125.31
15250,0,0.02,0,802.36
15251,0,0.0,0,388.81
15252,0,0.0,0,18.18
15253,0,0.02,0,2.14
15254,0,0.0,0,303.09
15255,0,0.0,0,1026.53
15256,0,0.0,0,37.02
15257,0,0.01,0,46.94
15258,0,0.0,0,11.7
15259,0,0.0,0,32.85
15260,0,0.0,0,18.75
15261,0,0.01,0,130.25
15262,0,0.0,0,18.56
15263,0,0.0,0,14.39
15264,0,0.0,0,114.04
15265,0,0.0,0,43.02
15266,0,0.0,0,28.26
15267,0,0.0,0,181.72
15268,0,0.0,0,94.46
15269,0,0.0,0,34.78
15270,0,0.01,0,16.43
15271,0,0.0,0,91.62
15272,0,0.01,0,50.7
15273,0,0.0,0,13.93
15274,0,0.01,0,5.82
15275,0,0.0,0,98.52
15276,0,0.0,0,32.07
15277,0,0.01,0,191.08
15278,0,0.01,0,48.02
15279,0,0.0,0,272.42
15280,0,0.01,0,444.3
15281,0,0.01,0,25.81
15282,0,0.0,0,25.87
15283,0,0.0,0,123.44
15284,0,0.0,0,53.9
15285,0,0.0,0,219.36
15286,0,0.0,0,140.2
15287,0,0.01,0,44.25
15288,0,0.0,0,99.31
15289,0,0.0,0,111.69
15290,0,0.0,0,259.24
15291,0,0.0,0,123.52
15292,0,0.0,0,17.48
15293,0,0.0,0,8.54
15294,0,0.0,0,187.64
15295,0,0.0,0,8.28
15296,0,0.03,0,46.77
15297,0,0.02,0,142.62
15298,0,0.0,0,173.15
15299,0,0.01,0,9.78
15300,0,0.0,0,72.57
15301,0,0.0,0,212.55
15302,0,0.0,0,14.83
15303,0,0.0,0,419.49
15304,0,0.0,0,22.49
15305,0,0.0,0,24.12
15306,0,0.0,0,214.16
15307,0,0.0,0,6.61
15308,0,0.0,0,107.53
15309,0,0.0,0,18.06
15310,0,0.0,0,42.16
15311,0,0.01,0,76.57
15312,0,0.0,0,79.91
15313,0,0.0,0,46.26
15314,1,0.69,1,304.43
15315,0,0.0,0,40.9
15316,0,0.0,0,9.36
15317,0,0.0,0,31.68
15318,0,0.0,0,255.87
15319,1,0.55,1,20.31
15320,0,0.0,0,2.93
15321,0,0.0,0,23.06
15322,0,0.0,0,178.44
15323,0,0.0,0,44.18
15324,0,0.01,0,35.1
15325,0,0.0,0,55.56
15326,0,0.0,0,15.03
15327,0,0.01,0,49.51
15328,0,0.02,0,32.12
15329,0,0.0,0,40.69
15330,0,0.01,0,193.96
15331,0,0.0,0,26.28
15332,0,0.02,0,24.71
15333,0,0.04,0,61.93
15334,0,0.01,0,48.16
15335,0,0.0,0,16.71
15336,0,0.0,0,32.75
15337,0,0.0,0,43.91
15338,1,0.67,1,112.34
15339,0,0.0,0,38.01
15340,0,0.0,0,84.77
15341,0,0.0,0,110.25
15342,0,0.0,0,13.25
15343,0,0.0,0,43.51
15344,0,0.0,0,75.35
15345,0,0.0,0,7.12
15346,0,0.0,0,514.05
15347,0,0.0,0,15.37
15348,0,0.0,0,65.79
15349,0,0.02,0,936.79
15350,0,0.0,0,48.2
15351,0,0.01,0,28.44
15352,0,0.01,0,3.48
15353,0,0.01,0,366.02
15354,0,0.0,0,479.87
15355,0,0.01,0,10.03
15356,0,0.0,0,5.32
15357,0,0.0,0,5.72
15358,0,0.01,0,55.93
15359,0,0.0,0,11.52
15360,0,0.0,0,9.4
15361,0,0.0,0,19.51
15362,0,0.0,0,20.71
15363,0,0.0,0,89.06
15364,0,0.05,0,612.75
15365,0,0.0,0,248.24
15366,0,0.0,0,170.83
15367,0,0.0,0,76.15
15368,0,0.02,0,174.32
15369,0,0.0,0,70.52
15370,0,0.0,0,173.97
15371,0,0.0,0,93.89
15372,0,0.0,0,36.64
15373,0,0.0,0,191.67
15374,0,0.01,0,110.54
15375,0,0.0,0,3.35
15376,0,0.0,0,64.97
15377,0,0.0,0,18.53
15378,0,0.0,0,15.01
15379,0,0.0,0,37.02
15380,0,0.01,0,25.16
15381,0,0.01,0,60.14
15382,0,0.0,0,113.01
15383,0,0.02,0,44.62
15384,0,0.03,0,91.37
15385,0,0.0,0,137.95
15386,0,0.04,0,30.85
15387,0,0.0,0,127.37
15388,0,0.0,0,91.65
15389,0,0.0,0,9.92
15390,0,0.02,0,6.86
15391,0,0.0,0,764.15
15392,0,0.02,0,72.56
15393,0,0.0,0,21.95
15394,0,0.0,0,20.07
15395,0,0.05,0,17.21
15396,0,0.0,0,86.94
15397,0,0.01,0,64.11
15398,0,0.0,0,14.97
15399,0,0.0,0,27.31
15400,0,0.02,0,28.93
15401,0,0.0,0,17.22
15402,0,0.0,0,270.9
15403,0,0.0,0,7.35
15404,0,0.14,0,314.7
15405,0,0.01,0,47.82
15406,0,0.0,0,56.88
15407,0,0.0,0,20.58
15408,0,0.0,0,35.47
15409,0,0.0,0,57.87
15410,0,0.0,0,34.35
15411,0,0.0,0,32.11
15412,0,0.0,0,14.31
15413,0,0.01,0,2457.0
15414,0,0.06,0,417.88
15415,0,0.01,0,131.12
15416,0,0.0,0,217.72
15417,0,0.0,0,22.79
15418,0,0.01,0,274.09
15419,0,0.01,0,51.13
15420,0,0.0,0,33.11
15421,0,0.02,0,12.14
15422,0,0.01,0,35.06
15423,0,0.0,0,109.56
15424,0,0.0,0,21.65
15425,0,0.0,0,48.08
15426,0,0.0,0,54.64
15427,0,0.01,0,94.39
15428,0,0.0,0,445.53
15429,0,0.0,0,50.22
15430,0,0.0,0,115.27
15431,0,0.0,0,43.2
15432,0,0.0,0,41.09
15433,0,0.0,0,12.09
15434,0,0.0,0,128.5
15435,0,0.0,0,498.67
15436,0,0.0,0,20.57
15437,0,0.01,0,9.55
15438,0,0.0,0,70.18
15439,0,0.0,0,68.38
15440,0,0.0,0,36.56
15441,0,0.0,0,5.84
15442,0,0.06,0,14.62
15443,0,0.0,0,169.28
15444,0,0.02,0,56.35
15445,0,0.02,0,432.11
15446,0,0.01,0,173.96
15447,0,0.0,0,33.3
15448,0,0.01,0,75.1
15449,0,0.0,0,19.07
15450,0,0.0,0,185.6
15451,0,0.0,0,21.03
15452,0,0.06,0,58.15
15453,0,0.0,0,10.37
15454,1,0.67,1,107.06
15455,0,0.04,0,308.88
15456,0,0.0,0,7.82
15457,0,0.0,0,14.13
15458,0,0.0,0,39.68
15459,0,0.0,0,20.77
15460,0,0.0,0,18.76
15461,0,0.04,0,148.66
15462,0,0.0,0,85.86
15463,0,0.0,0,41.76
15464,0,0.0,0,23.0
15465,0,0.0,0,6.33
15466,0,0.0,0,32.99
15467,0,0.02,0,54.04
15468,1,0.75,1,14.71
15469,0,0.0,0,183.84
15470,0,0.0,0,16.36
15471,0,0.01,0,9.05
15472,0,0.0,0,35.44
15473,0,0.03,0,354.0
15474,0,0.05,0,194.26
15475,0,0.03,0,1513.36
15476,0,0.0,0,80.01
15477,0,0.0,0,537.87
15478,0,0.09,0,99.47
15479,0,0.02,0,67.47
15480,0,0.0,0,55.37
15481,0,0.0,0,7.05
15482,0,0.01,0,16.15
15483,0,0.0,0,22.72
15484,0,0.0,0,116.59
15485,0,0.0,0,151.71
15486,0,0.0,0,65.65
15487,0,0.02,0,38.6
15488,0,0.01,0,207.42
15489,0,0.0,0,146.55
15490,0,0.0,0,160.77
15491,0,0.0,0,53.01
15492,0,0.0,0,815.59
15493,0,0.02,0,173.63
15494,0,0.0,0,92.74
15495,0,0.0,0,56.94
15496,1,0.61,1,114.37
15497,0,0.0,0,127.53
15498,0,0.01,0,19.06
15499,0,0.0,0,273.91
15500,0,0.0,0,27.65
15501,0,0.0,0,174.67
15502,0,0.0,0,13.19
15503,0,0.0,0,79.62
15504,0,0.0,0,216.97
15505,0,0.01,0,1111.62
15506,0,0.01,0,7.82
15507,0,0.01,0,8.8
15508,0,0.01,0,22.73
15509,0,0.0,0,8.78
15510,0,0.01,0,55.32
15511,0,0.04,0,13.43
15512,0,0.0,0,49.91
15513,0,0.0,0,97.14
15514,0,0.0,0,31.48
15515,0,0.0,0,4.19
15516,0,0.0,0,25.13
15517,0,0.02,0,59.97
15518,0,0.01,0,108.9
15519,0,0.0,0,225.4
15520,0,0.0,0,57.76
15521,0,0.0,0,29.23
15522,0,0.01,0,64.53
15523,0,0.01,0,95.0
15524,0,0.0,0,355.43
15525,0,0.0,0,60.32
15526,0,0.0,0,463.6
15527,0,0.0,0,73.15
15528,0,0.0,0,103.4
15529,0,0.01,0,238.8
15530,0,0.0,0,29.71
15531,0,0.09,0,22.22
15532,0,0.0,0,29.32
15533,0,0.0,0,38.07
15534,0,0.01,0,82.27
15535,0,0.0,0,55.37
15536,0,0.01,0,10.97
15537,0,0.0,0,202.81
15538,0,0.0,0,10.08
15539,0,0.01,0,157.77
15540,0,0.0,0,33.97
15541,0,0.01,0,34.85
15542,0,0.02,0,163.31
15543,0,0.0,0,18.13
15544,0,0.01,0,796.26
15545,0,0.0,0,35.04
15546,0,0.0,0,37.35
15547,0,0.0,0,67.82
15548,0,0.0,0,65.35
15549,0,0.0,0,11.3
15550,0,0.0,0,22.97
15551,0,0.0,0,7.11
15552,0,0.0,0,10.56
15553,0,0.0,0,75.62
15554,0,0.0,0,28.72
15555,0,0.0,0,22.84
15556,0,0.02,0,304.31
15557,0,0.0,0,102.65
15558,0,0.0,0,198.53
15559,0,0.02,0,166.25
15560,0,0.0,0,18.97
15561,0,0.0,0,123.18
15562,0,0.02,0,27.53
15563,0,0.0,0,33.87
15564,0,0.0,0,298.72
15565,0,0.02,0,65.83
15566,0,0.03,0,91.74
15567,0,0.0,0,30.75
15568,0,0.01,0,30.94
15569,0,0.0,0,64.04
15570,0,0.01,0,235.73
15571,0,0.0,0,22.47
15572,0,0.0,0,58.59
15573,0,0.09,0,243.81
15574,0,0.0,0,53.18
15575,0,0.0,0,22.7
15576,0,0.0,0,255.8
15577,0,0.0,0,38.32
15578,0,0.0,0,183.29
15579,0,0.0,0,159.77
15580,0,0.0,0,69.62
15581,0,0.0,0,221.19
15582,0,0.01,0,111.1
15583,0,0.0,0,42.39
15584,0,0.0,0,15.62
15585,0,0.07,0,102.12
15586,0,0.01,0,77.95
15587,0,0.01,0,54.89
15588,0,0.0,0,74.44
15589,0,0.01,0,24.43
15590,0,0.0,0,34.29
15591,0,0.0,0,28.97
15592,0,0.0,0,945.36
15593,0,0.0,0,44.64
15594,0,0.0,0,26.29
15595,0,0.0,0,29.14
15596,0,0.01,0,60.6
15597,0,0.01,0,499.74
15598,0,0.01,0,144.01
15599,0,0.0,0,31.24
15600,0,0.05,0,662.3
15601,0,0.0,0,10.84
15602,0,0.0,0,89.28
15603,0,0.0,0,12.84
15604,0,0.0,0,1648.66
15605,0,0.0,0,35.3
15606,0,0.03,0,9.46
15607,0,0.0,0,38.23
15608,0,0.0,0,336.62
15609,0,0.0,0,51.37
15610,0,0.01,0,172.82
15611,0,0.03,0,39.36
15612,0,0.0,0,79.79
15613,0,0.0,0,67.38
15614,0,0.01,0,21.45
15615,0,0.0,0,54.39
15616,0,0.0,0,147.72
15617,0,0.0,0,47.55
15618,0,0.01,0,791.12
15619,0,0.01,0,149.41
15620,0,0.0,0,45.37
15621,0,0.0,0,21.39
15622,0,0.0,0,179.04
15623,0,0.02,0,79.23
15624,0,0.0,0,395.03
15625,0,0.0,0,41.64
15626,0,0.04,0,21.05
15627,0,0.0,0,31.0
15628,0,0.0,0,42.44
15629,0,0.08,0,727.35
15630,0,0.0,0,38.81
15631,0,0.0,0,52.68
15632,0,0.01,0,215.47
15633,0,0.0,0,28.93
15634,0,0.0,0,53.99
15635,0,0.01,0,250.94
15636,0,0.0,0,79.29
15637,0,0.02,0,7.1
15638,0,0.0,0,10.5
15639,0,0.0,0,398.39
15640,0,0.0,0,101.73
15641,0,0.0,0,12.1
15642,0,0.0,0,458.56
15643,0,0.04,0,114.32
15644,0,0.05,0,170.38
15645,0,0.0,0,34.63
15646,0,0.0,0,33.15
15647,0,0.0,0,101.23
15648,0,0.0,0,55.5
15649,0,0.0,0,177.5
15650,0,0.0,0,17.89
15651,0,0.0,0,340.98
15652,1,0.72,1,20.23
15653,0,0.0,0,14.76
15654,0,0.0,0,42.66
15655,0,0.0,0,167.93
15656,0,0.05,0,292.08
15657,0,0.0,0,118.79
15658,0,0.01,0,920.96
15659,0,0.0,0,56.29
15660,0,0.0,0,64.69
15661,0,0.01,0,364.33
15662,0,0.02,0,31.26
15663,0,0.0,0,326.57
15664,0,0.0,0,32.87
15665,0,0.0,0,15.45
15666,0,0.0,0,141.49
15667,0,0.0,0,109.5
15668,0,0.0,0,38.6
15669,0,0.0,0,22.83
15670,0,0.0,0,103.64
15671,0,0.01,0,95.01
15672,0,0.02,0,358.65
15673,0,0.0,0,12.63
15674,0,0.02,0,112.52
15675,0,0.0,0,201.74
15676,0,0.0,0,28.88
15677,0,0.0,0,133.67
15678,0,0.0,0,4.02
15679,0,0.0,0,71.3
15680,0,0.0,0,128.89
15681,0,0.05,0,1126.55
15682,0,0.0,0,535.73
15683,0,0.0,0,14.62
15684,0,0.0,0,412.76
15685,0,0.0,0,281.72
15686,0,0.0,0,35.58
15687,0,0.0,0,74.84
15688,0,0.0,0,44.58
15689,0,0.0,0,85.7
15690,0,0.0,0,547.23
15691,0,0.0,0,61.28
15692,1,0.63,1,61.29
15693,0,0.0,0,278.45
15694,0,0.01,0,24.95
15695,0,0.01,0,18.17
15696,0,0.0,0,10.07
15697,0,0.0,0,48.38
15698,0,0.02,0,9.29
15699,0,0.0,0,24.56
15700,0,0.0,0,202.43
15701,0,0.0,0,33.15
15702,0,0.02,0,57.51
15703,0,0.0,0,49.79
15704,0,0.02,0,70.32
15705,0,0.0,0,34.43
15706,0,0.0,0,51.31
15707,0,0.02,0,48.93
15708,0,0.01,0,36.74
15709,0,0.01,0,41.06
15710,0,0.0,0,3048.32
15711,0,0.01,0,5.29
15712,0,0.01,0,146.64
15713,0,0.01,0,37.33
15714,0,0.0,0,1245.04
15715,0,0.0,0,128.66
15716,0,0.02,0,289.54
15717,0,0.0,0,51.5
15718,0,0.01,0,102.23
15719,0,0.0,0,11.04
15720,0,0.0,0,51.92
15721,0,0.02,0,8.88
15722,0,0.0,0,68.14
15723,0,0.0,0,17.19
15724,0,0.0,0,161.58
15725,0,0.01,0,29.44
15726,0,0.0,0,44.76
15727,0,0.0,0,70.88
15728,0,0.0,0,15.47
15729,0,0.0,0,15.53
15730,0,0.02,0,12.48
15731,0,0.0,0,57.69
15732,0,0.0,0,98.9
15733,0,0.0,0,75.47
15734,0,0.0,0,230.62
15735,0,0.0,0,139.94
15736,0,0.0,0,88.5
15737,0,0.0,0,51.71
15738,0,0.0,0,12.61
15739,0,0.0,0,64.46
15740,0,0.0,0,19.91
15741,0,0.0,0,34.78
15742,0,0.02,0,82.89
15743,0,0.01,0,642.9
15744,0,0.04,0,48.99
15745,0,0.0,0,73.33
15746,0,0.0,0,9.45
15747,1,0.65,1,359.29
15748,0,0.0,0,54.54
15749,0,0.0,0,15.51
15750,0,0.01,0,11.55
15751,0,0.01,0,3.93
15752,0,0.01,0,102.79
15753,0,0.01,0,14.09
15754,0,0.0,0,83.32
15755,0,0.0,0,57.58
15756,0,0.01,0,109.17
15757,0,0.01,0,122.75
15758,0,0.0,0,7.37
15759,0,0.01,0,89.34
15760,0,0.0,0,12.7
15761,0,0.0,0,72.76
15762,0,0.0,0,18.15
15763,0,0.0,0,19.16
15764,0,0.01,0,11.15
15765,0,0.0,0,79.95
15766,0,0.0,0,63.45
15767,0,0.0,0,28.55
15768,0,0.0,0,240.05
15769,0,0.01,0,199.47
15770,0,0.0,0,86.89
15771,0,0.0,0,6.23
15772,0,0.0,0,25.2
15773,0,0.01,0,23.36
15774,0,0.0,0,34.58
15775,0,0.0,0,52.06
15776,0,0.0,0,26.28
15777,0,0.0,0,81.22
15778,0,0.0,0,7.89
15779,0,0.0,0,85.94
15780,0,0.0,0,15.46
15781,0,0.0,0,82.19
15782,0,0.0,0,166.99
15783,0,0.01,0,71.93
15784,0,0.0,0,27.98
15785,0,0.0,0,74.87
15786,0,0.0,0,30.75
15787,0,0.0,0,505.95
15788,0,0.0,0,22.27
15789,0,0.04,0,206.24
15790,0,0.0,0,39.88
15791,0,0.0,0,50.89
15792,0,0.0,0,116.21
15793,0,0.01,0,2499.48
15794,0,0.02,0,32.38
15795,0,0.0,0,24.93
15796,0,0.0,0,145.77
15797,0,0.02,0,34.96
15798,0,0.0,0,60.07
15799,0,0.0,0,47.6
15800,0,0.0,0,56.11
15801,0,0.0,0,116.89
15802,0,0.03,0,774.27
15803,0,0.0,0,11.18
15804,0,0.0,0,38.69
15805,0,0.01,0,41.53
15806,0,0.0,0,117.3
15807,1,0.69,1,48.61
15808,0,0.0,0,8.96
15809,0,0.0,0,83.92
15810,0,0.0,0,49.4
15811,0,0.0,0,52.09
15812,0,0.0,0,22.9
15813,0,0.0,0,10.58
15814,0,0.0,0,36.33
15815,0,0.01,0,267.47
15816,0,0.02,0,12.01
15817,0,0.01,0,6.57
15818,0,0.0,0,28.73
15819,0,0.0,0,21.36
15820,0,0.0,0,63.03
15821,0,0.0,0,224.36
15822,0,0.0,0,12.43
15823,0,0.02,0,22.51
15824,0,0.0,0,50.79
15825,0,0.01,0,3.36
15826,0,0.01,0,9.81
15827,0,0.01,0,50.52
15828,0,0.0,0,386.91
15829,0,0.0,0,285.9
15830,0,0.0,0,83.84
15831,0,0.0,0,79.51
15832,0,0.01,0,20.96
15833,0,0.0,0,193.81
15834,0,0.0,0,6.05
15835,0,0.01,0,51.44
15836,0,0.0,0,60.51
15837,0,0.0,0,61.11
15838,0,0.01,0,273.67
15839,0,0.0,0,76.51
15840,0,0.0,0,66.8
15841,0,0.0,0,219.97
15842,0,0.02,0,104.51
15843,0,0.0,0,50.03
15844,0,0.0,0,61.06
15845,0,0.02,0,193.97
15846,1,0.56,1,15.88
15847,1,0.69,1,91.94
15848,0,0.04,0,66.64
15849,0,0.0,0,31.91
15850,0,0.0,0,80.26
15851,0,0.01,0,34.11
15852,0,0.0,0,34.7
15853,0,0.01,0,97.92
15854,0,0.0,0,147.91
15855,0,0.0,0,26.82
15856,0,0.01,0,74.32
15857,0,0.01,0,153.53
15858,0,0.0,0,10.57
15859,0,0.0,0,72.8
15860,0,0.0,0,50.22
15861,0,0.0,0,163.09
15862,0,0.02,0,15.18
15863,0,0.0,0,60.55
15864,0,0.0,0,4.35
15865,0,0.0,0,7.56
15866,0,0.0,0,56.63
15867,0,0.0,0,10.73
15868,0,0.0,0,21.99
15869,0,0.01,0,4.45
15870,0,0.0,0,100.66
15871,0,0.0,0,55.71
15872,0,0.02,0,8.05
15873,0,0.0,0,207.31
15874,0,0.0,0,36.87
15875,0,0.0,0,35.34
15876,0,0.0,0,44.53
15877,0,0.01,0,26.21
15878,0,0.0,0,45.27
15879,0,0.0,0,136.86
15880,0,0.01,0,92.8
15881,0,0.0,0,32.17
15882,0,0.01,0,129.47
15883,0,0.01,0,26.37
15884,0,0.0,0,134.91
15885,0,0.02,0,182.04
15886,0,0.0,0,196.86
15887,0,0.04,0,17.07
15888,0,0.0,0,53.37
15889,0,0.0,0,34.58
15890,0,0.0,0,22.21
15891,0,0.02,0,248.82
15892,0,0.0,0,343.78
15893,0,0.01,0,89.84
15894,0,0.0,0,13.8
15895,0,0.0,0,17.61
15896,0,0.0,0,24.78
15897,0,0.01,0,820.81
15898,0,0.0,0,120.74
15899,0,0.03,0,2156.24
15900,0,0.0,0,29.81
15901,0,0.04,0,123.93
15902,0,0.0,0,18.62
15903,0,0.0,0,53.39
15904,0,0.06,0,339.19
15905,0,0.0,0,192.19
15906,0,0.02,0,126.12
15907,0,0.0,0,56.64
15908,0,0.0,0,39.58
15909,0,0.06,0,11.49
15910,0,0.02,0,47.95
15911,0,0.0,0,98.18
15912,0,0.0,0,549.76
15913,0,0.01,0,24.59
15914,0,0.0,0,121.41
15915,0,0.0,0,104.11
15916,0,0.0,0,244.68
15917,0,0.05,0,176.53
15918,0,0.0,0,6.31
15919,0,0.02,0,164.6
15920,0,0.0,0,3.07
15921,0,0.0,0,66.59
15922,0,0.0,0,331.2
15923,0,0.0,0,52.19
15924,0,0.02,0,78.42
15925,0,0.0,0,16.48
15926,0,0.01,0,75.6
15927,0,0.01,0,235.61
15928,0,0.0,0,200.35
15929,0,0.0,0,25.11
15930,0,0.01,0,412.93
15931,0,0.01,0,245.31
15932,0,0.0,0,14.68
15933,0,0.02,0,8.55
15934,0,0.02,0,29.71
15935,0,0.0,0,99.19
15936,0,0.0,0,8.68
15937,0,0.0,0,136.72
15938,0,0.0,0,68.33
15939,0,0.0,0,224.23
15940,0,0.0,0,60.16
15941,0,0.0,0,70.29
15942,0,0.0,0,17.23
15943,0,0.01,0,19.44
15944,0,0.02,0,50.22
15945,0,0.0,0,88.06
15946,0,0.01,0,469.93
15947,0,0.0,0,19.79
15948,0,0.01,0,38.61
15949,0,0.06,0,12.47
15950,0,0.01,0,322.05
15951,0,0.0,0,361.01
15952,0,0.0,0,586.5
15953,0,0.0,0,112.07
15954,0,0.0,0,88.24
15955,0,0.0,0,54.75
15956,0,0.02,0,6.2
15957,0,0.03,0,181.6
15958,0,0.0,0,324.31
15959,0,0.03,0,94.77
15960,0,0.0,0,253.14
15961,0,0.0,0,75.76
15962,0,0.0,0,40.04
15963,0,0.0,0,303.46
15964,0,0.0,0,80.22
15965,0,0.0,0,26.28
15966,0,0.0,0,114.85
15967,0,0.0,0,59.33
15968,0,0.0,0,456.5
15969,0,0.0,0,35.4
15970,0,0.02,0,76.48
15971,0,0.0,0,11.14
15972,0,0.0,0,50.48
15973,0,0.0,0,45.46
15974,0,0.01,0,220.32
15975,0,0.0,0,146.21
15976,0,0.0,0,229.14
15977,0,0.0,0,100.71
15978,0,0.01,0,183.83
15979,0,0.0,0,58.37
15980,0,0.0,0,65.44
15981,0,0.0,0,40.04
15982,0,0.0,0,2679.98
15983,0,0.0,0,75.15
15984,0,0.0,0,2085.21
15985,0,0.01,0,23.54
15986,0,0.0,0,287.71
15987,0,0.02,0,17.62
15988,0,0.0,0,76.44
15989,0,0.0,0,96.14
15990,0,0.0,0,93.25
15991,0,0.0,0,29.93
15992,0,0.0,0,213.88
15993,0,0.0,0,77.33
15994,0,0.0,0,28.97
15995,0,0.02,0,18.86
15996,0,0.0,0,32.78
15997,0,0.0,0,105.27
15998,0,0.0,0,9.09
15999,0,0.01,0,162.81
16000,0,0.02,0,62.29
16001,0,0.01,0,469.71
16002,0,0.0,0,5.41
16003,0,0.0,0,383.96
16004,0,0.0,0,49.86
16005,0,0.03,0,71.25
16006,0,0.0,0,78.64
16007,0,0.0,0,24.21
16008,0,0.0,0,6.53
16009,0,0.01,0,11.09
16010,0,0.0,0,55.89
16011,0,0.0,0,12.66
16012,0,0.0,0,9.12
16013,0,0.0,0,24.32
16014,0,0.0,0,38.44
16015,0,0.0,0,7.57
16016,0,0.0,0,14.34
16017,0,0.04,0,10.65
16018,0,0.0,0,137.77
16019,0,0.02,0,53.96
16020,0,0.0,0,277.83
16021,0,0.0,0,24.43
16022,0,0.0,0,79.81
16023,0,0.04,0,203.56
16024,0,0.0,0,198.23
16025,0,0.01,0,60.59
16026,0,0.0,0,9.89
16027,0,0.01,0,15.65
16028,0,0.0,0,42.65
16029,0,0.0,0,121.92
16030,0,0.0,0,89.89
16031,0,0.05,0,59.38
16032,0,0.0,0,4.14
16033,0,0.0,0,75.46
16034,0,0.0,0,159.02
16035,0,0.07,0,192.36
16036,0,0.0,0,308.25
16037,0,0.0,0,104.82
16038,0,0.0,0,35.49
16039,0,0.01,0,41.21
16040,0,0.0,0,311.97
16041,0,0.0,0,99.49
16042,0,0.0,0,53.65
16043,0,0.01,0,345.44
16044,0,0.0,0,49.64
16045,0,0.0,0,16.42
16046,0,0.02,0,415.01
16047,0,0.0,0,21.77
16048,0,0.0,0,110.96
16049,0,0.0,0,260.96
16050,0,0.01,0,71.8
16051,0,0.0,0,52.84
16052,0,0.0,0,4335.14
16053,0,0.0,0,14.08
16054,0,0.01,0,220.95
16055,0,0.0,0,275.72
16056,0,0.0,0,54.93
16057,0,0.0,0,46.28
16058,0,0.01,0,51.27
16059,0,0.0,0,82.64
16060,0,0.0,0,400.61
16061,0,0.0,0,63.33
16062,0,0.01,0,83.58
16063,0,0.01,0,48.37
16064,0,0.0,0,95.57
16065,0,0.0,0,8.0
16066,0,0.0,0,15.67
16067,0,0.0,0,108.66
16068,0,0.0,0,115.71
16069,0,0.0,0,9.22
16070,0,0.01,0,64.01
16071,0,0.0,0,17.24
16072,0,0.02,0,7.36
16073,0,0.0,0,24.16
16074,0,0.0,0,73.22
16075,0,0.0,0,5.21
16076,0,0.0,0,26.65
16077,0,0.0,0,32.36
16078,0,0.06,0,1229.32
16079,0,0.0,0,30.06
16080,0,0.0,0,11.2
16081,0,0.02,0,11.22
16082,0,0.02,0,19.75
16083,0,0.0,0,130.77
16084,0,0.0,0,375.33
16085,0,0.0,0,33.15
16086,0,0.01,0,34.43
16087,0,0.0,0,92.23
16088,0,0.0,0,103.93
16089,0,0.02,0,8.27
16090,0,0.02,0,122.83
16091,0,0.0,0,4.99
16092,0,0.0,0,53.85
16093,0,0.0,0,24.53
16094,0,0.0,0,545.38
16095,0,0.0,0,83.47
16096,0,0.0,0,84.56
16097,0,0.0,0,100.09
16098,0,0.0,0,198.66
16099,0,0.0,0,66.23
16100,0,0.0,0,63.55
16101,0,0.01,0,13.35
16102,0,0.01,0,138.29
16103,0,0.0,0,2163.08
16104,0,0.0,0,160.58
16105,0,0.0,0,70.02
16106,0,0.0,0,21.99
16107,0,0.0,0,10.37
16108,0,0.0,0,23.22
16109,1,0.75,1,97.61
16110,0,0.0,0,185.68
16111,0,0.0,0,140.92
16112,0,0.0,0,22.39
16113,0,0.0,0,86.54
16114,0,0.0,0,3.29
16115,0,0.0,0,320.35
16116,0,0.0,0,36.0
16117,0,0.0,0,500.82
16118,0,0.0,0,88.87
16119,0,0.0,0,139.91
16120,0,0.0,0,42.3
16121,0,0.0,0,113.64
16122,0,0.0,0,68.78
16123,0,0.03,0,47.87
16124,0,0.06,0,4.38
16125,0,0.0,0,82.27
16126,0,0.0,0,118.49
16127,0,0.02,0,32.28
16128,0,0.03,0,24.14
16129,0,0.01,0,36.32
16130,0,0.02,0,41.81
16131,0,0.03,0,21.84
16132,0,0.0,0,15.39
16133,0,0.02,0,23.62
16134,0,0.0,0,32.43
16135,0,0.0,0,26.84
16136,0,0.0,0,32.38
16137,0,0.0,0,31.44
16138,0,0.0,0,30.42
16139,0,0.0,0,103.29
16140,0,0.0,0,128.01
16141,0,0.01,0,999.05
16142,0,0.02,0,44.5
16143,0,0.01,0,129.42
16144,0,0.0,0,104.64
16145,0,0.0,0,25.41
16146,0,0.0,0,31.57
16147,0,0.02,0,146.43
16148,0,0.0,0,33.72
16149,0,0.0,0,93.33
16150,0,0.0,0,391.87
16151,0,0.01,0,76.5
16152,0,0.0,0,8.81
16153,0,0.0,0,62.48
16154,0,0.0,0,31.93
16155,0,0.0,0,205.13
16156,0,0.0,0,103.77
16157,0,0.0,0,209.1
16158,0,0.0,0,121.96
16159,0,0.04,0,528.94
16160,0,0.0,0,45.76
16161,0,0.0,0,27.91
16162,0,0.0,0,31.77
16163,0,0.0,0,9.76
16164,0,0.0,0,67.22
16165,0,0.0,0,43.22
16166,0,0.0,0,23.79
16167,0,0.0,0,302.07
16168,0,0.0,0,56.41
16169,0,0.0,0,138.5
16170,0,0.0,0,230.82
16171,0,0.0,0,44.07
16172,0,0.01,0,68.66
16173,0,0.0,0,11.01
16174,0,0.0,0,25.57
16175,0,0.0,0,52.62
16176,0,0.0,0,62.41
16177,0,0.0,0,92.22
16178,0,0.01,0,8.69
16179,0,0.01,0,158.41
16180,0,0.03,0,38.08
16181,0,0.0,0,60.6
16182,0,0.0,0,37.23
16183,0,0.02,0,127.59
16184,0,0.0,0,128.12
16185,0,0.0,0,33.26
16186,0,0.0,0,119.04
16187,0,0.03,0,7.79
16188,0,0.0,0,60.9
16189,0,0.0,0,104.34
16190,0,0.03,0,39.52
16191,0,0.0,0,18.4
16192,0,0.01,0,55.55
16193,0,0.0,0,270.68
16194,0,0.03,0,44.76
16195,0,0.05,0,72.18
16196,0,0.01,0,10.67
16197,0,0.0,0,54.96
16198,0,0.0,0,80.67
16199,0,0.0,0,31.33
16200,0,0.01,0,95.53
16201,0,0.02,0,792.85
16202,0,0.0,0,23.18
16203,0,0.0,0,34.4
16204,0,0.02,0,13.51
16205,0,0.0,0,367.85
16206,0,0.02,0,25.59
16207,0,0.01,0,19.36
16208,0,0.0,0,133.23
16209,0,0.01,0,30.64
16210,0,0.0,0,102.93
16211,0,0.01,0,48.09
16212,0,0.0,0,27.65
16213,0,0.0,0,768.33
16214,0,0.01,0,109.06
16215,0,0.0,0,246.47
16216,0,0.0,0,72.44
16217,0,0.02,0,28.68
16218,0,0.0,0,41.92
16219,0,0.0,0,103.34
16220,1,0.76,1,76.52
16221,0,0.0,0,46.28
16222,0,0.0,0,11.23
16223,0,0.0,0,259.8
16224,0,0.0,0,184.61
16225,0,0.0,0,123.61
16226,0,0.0,0,840.8
16227,0,0.01,0,84.87
16228,0,0.01,0,95.95
16229,0,0.01,0,23.15
16230,0,0.0,0,69.21
16231,0,0.0,0,194.45
16232,0,0.02,0,57.97
16233,0,0.0,0,34.64
16234,0,0.0,0,32.52
16235,0,0.02,0,76.69
16236,0,0.0,0,161.48
16237,0,0.01,0,42.56
16238,0,0.0,0,31.37
16239,0,0.0,0,17.71
16240,0,0.0,0,147.82
16241,0,0.0,0,16.32
16242,0,0.0,0,374.3
16243,0,0.0,0,71.85
16244,0,0.0,0,113.91
16245,0,0.04,0,36.27
16246,0,0.0,0,18.96
16247,0,0.0,0,25.42
16248,0,0.0,0,85.98
16249,0,0.0,0,196.81
16250,0,0.0,0,8.06
16251,0,0.0,0,22.35
16252,0,0.0,0,16.85
16253,0,0.0,0,34.3
16254,0,0.03,0,719.28
16255,0,0.0,0,110.08
16256,1,0.75,1,34.42
16257,0,0.01,0,338.96
16258,0,0.0,0,67.98
16259,0,0.0,0,13.93
16260,0,0.0,0,160.91
16261,0,0.0,0,342.77
16262,0,0.01,0,311.23
16263,0,0.0,0,193.42
16264,0,0.0,0,80.96
16265,0,0.02,0,31.67
16266,0,0.0,0,17.42
16267,0,0.0,0,184.0
16268,0,0.0,0,69.63
16269,0,0.0,0,25.14
16270,0,0.0,0,58.86
16271,0,0.0,0,37.21
16272,0,0.06,0,6.06
16273,0,0.0,0,32.64
16274,0,0.0,0,17.49
16275,0,0.0,0,142.85
16276,0,0.0,0,9.03
16277,0,0.0,0,39.9
16278,0,0.0,0,162.01
16279,0,0.04,0,874.05
16280,0,0.0,0,37.94
16281,0,0.0,0,278.6
16282,0,0.0,0,27.76
16283,0,0.0,0,45.22
16284,0,0.01,0,55.91
16285,0,0.01,0,483.32
16286,0,0.01,0,53.37
16287,0,0.01,0,132.04
16288,0,0.0,0,68.77
16289,0,0.0,0,37.71
16290,0,0.0,0,454.96
16291,0,0.0,0,41.46
16292,0,0.0,0,512.17
16293,0,0.02,0,40.95
16294,0,0.0,0,27.15
16295,0,0.0,0,54.36
16296,0,0.0,0,59.04
16297,0,0.0,0,196.28
16298,0,0.0,0,30.78
16299,0,0.0,0,137.46
16300,0,0.0,0,77.36
16301,0,0.0,0,29.43
16302,0,0.0,0,173.38
16303,0,0.0,0,37.0
16304,0,0.01,0,721.39
16305,0,0.0,0,263.24
16306,0,0.0,0,22.89
16307,0,0.01,0,56.31
16308,0,0.0,0,90.77
16309,0,0.0,0,16.12
16310,0,0.0,0,89.94
16311,0,0.0,0,39.23
16312,0,0.0,0,80.32
16313,0,0.0,0,461.84
16314,0,0.0,0,51.51
16315,0,0.0,0,1013.4
16316,0,0.0,0,11.68
16317,0,0.0,0,70.63
16318,0,0.04,0,72.07
16319,0,0.0,0,98.79
16320,0,0.0,0,23.34
16321,0,0.0,0,20.37
16322,0,0.01,0,97.6
16323,0,0.0,0,78.13
16324,0,0.0,0,62.79
16325,0,0.0,0,61.34
16326,0,0.01,0,88.68
16327,1,0.74,1,10.2
16328,0,0.0,0,17.26
16329,0,0.0,0,112.76
16330,0,0.0,0,78.45
16331,0,0.01,0,168.98
16332,1,0.63,1,18.78
16333,0,0.0,0,65.45
16334,0,0.0,0,19.0
16335,0,0.0,0,35.9
16336,0,0.04,0,19.21
16337,0,0.01,0,13.81
16338,0,0.0,0,10.89
16339,0,0.01,0,363.72
16340,0,0.0,0,74.73
16341,0,0.0,0,59.07
16342,0,0.02,0,35.97
16343,0,0.01,0,40.45
16344,0,0.0,0,232.21
16345,0,0.0,0,463.19
16346,0,0.0,0,13.21
16347,0,0.0,0,89.94
16348,0,0.0,0,440.53
16349,0,0.01,0,74.75
16350,0,0.0,0,11.16
16351,0,0.01,0,140.97
16352,0,0.0,0,66.36
16353,0,0.0,0,58.41
16354,0,0.05,0,62.58
16355,0,0.01,0,100.77
16356,0,0.0,0,27.97
16357,0,0.0,0,217.1
16358,0,0.01,0,92.21
16359,0,0.01,0,39.47
16360,0,0.0,0,116.18
16361,0,0.01,0,27.91
16362,0,0.01,0,6.9
16363,0,0.0,0,25.19
16364,0,0.04,0,221.86
16365,0,0.0,0,46.97
16366,0,0.0,0,86.04
16367,0,0.0,0,82.15
16368,0,0.0,0,75.08
16369,0,0.01,0,155.13
16370,0,0.0,0,88.62
16371,0,0.0,0,83.18
16372,0,0.0,0,16.18
16373,0,0.0,0,85.34
16374,0,0.04,0,523.68
16375,0,0.05,0,62.04
16376,0,0.0,0,67.59
16377,0,0.0,0,14.4
16378,0,0.0,0,131.68
16379,0,0.0,0,26.08
16380,0,0.0,0,34.96
16381,0,0.01,0,105.08
16382,0,0.0,0,23.5
16383,0,0.0,0,165.4
16384,0,0.0,0,42.37
16385,0,0.0,0,67.73
16386,0,0.0,0,14.2
16387,0,0.01,0,21.84
16388,0,0.0,0,2.47
16389,0,0.0,0,42.17
16390,0,0.0,0,101.31
16391,0,0.0,0,71.98
16392,0,0.0,0,62.33
16393,0,0.0,0,98.0
16394,0,0.01,0,61.82
16395,0,0.0,0,21.5
16396,0,0.07,0,265.15
16397,0,0.0,0,95.13
16398,0,0.03,0,105.53
16399,0,0.0,0,108.01
16400,0,0.0,0,2.57
16401,0,0.0,0,47.14
16402,0,0.0,0,188.9
16403,0,0.02,0,26.71
16404,0,0.03,0,89.77
16405,0,0.01,0,87.54
16406,0,0.01,0,31.74
16407,0,0.0,0,6.11
16408,0,0.0,0,89.77
16409,0,0.0,0,110.67
16410,0,0.0,0,52.93
16411,0,0.0,0,1.97
16412,0,0.0,0,63.45
16413,0,0.0,0,88.04
16414,0,0.0,0,153.46
16415,0,0.0,0,363.32
16416,0,0.0,0,67.61
16417,0,0.02,0,70.11
16418,0,0.01,0,239.61
16419,0,0.0,0,219.87
16420,0,0.03,0,47.77
16421,0,0.0,0,170.75
16422,0,0.0,0,14.68
16423,0,0.02,0,72.63
16424,0,0.0,0,206.71
16425,0,0.0,0,4.44
16426,0,0.0,0,36.26
16427,0,0.0,0,31.73
16428,0,0.01,0,52.21
16429,0,0.0,0,71.28
16430,0,0.0,0,33.36
16431,0,0.0,0,65.28
16432,0,0.0,0,13.15
16433,0,0.0,0,303.02
16434,0,0.0,0,44.75
16435,0,0.01,0,87.59
16436,0,0.0,0,148.67
16437,0,0.01,0,59.16
16438,0,0.0,0,100.52
16439,0,0.0,0,15.41
16440,0,0.0,0,189.81
16441,0,0.01,0,185.31
16442,0,0.0,0,24.07
16443,0,0.01,0,105.93
16444,0,0.02,0,17.28
16445,0,0.01,0,23.42
16446,0,0.0,0,38.94
16447,0,0.0,0,34.15
16448,0,0.0,0,200.48
16449,0,0.0,0,642.59
16450,0,0.01,0,305.74
16451,0,0.01,0,20.53
16452,0,0.05,0,58.55
16453,0,0.0,0,178.63
16454,0,0.0,0,19.88
16455,0,0.0,0,64.74
16456,0,0.0,0,26.06
16457,0,0.0,0,334.33
16458,0,0.01,0,20.11
16459,0,0.01,0,85.7
16460,0,0.01,0,55.22
16461,0,0.0,0,29.11
16462,0,0.0,0,283.96
16463,1,0.64,1,44.84
16464,0,0.04,0,37.66
16465,0,0.0,0,6.37
16466,0,0.0,0,18.25
16467,0,0.03,0,12.55
16468,0,0.0,0,11.08
16469,0,0.0,0,7.25
16470,0,0.0,0,113.97
16471,0,0.0,0,2.82
16472,0,0.01,0,1078.73
16473,0,0.01,0,43.79
16474,0,0.0,0,38.41
16475,0,0.0,0,206.58
16476,0,0.0,0,48.86
16477,0,0.01,0,58.78
16478,0,0.0,0,44.67
16479,0,0.0,0,1044.2
16480,0,0.01,0,80.41
16481,0,0.0,0,137.07
16482,0,0.0,0,51.64
16483,0,0.0,0,18.05
16484,0,0.0,0,41.12
16485,0,0.01,0,25.79
16486,1,0.71,1,100.77
16487,0,0.0,0,10.1
16488,0,0.02,0,453.17
16489,0,0.0,0,113.71
16490,0,0.0,0,251.18
16491,0,0.0,0,9.06
16492,0,0.02,0,32.63
16493,0,0.0,0,19.57
16494,0,0.0,0,32.97
16495,0,0.02,0,164.27
16496,0,0.0,0,272.06
16497,0,0.0,0,118.83
16498,0,0.0,0,32.71
16499,0,0.03,0,368.95
16500,0,0.02,0,9.87
16501,0,0.0,0,180.67
16502,0,0.0,0,63.15
16503,0,0.0,0,96.95
16504,0,0.0,0,74.18
16505,0,0.0,0,107.36
16506,0,0.0,0,71.27
16507,0,0.01,0,503.69
16508,0,0.0,0,15.91
16509,0,0.02,0,172.19
16510,0,0.01,0,37.15
16511,0,0.01,0,42.79
16512,0,0.0,0,102.51
16513,0,0.0,0,78.51
16514,0,0.03,0,81.1
16515,0,0.0,0,207.84
16516,0,0.04,0,425.3
16517,0,0.0,0,106.92
16518,0,0.0,0,135.6
16519,0,0.0,0,121.0
16520,0,0.01,0,19.85
16521,0,0.0,0,13.96
16522,0,0.0,0,14.58
16523,0,0.0,0,262.5
16524,0,0.0,0,32.32
16525,0,0.0,0,31.26
16526,0,0.04,0,46.76
16527,0,0.0,0,58.44
16528,0,0.0,0,45.15
16529,0,0.06,0,1371.37
16530,0,0.0,0,326.77
16531,0,0.0,0,19.64
16532,0,0.0,0,14.34
16533,0,0.04,0,44.9
16534,0,0.01,0,93.97
16535,0,0.01,0,69.24
16536,0,0.01,0,111.73
16537,0,0.0,0,83.35
16538,0,0.01,0,78.8
16539,0,0.0,0,45.98
16540,0,0.0,0,18.12
16541,0,0.0,0,5.11
16542,0,0.0,0,68.76
16543,0,0.0,0,26.62
16544,0,0.1,0,227.1
16545,0,0.05,0,34.12
16546,0,0.01,0,23.17
16547,0,0.0,0,318.56
16548,0,0.0,0,116.82
16549,0,0.0,0,85.27
16550,0,0.0,0,34.12
16551,0,0.0,0,42.99
16552,0,0.0,0,23.91
16553,0,0.01,0,31.47
16554,0,0.0,0,151.43
16555,0,0.0,0,50.23
16556,0,0.02,0,66.96
16557,0,0.03,0,167.29
16558,0,0.0,0,354.03
16559,0,0.01,0,116.22
16560,0,0.0,0,32.67
16561,0,0.02,0,15.31
16562,0,0.0,0,39.17
16563,0,0.01,0,33.82
16564,0,0.0,0,54.45
16565,0,0.0,0,74.49
16566,0,0.0,0,315.96
16567,0,0.0,0,563.44
16568,0,0.0,0,29.99
16569,0,0.0,0,215.17
16570,0,0.03,0,38.48
16571,0,0.0,0,31.13
16572,0,0.01,0,83.33
16573,0,0.0,0,28.33
16574,0,0.0,0,10.08
16575,0,0.0,0,110.42
16576,0,0.02,0,19.56
16577,0,0.05,0,36.51
16578,0,0.0,0,106.58
16579,0,0.0,0,43.54
16580,0,0.0,0,34.01
16581,0,0.01,0,33.68
16582,0,0.08,0,15.52
16583,0,0.0,0,29.22
16584,0,0.0,0,50.25
16585,0,0.0,0,197.88
16586,0,0.01,0,24.79
16587,0,0.0,0,57.33
16588,0,0.0,0,92.4
16589,0,0.0,0,33.6
16590,0,0.0,0,278.13
16591,0,0.0,0,47.71
16592,0,0.0,0,21.37
16593,0,0.0,0,32.6
16594,0,0.0,0,318.95
16595,0,0.0,0,64.25
16596,0,0.0,0,20.51
16597,0,0.0,0,95.08
16598,0,0.0,0,101.27
16599,0,0.0,0,333.66
16600,0,0.0,0,105.2
16601,0,0.0,0,3.87
16602,0,0.02,0,500.2
16603,0,0.0,0,4.98
16604,0,0.0,0,82.79
16605,0,0.0,0,22.9
16606,0,0.0,0,27.12
16607,0,0.0,0,104.65
16608,0,0.03,0,13.6
16609,0,0.01,0,97.02
16610,0,0.0,0,122.34
16611,0,0.0,0,67.89
16612,0,0.0,0,10.73
16613,1,0.67,1,35.27
16614,0,0.0,0,56.04
16615,0,0.0,0,32.32
16616,0,0.0,0,188.98
16617,0,0.0,0,298.91
16618,0,0.0,0,96.44
16619,0,0.0,0,13.68
16620,0,0.0,0,60.12
16621,0,0.03,0,92.17
16622,0,0.0,0,22.31
16623,0,0.0,0,83.32
16624,0,0.0,0,7.25
16625,0,0.0,0,7.08
16626,0,0.01,0,170.86
16627,0,0.01,0,69.99
16628,0,0.0,0,38.93
16629,0,0.01,0,6.92
16630,0,0.01,0,213.99
16631,0,0.0,0,33.02
16632,0,0.0,0,11.51
16633,0,0.0,0,133.24
16634,0,0.0,0,36.93
16635,0,0.0,0,175.37
16636,0,0.0,0,18.42
16637,0,0.0,0,92.6
16638,0,0.0,0,14.13
16639,0,0.01,0,133.37
16640,0,0.0,0,78.87
16641,0,0.01,0,120.56
16642,0,0.01,0,92.67
16643,0,0.05,0,615.45
16644,0,0.0,0,43.43
16645,0,0.0,0,49.03
16646,0,0.0,0,15.85
16647,0,0.0,0,294.97
16648,0,0.01,0,145.03
16649,0,0.0,0,115.09
16650,0,0.0,0,11.84
16651,0,0.0,0,36.06
16652,0,0.0,0,99.67
16653,0,0.01,0,17.75
16654,0,0.01,0,560.06
16655,0,0.0,0,60.1
16656,0,0.0,0,78.51
16657,0,0.01,0,616.35
16658,0,0.0,0,39.52
16659,0,0.0,0,65.15
16660,0,0.0,0,27.1
16661,0,0.01,0,26.46
16662,0,0.0,0,607.78
16663,0,0.02,0,23.14
16664,0,0.0,0,277.49
16665,0,0.0,0,6.88
16666,0,0.0,0,263.69
16667,0,0.0,0,49.75
16668,0,0.0,0,64.0
16669,0,0.03,0,66.61
16670,0,0.01,0,46.49
16671,0,0.0,0,16.35
16672,0,0.0,0,57.12
16673,0,0.0,0,242.01
16674,0,0.01,0,6.45
16675,0,0.0,0,17.87
16676,0,0.03,0,13.37
16677,0,0.01,0,621.14
16678,0,0.04,0,3184.45
16679,0,0.0,0,31.08
16680,0,0.0,0,91.76
16681,0,0.0,0,45.68
16682,0,0.0,0,289.18
16683,0,0.0,0,26.83
16684,0,0.0,0,72.23
16685,0,0.02,0,42.85
16686,0,0.0,0,16.65
16687,0,0.0,0,41.78
16688,0,0.0,0,66.23
16689,0,0.0,0,200.0
16690,0,0.0,0,69.34
16691,0,0.0,0,72.21
16692,0,0.0,0,335.77
16693,0,0.01,0,42.91
16694,0,0.0,0,12.8
16695,0,0.0,0,15.29
16696,0,0.0,0,52.07
16697,0,0.03,0,18.83
16698,0,0.0,0,76.59
16699,0,0.0,0,133.65
16700,0,0.0,0,73.37
16701,0,0.0,0,16.35
16702,0,0.0,0,23.56
16703,0,0.0,0,74.78
16704,0,0.07,0,151.53
16705,0,0.0,0,34.29
16706,0,0.0,0,319.46
16707,0,0.02,0,129.32
16708,0,0.0,0,27.48
16709,0,0.0,0,100.38
16710,0,0.0,0,156.65
16711,0,0.02,0,424.89
16712,0,0.0,0,11.82
16713,0,0.0,0,30.87
16714,0,0.0,0,4.76
16715,0,0.0,0,69.36
16716,0,0.0,0,426.6
16717,0,0.02,0,62.26
16718,0,0.03,0,4.93
16719,0,0.0,0,75.14
16720,0,0.01,0,26.56
16721,0,0.0,0,364.96
16722,0,0.0,0,36.79
16723,0,0.0,0,147.05
16724,0,0.0,0,53.09
16725,0,0.0,0,97.29
16726,0,0.0,0,67.46
16727,0,0.0,0,35.65
16728,0,0.0,0,89.02
16729,0,0.01,0,32.09
16730,0,0.08,0,170.83
16731,0,0.03,0,112.93
16732,0,0.01,0,150.89
16733,0,0.0,0,89.3
16734,0,0.0,0,131.39
16735,0,0.0,0,125.91
16736,0,0.02,0,205.12
16737,0,0.0,0,32.29
16738,0,0.0,0,56.83
16739,0,0.0,0,34.83
16740,0,0.0,0,58.64
16741,0,0.01,0,16.7
16742,0,0.0,0,226.57
16743,0,0.0,0,24.89
16744,0,0.0,0,28.33
16745,0,0.02,0,677.14
16746,0,0.0,0,70.81
16747,0,0.0,0,375.14
16748,0,0.01,0,9.96
16749,0,0.0,0,76.48
16750,0,0.0,0,200.11
16751,0,0.02,0,72.61
16752,0,0.01,0,43.99
16753,0,0.0,0,26.59
16754,0,0.0,0,214.52
16755,0,0.0,0,23.62
16756,0,0.01,0,149.4
16757,0,0.0,0,16.92
16758,0,0.08,0,953.15
16759,0,0.0,0,288.84
16760,0,0.01,0,608.35
16761,0,0.0,0,24.34
16762,0,0.0,0,85.71
16763,0,0.0,0,19.81
16764,0,0.0,0,295.09
16765,0,0.01,0,54.56
16766,0,0.0,0,12.08
16767,0,0.0,0,84.38
16768,0,0.0,0,57.57
16769,0,0.04,0,283.56
16770,0,0.0,0,135.04
16771,0,0.0,0,31.95
16772,0,0.0,0,38.46
16773,0,0.0,0,25.03
16774,0,0.01,0,8.95
16775,0,0.02,0,32.94
16776,0,0.0,0,36.15
16777,0,0.03,0,1628.59
16778,0,0.0,0,59.07
16779,0,0.0,0,45.71
16780,0,0.0,0,614.73
16781,0,0.0,0,106.43
16782,0,0.0,0,67.62
16783,0,0.0,0,111.3
16784,0,0.01,0,18.59
16785,0,0.01,0,121.29
16786,0,0.0,0,663.97
16787,0,0.0,0,40.86
16788,0,0.01,0,102.16
16789,0,0.0,0,68.39
16790,0,0.02,0,138.76
16791,0,0.0,0,6.2
16792,0,0.0,0,63.37
16793,0,0.0,0,308.15
16794,0,0.0,0,75.67
16795,0,0.0,0,16.84
16796,0,0.0,0,33.48
16797,0,0.0,0,28.37
16798,0,0.0,0,48.2
16799,0,0.0,0,59.8
16800,0,0.0,0,75.38
16801,0,0.0,0,69.27
16802,0,0.0,0,207.56
16803,0,0.0,0,117.43
16804,0,0.0,0,63.2
16805,0,0.0,0,58.67
16806,0,0.0,0,16.04
16807,0,0.0,0,373.7
16808,0,0.0,0,27.95
16809,0,0.01,0,70.47
16810,0,0.01,0,607.28
16811,0,0.01,0,42.92
16812,0,0.02,0,70.37
16813,0,0.02,0,87.76
16814,0,0.01,0,22.63
16815,0,0.0,0,23.62
16816,0,0.0,0,117.53
16817,0,0.01,0,9.16
16818,0,0.01,0,124.26
16819,0,0.0,0,616.2
16820,0,0.0,0,23.29
16821,0,0.0,0,16.69
16822,0,0.02,0,28.65
16823,0,0.0,0,70.15
16824,0,0.03,0,376.3
16825,0,0.0,0,98.09
16826,0,0.0,0,949.04
16827,0,0.01,0,22.64
16828,0,0.01,0,32.29
16829,0,0.0,0,27.94
16830,0,0.02,0,14.48
16831,0,0.0,0,107.93
16832,0,0.01,0,114.48
16833,0,0.01,0,65.52
16834,0,0.0,0,45.93
16835,0,0.02,0,22.14
16836,0,0.0,0,36.7
16837,0,0.01,0,4.46
16838,0,0.01,0,84.87
16839,0,0.0,0,43.3
16840,0,0.0,0,307.19
16841,0,0.02,0,204.8
16842,0,0.03,0,150.66
16843,0,0.0,0,223.99
16844,0,0.0,0,20.58
16845,0,0.0,0,17.7
16846,0,0.0,0,109.11
16847,0,0.02,0,4.63
16848,0,0.03,0,440.77
16849,0,0.0,0,11.86
16850,0,0.01,0,38.27
16851,0,0.02,0,34.82
16852,0,0.0,0,254.0
16853,0,0.0,0,49.31
16854,0,0.02,0,27.6
16855,0,0.0,0,86.4
16856,0,0.0,0,69.01
16857,0,0.0,0,105.53
16858,0,0.01,0,19.08
16859,0,0.01,0,13.83
16860,0,0.0,0,265.25
16861,0,0.0,0,18.18
16862,0,0.0,0,9.41
16863,0,0.0,0,37.9
16864,0,0.01,0,31.24
16865,0,0.01,0,186.13
16866,0,0.01,0,8.44
16867,0,0.0,0,34.5
16868,0,0.07,0,115.34
16869,0,0.02,0,176.21
16870,0,0.0,0,224.71
16871,0,0.0,0,87.91
16872,0,0.0,0,12.86
16873,0,0.0,0,15.95
16874,0,0.0,0,25.99
16875,0,0.0,0,30.79
16876,0,0.0,0,27.65
16877,0,0.0,0,208.41
16878,0,0.0,0,45.45
16879,0,0.0,0,41.59
16880,0,0.0,0,249.39
16881,0,0.0,0,54.56
16882,0,0.0,0,37.17
16883,0,0.09,0,124.87
16884,0,0.0,0,20.12
16885,0,0.01,0,44.91
16886,0,0.0,0,59.53
16887,0,0.01,0,168.06
16888,0,0.01,0,32.32
16889,0,0.0,0,26.67
16890,0,0.0,0,28.27
16891,0,0.0,0,48.05
16892,0,0.0,0,8.85
16893,0,0.0,0,29.21
16894,0,0.02,0,68.63
16895,0,0.0,0,14.73
16896,0,0.0,0,296.7
16897,0,0.0,0,52.63
16898,0,0.02,0,40.43
16899,0,0.01,0,340.17
16900,0,0.03,0,28.14
16901,0,0.0,0,22.49
16902,0,0.0,0,203.05
16903,0,0.0,0,104.81
16904,0,0.0,0,90.14
16905,0,0.0,0,201.68
16906,0,0.0,0,12.36
16907,0,0.0,0,97.73
16908,0,0.0,0,19.59
16909,0,0.0,0,27.86
16910,0,0.02,0,34.88
16911,0,0.0,0,9.56
16912,0,0.0,0,86.52
16913,0,0.0,0,38.05
16914,0,0.02,0,81.57
16915,0,0.0,0,13.01
16916,0,0.0,0,68.13
16917,0,0.0,0,122.99
16918,0,0.04,0,19.77
16919,0,0.0,0,139.38
16920,0,0.01,0,145.29
16921,0,0.0,0,13.58
16922,0,0.0,0,83.16
16923,0,0.03,0,6.6
16924,0,0.0,0,47.91
16925,0,0.0,0,25.11
16926,0,0.0,0,11.97
16927,0,0.0,0,12.21
16928,0,0.01,0,82.46
16929,0,0.0,0,218.89
16930,0,0.01,0,74.26
16931,0,0.0,0,30.83
16932,0,0.01,0,58.66
16933,0,0.0,0,97.21
16934,0,0.03,0,106.23
16935,0,0.0,0,130.4
16936,0,0.0,0,198.01
16937,0,0.0,0,12.92
16938,0,0.0,0,70.91
16939,0,0.03,0,162.74
16940,0,0.0,0,229.67
16941,0,0.0,0,289.1
16942,0,0.0,0,133.89
16943,0,0.0,0,16.81
16944,0,0.0,0,39.26
16945,0,0.0,0,81.14
16946,0,0.0,0,474.2
16947,0,0.0,0,80.47
16948,0,0.0,0,51.32
16949,0,0.01,0,468.4
16950,0,0.0,0,38.79
16951,0,0.0,0,248.14
16952,0,0.03,0,9.23
16953,0,0.02,0,189.93
16954,0,0.0,0,91.99
16955,0,0.0,0,216.2
16956,0,0.0,0,11.95
16957,0,0.0,0,278.14
16958,0,0.0,0,17.85
16959,0,0.0,0,161.15
16960,1,0.69,1,58.22
16961,0,0.0,0,167.12
16962,0,0.02,0,388.04
16963,0,0.01,0,6.63
16964,0,0.0,0,110.0
16965,0,0.01,0,106.64
16966,0,0.0,0,89.04
16967,0,0.0,0,58.54
16968,0,0.01,0,221.82
16969,0,0.0,0,7.3
16970,0,0.0,0,99.9
16971,0,0.06,0,464.56
16972,0,0.0,0,24.99
16973,0,0.0,0,203.76
16974,0,0.0,0,37.6
16975,0,0.0,0,842.98
16976,0,0.01,0,175.81
16977,0,0.0,0,8.22
16978,0,0.0,0,12.13
16979,0,0.0,0,55.71
16980,0,0.0,0,7.82
16981,0,0.01,0,90.49
16982,0,0.02,0,55.85
16983,0,0.01,0,266.26
16984,0,0.01,0,65.23
16985,0,0.0,0,15.47
16986,0,0.0,0,191.2
16987,0,0.04,0,2395.42
16988,0,0.01,0,708.31
16989,0,0.0,0,16.46
16990,0,0.0,0,109.61
16991,0,0.0,0,97.71
16992,0,0.0,0,173.75
16993,0,0.02,0,29.7
16994,0,0.0,0,577.44
16995,0,0.0,0,158.95
16996,0,0.02,0,85.13
16997,0,0.0,0,198.02
16998,0,0.01,0,51.85
16999,0,0.0,0,223.02
17000,0,0.01,0,31.77
17001,0,0.01,0,16.24
17002,0,0.0,0,756.19
17003,0,0.0,0,380.75
17004,0,0.01,0,14.75
17005,0,0.0,0,16.94
17006,0,0.0,0,43.54
17007,0,0.01,0,88.64
17008,0,0.01,0,24.28
17009,0,0.01,0,13.33
17010,0,0.01,0,91.61
17011,0,0.0,0,107.18
17012,0,0.0,0,37.5
17013,0,0.0,0,39.23
17014,0,0.0,0,120.31
17015,0,0.01,0,83.94
17016,0,0.0,0,25.29
17017,0,0.01,0,31.15
17018,0,0.0,0,11.92
17019,0,0.0,0,23.34
17020,0,0.0,0,124.65
17021,0,0.01,0,393.94
17022,0,0.03,0,165.96
17023,0,0.0,0,17.62
17024,0,0.01,0,40.58
17025,0,0.0,0,5.67
17026,0,0.01,0,27.07
17027,0,0.0,0,90.76
17028,0,0.04,0,73.83
17029,0,0.0,0,31.34
17030,0,0.0,0,24.61
17031,0,0.02,0,227.51
17032,0,0.0,0,168.93
17033,0,0.01,0,40.55
17034,0,0.0,0,45.63
17035,0,0.0,0,21.3
17036,0,0.0,0,27.13
17037,0,0.0,0,211.0
17038,0,0.0,0,35.96
17039,0,0.03,0,14.62
17040,0,0.0,0,11.09
17041,0,0.01,0,24.14
17042,0,0.0,0,32.89
17043,0,0.01,0,510.73
17044,0,0.0,0,59.69
17045,0,0.0,0,20.52
17046,0,0.0,0,268.93
17047,0,0.0,0,88.32
17048,0,0.0,0,21.21
17049,0,0.0,0,216.82
17050,0,0.03,0,435.87
17051,0,0.0,0,86.0
17052,0,0.03,0,136.85
17053,0,0.1,0,62.35
17054,0,0.0,0,118.56
17055,1,0.67,1,96.4
17056,0,0.01,0,8.11
17057,0,0.0,0,161.37
17058,0,0.0,0,40.66
17059,0,0.0,0,511.19
17060,0,0.0,0,35.2
17061,0,0.0,0,64.7
17062,0,0.04,0,34.46
17063,0,0.0,0,24.95
17064,0,0.0,0,123.74
17065,0,0.0,0,22.36
17066,0,0.0,0,161.92
17067,0,0.0,0,39.06
17068,0,0.0,0,28.42
17069,0,0.02,0,38.62
17070,0,0.0,0,34.55
17071,0,0.0,0,8.13
17072,0,0.04,0,162.65
17073,0,0.0,0,92.53
17074,0,0.0,0,19.47
17075,0,0.0,0,190.12
17076,0,0.0,0,36.38
17077,0,0.0,0,13.6
17078,0,0.0,0,11.26
17079,0,0.01,0,310.41
17080,0,0.0,0,12.22
17081,0,0.02,0,175.93
17082,0,0.0,0,55.96
17083,0,0.0,0,54.94
17084,0,0.0,0,5.5
17085,0,0.0,0,33.22
17086,0,0.0,0,42.38
17087,0,0.0,0,37.55
17088,0,0.0,0,36.48
17089,0,0.0,0,43.61
17090,0,0.0,0,125.02
17091,0,0.0,0,6.5
17092,0,0.0,0,28.69
17093,0,0.0,0,134.41
17094,0,0.01,0,70.74
17095,0,0.0,0,62.18
17096,0,0.0,0,187.08
17097,0,0.02,0,63.44
17098,0,0.01,0,68.92
17099,0,0.02,0,17.57
17100,0,0.0,0,290.07
17101,0,0.0,0,437.18
17102,0,0.0,0,38.3
17103,0,0.0,0,30.99
17104,0,0.0,0,105.06
17105,0,0.01,0,60.59
17106,0,0.0,0,9.23
17107,0,0.01,0,62.14
17108,0,0.0,0,22.3
17109,0,0.01,0,70.55
17110,0,0.0,0,78.96
17111,0,0.01,0,238.22
17112,0,0.02,0,10.24
17113,0,0.0,0,33.85
17114,0,0.02,0,991.3
17115,0,0.01,0,139.65
17116,0,0.0,0,34.85
17117,0,0.0,0,38.91
17118,0,0.07,0,13.82
17119,0,0.0,0,17.02
17120,0,0.0,0,160.43
17121,0,0.0,0,90.88
17122,0,0.0,0,56.05
17123,0,0.0,0,37.48
17124,0,0.03,0,609.2
17125,0,0.01,0,237.27
17126,0,0.0,0,78.76
17127,0,0.0,0,107.22
17128,0,0.0,0,6.6
17129,0,0.0,0,99.33
17130,0,0.02,0,530.25
17131,0,0.0,0,11.92
17132,0,0.0,0,25.06
17133,0,0.04,0,130.61
17134,0,0.0,0,178.15
17135,0,0.01,0,27.65
17136,0,0.0,0,30.3
17137,0,0.0,0,151.35
17138,0,0.0,0,55.07
17139,0,0.0,0,48.85
17140,0,0.0,0,106.5
17141,0,0.0,0,319.05
17142,0,0.0,0,75.91
17143,0,0.0,0,16.18
17144,0,0.0,0,132.07
17145,0,0.0,0,26.53
17146,0,0.0,0,396.27
17147,0,0.0,0,12.84
17148,0,0.02,0,91.63
17149,0,0.0,0,55.53
17150,0,0.0,0,26.04
17151,0,0.0,0,8.82
17152,0,0.0,0,46.64
17153,0,0.0,0,46.07
17154,0,0.0,0,56.0
17155,0,0.0,0,66.62
17156,0,0.0,0,196.66
17157,0,0.01,0,50.25
17158,0,0.0,0,20.19
17159,0,0.0,0,28.74
17160,0,0.01,0,552.9
17161,0,0.0,0,89.85
17162,1,0.74,1,40.2
17163,0,0.0,0,39.08
17164,0,0.0,0,32.99
17165,0,0.01,0,71.0
17166,0,0.0,0,49.29
17167,0,0.0,0,82.5
17168,0,0.04,0,281.76
17169,0,0.0,0,27.4
17170,0,0.0,0,22.05
17171,0,0.0,0,113.09
17172,0,0.02,0,204.24
17173,0,0.02,0,21.98
17174,0,0.0,0,2.46
17175,0,0.0,0,127.84
17176,0,0.0,0,138.19
17177,0,0.0,0,90.93
17178,0,0.0,0,16.11
17179,0,0.02,0,39.2
17180,0,0.0,0,15.78
17181,0,0.0,0,148.0
17182,0,0.02,0,81.75
17183,0,0.0,0,36.3
17184,0,0.02,0,84.05
17185,0,0.0,0,16.45
17186,0,0.03,0,25.66
17187,0,0.0,0,32.25
17188,0,0.0,0,108.66
17189,0,0.0,0,14.18
17190,0,0.04,0,262.61
17191,0,0.0,0,308.15
17192,0,0.0,0,48.73
17193,0,0.0,0,92.87
17194,0,0.0,0,37.06
17195,0,0.0,0,20.89
17196,0,0.0,0,43.27
17197,0,0.12,0,1376.26
17198,0,0.0,0,16.41
17199,0,0.0,0,17.23
17200,0,0.0,0,38.13
17201,0,0.0,0,25.23
17202,0,0.0,0,61.47
17203,0,0.0,0,280.24
17204,0,0.0,0,20.83
17205,0,0.04,0,3.92
17206,0,0.01,0,17.74
17207,0,0.0,0,274.82
17208,0,0.0,0,19.65
17209,0,0.0,0,212.49
17210,0,0.01,0,11.91
17211,0,0.0,0,114.41
17212,0,0.0,0,149.31
17213,0,0.01,0,1061.94
17214,0,0.0,0,40.41
17215,0,0.0,0,30.94
17216,0,0.0,0,14.95
17217,0,0.0,0,179.91
17218,1,0.63,1,13.33
17219,0,0.0,0,42.4
17220,0,0.02,0,77.78
17221,0,0.02,0,40.42
17222,0,0.05,0,38.57
17223,0,0.0,0,45.14
17224,0,0.0,0,27.54
17225,0,0.0,0,124.52
17226,0,0.0,0,107.02
17227,0,0.0,0,57.23
17228,0,0.0,0,35.77
17229,0,0.0,0,65.02
17230,0,0.0,0,67.46
17231,0,0.01,0,19.49
17232,0,0.0,0,122.01
17233,0,0.0,0,101.6
17234,0,0.02,0,204.9
17235,0,0.0,0,56.47
17236,0,0.0,0,13.19
17237,0,0.0,0,188.47
17238,0,0.01,0,3.32
17239,0,0.01,0,1236.02
17240,0,0.0,0,255.85
17241,0,0.0,0,16.08
17242,0,0.0,0,26.24
17243,0,0.02,0,90.78
17244,0,0.0,0,8.97
17245,0,0.01,0,577.94
17246,0,0.01,0,39.73
17247,0,0.0,0,50.24
17248,0,0.02,0,263.68
17249,0,0.0,0,48.79
17250,0,0.0,0,17.71
17251,0,0.0,0,9.96
17252,0,0.0,0,133.37
17253,0,0.0,0,8.08
17254,0,0.0,0,122.27
17255,0,0.0,0,11.35
17256,0,0.01,0,925.48
17257,0,0.0,0,274.09
17258,0,0.0,0,32.61
17259,0,0.0,0,289.75
17260,0,0.0,0,93.64
17261,0,0.0,0,29.18
17262,0,0.0,0,24.33
17263,0,0.0,0,44.37
17264,0,0.03,0,21.9
17265,0,0.0,0,43.3
17266,0,0.0,0,13.2
17267,0,0.0,0,55.19
17268,0,0.0,0,6.84
17269,0,0.03,0,149.93
17270,0,0.02,0,73.72
17271,0,0.02,0,227.68
17272,0,0.0,0,22.38
17273,0,0.0,0,293.15
17274,0,0.0,0,71.98
17275,0,0.0,0,48.77
17276,0,0.02,0,94.31
17277,0,0.0,0,7.78
17278,0,0.01,0,104.2
17279,0,0.02,0,251.61
17280,0,0.03,0,1023.09
17281,0,0.0,0,14.77
17282,0,0.01,0,198.24
17283,0,0.01,0,430.43
17284,0,0.01,0,423.4
17285,0,0.0,0,85.92
17286,0,0.0,0,89.73
17287,0,0.01,0,43.81
17288,0,0.0,0,26.53
17289,0,0.0,0,9.14
17290,0,0.0,0,69.77
17291,0,0.0,0,121.76
17292,0,0.0,0,20.85
17293,0,0.0,0,5.33
17294,0,0.0,0,78.23
17295,0,0.0,0,202.51
17296,0,0.02,0,197.38
17297,0,0.0,0,75.43
17298,0,0.0,0,34.51
17299,0,0.0,0,2.33
17300,0,0.0,0,43.71
17301,0,0.02,0,16.87
17302,0,0.0,0,62.37
17303,0,0.0,0,365.58
17304,0,0.0,0,47.93
17305,0,0.02,0,49.34
17306,0,0.0,0,18.46
17307,0,0.0,0,20.59
17308,0,0.0,0,6.51
17309,0,0.02,0,207.57
17310,0,0.06,0,7.39
17311,0,0.0,0,53.84
17312,0,0.0,0,243.22
17313,0,0.03,0,20.48
17314,1,0.65,1,579.84
17315,0,0.01,0,9.26
17316,0,0.0,0,84.01
17317,0,0.0,0,310.69
17318,0,0.01,0,63.6
17319,0,0.0,0,34.19
17320,0,0.0,0,41.92
17321,0,0.0,0,22.92
17322,0,0.01,0,40.06
17323,0,0.0,0,54.87
17324,0,0.01,0,134.9
17325,0,0.0,0,219.39
17326,0,0.0,0,403.47
17327,0,0.0,0,60.13
17328,0,0.0,0,50.17
17329,0,0.01,0,302.06
17330,0,0.0,0,227.96
17331,0,0.0,0,55.57
17332,0,0.0,0,22.44
17333,0,0.0,0,125.41
17334,0,0.0,0,35.81
17335,0,0.01,0,10.01
17336,1,0.63,1,1307.2
17337,0,0.0,0,68.99
17338,0,0.01,0,60.53
17339,0,0.0,0,12.74
17340,0,0.0,0,17.31
17341,0,0.0,0,44.01
17342,0,0.02,0,163.56
17343,0,0.01,0,984.42
17344,0,0.01,0,48.15
17345,0,0.0,0,75.22
17346,0,0.0,0,58.76
17347,0,0.0,0,55.44
17348,0,0.0,0,141.98
17349,0,0.02,0,336.25
17350,0,0.01,0,194.92
17351,0,0.0,0,157.48
17352,0,0.0,0,24.35
17353,0,0.0,0,94.07
17354,0,0.0,0,102.45
17355,0,0.01,0,83.29
17356,0,0.0,0,119.21
17357,0,0.0,0,74.96
17358,0,0.0,0,4.37
17359,0,0.01,0,236.94
17360,0,0.0,0,16.42
17361,0,0.01,0,749.12
17362,0,0.0,0,105.58
17363,0,0.0,0,221.25
17364,0,0.0,0,101.06
17365,0,0.0,0,95.3
17366,0,0.0,0,332.54
17367,0,0.0,0,64.99
17368,0,0.0,0,22.01
17369,0,0.0,0,155.2
17370,0,0.0,0,31.43
17371,0,0.0,0,478.32
17372,0,0.04,0,14.62
17373,0,0.0,0,33.85
17374,0,0.02,0,20.39
17375,0,0.0,0,201.08
17376,0,0.0,0,88.27
17377,0,0.0,0,104.72
17378,0,0.0,0,259.27
17379,0,0.0,0,28.19
17380,0,0.0,0,29.2
17381,0,0.01,0,70.36
17382,0,0.0,0,231.47
17383,0,0.0,0,18.88
17384,0,0.0,0,604.37
17385,0,0.01,0,45.93
17386,0,0.0,0,25.56
17387,0,0.0,0,70.36
17388,0,0.0,0,5.41
17389,0,0.0,0,38.69
17390,0,0.0,0,72.33
17391,0,0.0,0,46.21
17392,0,0.01,0,61.07
17393,0,0.0,0,50.61
17394,0,0.02,0,24.19
17395,0,0.0,0,698.0
17396,0,0.0,0,88.56
17397,0,0.0,0,167.3
17398,0,0.0,0,94.05
17399,0,0.02,0,56.2
17400,0,0.01,0,93.65
17401,0,0.03,0,601.87
17402,0,0.01,0,25.94
17403,0,0.03,0,791.68
17404,0,0.0,0,24.12
17405,0,0.0,0,10.19
17406,0,0.0,0,33.45
17407,0,0.01,0,20.59
17408,0,0.0,0,335.73
17409,0,0.0,0,71.44
17410,0,0.0,0,16.07
17411,0,0.0,0,132.53
17412,0,0.0,0,21.98
17413,0,0.02,0,145.12
17414,0,0.01,0,16.19
17415,0,0.0,0,50.15
17416,0,0.01,0,858.47
17417,0,0.0,0,5.37
17418,0,0.01,0,7.22
17419,0,0.0,0,45.82
17420,0,0.0,0,2.64
17421,0,0.01,0,29.29
17422,0,0.0,0,9.04
17423,0,0.0,0,22.87
17424,0,0.0,0,716.96
17425,0,0.0,0,13.44
17426,0,0.0,0,33.98
17427,0,0.0,0,36.63
17428,0,0.01,0,411.99
17429,0,0.01,0,21.35
17430,0,0.01,0,55.74
17431,0,0.0,0,53.37
17432,0,0.01,0,6.26
17433,0,0.0,0,72.73
17434,0,0.01,0,1.49
17435,0,0.0,0,637.65
17436,0,0.0,0,252.92
17437,0,0.01,0,64.92
17438,0,0.01,0,24.57
17439,0,0.01,0,29.4
17440,0,0.01,0,9.82
17441,0,0.0,0,17.05
17442,0,0.0,0,57.64
17443,0,0.0,0,134.0
17444,0,0.0,0,18.14
17445,0,0.0,0,34.05
17446,0,0.0,0,99.31
17447,0,0.0,0,244.29
17448,0,0.02,0,20.43
17449,0,0.0,0,5.78
17450,0,0.04,0,235.32
17451,0,0.0,0,54.29
17452,0,0.01,0,22.24
17453,1,0.7,1,149.39
17454,0,0.0,0,18.49
17455,0,0.01,0,22.78
17456,0,0.0,0,130.75
17457,0,0.0,0,104.78
17458,0,0.0,0,200.31
17459,0,0.0,0,210.93
17460,0,0.0,0,85.49
17461,0,0.02,0,113.69
17462,0,0.01,0,17.89
17463,0,0.0,0,43.58
17464,0,0.0,0,17.53
17465,0,0.0,0,50.07
17466,0,0.01,0,93.37
17467,0,0.0,0,3.2
17468,0,0.0,0,16.31
17469,0,0.0,0,42.37
17470,0,0.0,0,320.23
17471,0,0.02,0,47.98
17472,0,0.0,0,20.62
17473,0,0.0,0,50.62
17474,0,0.0,0,40.1
17475,0,0.01,0,29.11
17476,0,0.01,0,1967.46
17477,0,0.0,0,297.7
17478,1,0.63,1,926.58
17479,0,0.0,0,219.99
17480,0,0.0,0,12.52
17481,0,0.01,0,12.3
17482,0,0.0,0,54.26
17483,0,0.0,0,327.57
17484,0,0.0,0,44.27
17485,0,0.0,0,35.84
17486,0,0.0,0,22.12
17487,0,0.02,0,2193.53
17488,0,0.0,0,16.97
17489,0,0.0,0,320.61
17490,0,0.0,0,13.92
17491,0,0.03,0,114.76
17492,0,0.0,0,10.77
17493,1,0.65,1,291.29
17494,0,0.0,0,6.89
17495,0,0.0,0,42.19
17496,0,0.02,0,499.81
17497,0,0.0,0,8.63
17498,0,0.02,0,267.45
17499,0,0.0,0,1.65
17500,0,0.0,0,72.84
17501,0,0.0,0,24.37
17502,0,0.0,0,48.38
17503,0,0.02,0,27.7
17504,0,0.0,0,28.48
17505,0,0.0,0,1133.64
17506,0,0.0,0,438.59
17507,0,0.0,0,18.49
17508,0,0.0,0,47.91
17509,0,0.0,0,72.18
17510,0,0.0,0,37.38
17511,0,0.0,0,49.74
17512,0,0.0,0,98.92
17513,0,0.0,0,57.72
17514,0,0.0,0,101.01
17515,0,0.0,0,109.84
17516,0,0.01,0,82.03
17517,0,0.0,0,95.18
17518,0,0.0,0,268.68
17519,0,0.0,0,80.62
17520,0,0.0,0,204.61
17521,0,0.02,0,433.09
17522,0,0.0,0,67.52
17523,0,0.02,0,372.41
17524,0,0.0,0,438.33
17525,0,0.0,0,52.21
17526,0,0.0,0,73.99
17527,0,0.0,0,21.65
17528,0,0.0,0,37.67
17529,0,0.04,0,42.34
17530,0,0.0,0,50.45
17531,0,0.01,0,142.71
17532,0,0.0,0,204.37
17533,0,0.01,0,71.16
17534,0,0.0,0,11.98
17535,0,0.0,0,8.32
17536,0,0.0,0,78.34
17537,0,0.0,0,62.61
17538,0,0.04,0,29.89
17539,0,0.01,0,307.94
17540,1,0.69,1,85.54
17541,0,0.0,0,16.23
17542,0,0.0,0,118.68
17543,0,0.0,0,26.98
17544,0,0.0,0,130.36
17545,0,0.0,0,145.97
17546,0,0.02,0,371.39
17547,0,0.0,0,45.38
17548,0,0.0,0,10.2
17549,0,0.0,0,103.88
17550,0,0.0,0,18.61
17551,0,0.0,0,28.74
17552,0,0.0,0,28.2
17553,0,0.01,0,29.45
17554,0,0.0,0,265.49
17555,0,0.0,0,29.54
17556,0,0.0,0,27.24
17557,0,0.0,0,125.06
17558,0,0.0,0,68.85
17559,0,0.01,0,10.45
17560,0,0.01,0,762.85
17561,0,0.0,0,65.1
17562,0,0.0,0,77.3
17563,0,0.0,0,82.06
17564,0,0.0,0,16.34
17565,0,0.0,0,26.85
17566,0,0.01,0,24.7
17567,0,0.0,0,87.81
17568,0,0.0,0,39.7
17569,0,0.0,0,82.39
17570,0,0.0,0,221.85
17571,0,0.0,0,68.59
17572,0,0.0,0,6.98
17573,0,0.01,0,115.65
17574,0,0.0,0,485.09
17575,0,0.0,0,51.07
17576,0,0.04,0,531.87
17577,0,0.0,0,51.8
17578,0,0.0,0,173.32
17579,0,0.02,0,426.48
17580,0,0.0,0,281.6
17581,0,0.0,0,55.86
17582,0,0.0,0,12.86
17583,0,0.01,0,24.38
17584,0,0.0,0,8.72
17585,0,0.05,0,1027.3
17586,0,0.0,0,175.81
17587,0,0.0,0,197.88
17588,0,0.0,0,25.47
17589,0,0.01,0,58.07
17590,0,0.0,0,69.95
17591,0,0.03,0,16.8
17592,0,0.01,0,78.87
17593,0,0.02,0,576.23
17594,0,0.0,0,813.32
17595,0,0.0,0,108.58
17596,0,0.0,0,49.98
17597,0,0.0,0,75.05
17598,0,0.0,0,82.83
17599,0,0.0,0,43.54
17600,0,0.0,0,43.01
17601,0,0.02,0,513.55
17602,0,0.0,0,153.53
17603,0,0.0,0,23.72
17604,0,0.0,0,351.95
17605,0,0.0,0,39.92
17606,0,0.01,0,73.87
17607,0,0.0,0,24.44
17608,0,0.0,0,79.8
17609,0,0.0,0,1254.35
17610,0,0.0,0,79.43
17611,0,0.0,0,259.12
17612,0,0.0,0,80.83
17613,0,0.0,0,121.8
17614,0,0.0,0,9.12
17615,0,0.0,0,287.07
17616,0,0.0,0,34.37
17617,0,0.0,0,35.94
17618,0,0.03,0,490.46
17619,0,0.0,0,315.52
17620,0,0.0,0,5.61
17621,0,0.0,0,75.08
17622,0,0.0,0,177.27
17623,0,0.01,0,27.48
17624,0,0.0,0,473.73
17625,0,0.0,0,14.89
17626,0,0.0,0,28.25
17627,0,0.01,0,36.58
17628,0,0.0,0,4.84
17629,0,0.0,0,54.6
17630,0,0.0,0,49.88
17631,0,0.0,0,411.5
17632,0,0.02,0,92.62
17633,0,0.0,0,28.34
17634,0,0.0,0,44.45
17635,0,0.01,0,65.35
17636,0,0.0,0,52.43
17637,0,0.0,0,58.57
17638,0,0.0,0,63.2
17639,0,0.0,0,65.02
17640,0,0.0,0,57.03
17641,0,0.02,0,78.71
17642,0,0.0,0,17.5
17643,0,0.03,0,298.82
17644,0,0.01,0,26.07
17645,0,0.0,0,29.78
17646,0,0.0,0,54.02
17647,0,0.0,0,59.99
17648,0,0.0,0,101.83
17649,0,0.0,0,20.35
17650,0,0.04,0,34.66
17651,0,0.0,0,87.16
17652,0,0.01,0,25.87
17653,0,0.0,0,319.15
17654,0,0.0,0,201.29
17655,0,0.0,0,44.34
17656,0,0.0,0,144.13
17657,0,0.0,0,54.5
17658,0,0.0,0,318.0
17659,0,0.01,0,129.73
17660,0,0.0,0,153.0
17661,0,0.02,0,229.95
17662,0,0.01,0,23.63
17663,0,0.02,0,16.35
17664,0,0.02,0,30.85
17665,0,0.0,0,32.7
17666,0,0.0,0,48.64
17667,0,0.0,0,10.67
17668,0,0.01,0,159.53
17669,0,0.0,0,200.11
17670,0,0.0,0,25.1
17671,0,0.0,0,28.16
17672,0,0.0,0,31.63
17673,0,0.01,0,76.75
17674,0,0.0,0,47.32
17675,0,0.0,0,87.22
17676,0,0.0,0,13.96
17677,0,0.0,0,865.4
17678,0,0.0,0,27.63
17679,0,0.0,0,86.03
17680,0,0.0,0,61.22
17681,0,0.06,0,66.34
17682,0,0.0,0,14.54
17683,0,0.01,0,48.42
17684,0,0.01,0,132.02
17685,0,0.02,0,145.34
17686,0,0.0,0,75.55
17687,0,0.0,0,73.1
17688,0,0.09,0,91.06
17689,0,0.03,0,49.82
17690,0,0.0,0,465.87
17691,0,0.0,0,176.85
17692,0,0.0,0,117.26
17693,0,0.01,0,147.75
17694,0,0.0,0,52.23
17695,0,0.0,0,95.05
17696,0,0.0,0,166.48
17697,0,0.0,0,125.24
17698,0,0.0,0,37.03
17699,0,0.01,0,17.07
17700,0,0.0,0,92.57
17701,0,0.02,0,38.11
17702,0,0.01,0,192.26
17703,0,0.02,0,43.19
17704,0,0.0,0,7.44
17705,0,0.0,0,61.69
17706,0,0.04,0,40.58
17707,0,0.0,0,266.91
17708,0,0.0,0,57.23
17709,0,0.0,0,103.67
17710,0,0.0,0,36.84
17711,0,0.0,0,43.38
17712,0,0.0,0,37.32
17713,0,0.01,0,32.67
17714,0,0.0,0,183.48
17715,0,0.0,0,55.65
17716,0,0.0,0,73.97
17717,0,0.02,0,63.32
17718,0,0.0,0,143.1
17719,0,0.0,0,18.62
17720,0,0.03,0,100.8
17721,0,0.0,0,28.15
17722,0,0.0,0,15.54
17723,0,0.0,0,7.9
17724,0,0.0,0,805.34
17725,0,0.0,0,494.3
17726,0,0.0,0,45.05
17727,0,0.01,0,34.23
17728,0,0.03,0,22.99
17729,0,0.02,0,616.94
17730,0,0.01,0,522.46
17731,0,0.02,0,15.13
17732,0,0.0,0,16.12
17733,0,0.0,0,66.52
17734,0,0.0,0,9.91
17735,0,0.01,0,69.31
17736,0,0.04,0,233.84
17737,0,0.0,0,456.74
17738,0,0.0,0,35.71
17739,0,0.0,0,17.56
17740,0,0.0,0,86.21
17741,0,0.0,0,29.95
17742,0,0.0,0,475.4
17743,0,0.0,0,18.5
17744,0,0.01,0,6.76
17745,0,0.0,0,28.36
17746,0,0.01,0,857.56
17747,0,0.01,0,132.92
17748,0,0.02,0,50.0
17749,0,0.0,0,36.8
17750,0,0.0,0,19.42
17751,0,0.0,0,149.55
17752,0,0.0,0,621.99
17753,0,0.0,0,188.56
17754,0,0.0,0,67.76
17755,0,0.0,0,128.74
17756,0,0.0,0,113.69
17757,0,0.0,0,24.2
17758,0,0.02,0,118.84
17759,0,0.0,0,451.67
17760,0,0.03,0,21.49
17761,0,0.0,0,544.96
17762,0,0.0,0,48.12
17763,0,0.0,0,119.06
17764,0,0.0,0,72.26
17765,0,0.06,0,32.17
17766,0,0.0,0,64.15
17767,0,0.0,0,127.97
17768,0,0.0,0,8.25
17769,0,0.0,0,28.21
17770,0,0.0,0,29.83
17771,0,0.01,0,181.48
17772,0,0.0,0,14.14
17773,0,0.0,0,38.61
17774,0,0.0,0,86.32
17775,0,0.02,0,19.91
17776,0,0.0,0,23.98
17777,0,0.0,0,11.28
17778,0,0.0,0,8.33
17779,0,0.0,0,172.53
17780,0,0.0,0,22.73
17781,0,0.0,0,17.24
17782,0,0.01,0,3.25
17783,0,0.0,0,77.61
17784,0,0.0,0,37.53
17785,0,0.01,0,19.92
17786,0,0.02,0,24.24
17787,0,0.0,0,60.97
17788,0,0.0,0,58.16
17789,0,0.0,0,23.45
17790,0,0.0,0,58.85
17791,0,0.01,0,30.28
17792,0,0.0,0,3.59
17793,0,0.0,0,23.57
17794,0,0.0,0,146.2
17795,0,0.0,0,121.09
17796,0,0.0,0,22.91
17797,0,0.0,0,149.18
17798,0,0.02,0,10.4
17799,0,0.04,0,17.67
17800,0,0.0,0,129.31
17801,0,0.02,0,122.67
17802,0,0.0,0,22.3
17803,0,0.0,0,24.1
17804,0,0.0,0,37.0
17805,0,0.0,0,182.56
17806,0,0.0,0,20.99
17807,0,0.01,0,482.67
17808,0,0.0,0,96.41
17809,0,0.0,0,21.56
17810,0,0.01,0,50.43
17811,0,0.0,0,162.81
17812,0,0.0,0,7.58
17813,0,0.01,0,54.8
17814,0,0.0,0,49.01
17815,0,0.0,0,31.19
17816,0,0.01,0,24.31
17817,0,0.01,0,33.34
17818,0,0.05,0,33.77
17819,0,0.02,0,17.61
17820,0,0.0,0,25.11
17821,0,0.02,0,39.0
17822,0,0.03,0,354.37
17823,0,0.01,0,22.93
17824,0,0.0,0,36.15
17825,0,0.01,0,12.0
17826,0,0.0,0,63.61
17827,0,0.0,0,256.32
17828,0,0.0,0,39.82
17829,0,0.04,0,13.6
17830,0,0.02,0,357.51
17831,0,0.0,0,13.5
17832,0,0.0,0,22.94
17833,0,0.0,0,84.45
17834,0,0.01,0,49.33
17835,0,0.0,0,12.31
17836,0,0.03,0,14.68
17837,0,0.01,0,12.27
17838,0,0.0,0,63.03
17839,0,0.0,0,12.09
17840,0,0.01,0,39.29
17841,0,0.0,0,52.47
17842,0,0.0,0,82.56
17843,0,0.01,0,57.32
17844,0,0.0,0,32.6
17845,0,0.0,0,48.44
17846,0,0.0,0,14.03
17847,0,0.0,0,99.61
17848,0,0.0,0,678.49
17849,0,0.0,0,43.0
17850,0,0.0,0,34.55
17851,0,0.0,0,5.18
17852,0,0.0,0,43.11
17853,0,0.03,0,121.67
17854,0,0.0,0,287.35
17855,0,0.01,0,227.73
17856,0,0.0,0,86.28
17857,0,0.01,0,42.24
17858,0,0.01,0,30.24
17859,0,0.0,0,96.16
17860,0,0.0,0,25.44
17861,0,0.0,0,728.54
17862,0,0.0,0,18.29
17863,0,0.0,0,29.95
17864,0,0.0,0,98.6
17865,0,0.0,0,22.33
17866,0,0.0,0,63.32
17867,0,0.03,0,40.11
17868,0,0.0,0,89.89
17869,0,0.0,0,30.66
17870,0,0.0,0,30.36
17871,0,0.0,0,55.48
17872,0,0.02,0,1478.06
17873,0,0.0,0,43.47
17874,0,0.0,0,47.42
17875,0,0.0,0,5.97
17876,0,0.04,0,26.52
17877,0,0.0,0,41.32
17878,0,0.01,0,37.44
17879,0,0.0,0,40.18
17880,0,0.0,0,36.14
17881,0,0.0,0,17.09
17882,0,0.0,0,8.03
17883,0,0.0,0,123.66
17884,0,0.01,0,70.3
17885,0,0.02,0,40.45
17886,0,0.0,0,51.67
17887,0,0.0,0,50.64
17888,0,0.03,0,47.97
17889,0,0.0,0,320.67
17890,0,0.0,0,57.84
17891,0,0.0,0,36.62
17892,0,0.0,0,102.53
17893,0,0.0,0,58.26
17894,0,0.02,0,66.04
17895,0,0.0,0,118.6
17896,0,0.0,0,114.55
17897,0,0.01,0,28.51
17898,0,0.0,0,26.54
17899,0,0.0,0,87.82
17900,0,0.01,0,11.06
17901,0,0.0,0,31.62
17902,0,0.0,0,30.09
17903,0,0.0,0,20.06
17904,0,0.0,0,25.48
17905,0,0.0,0,29.85
17906,0,0.0,0,142.81
17907,0,0.0,0,31.32
17908,0,0.0,0,36.96
17909,0,0.0,0,82.42
17910,0,0.0,0,1255.05
17911,0,0.0,0,17.89
17912,0,0.01,0,117.97
17913,0,0.0,0,79.42
17914,0,0.01,0,112.24
17915,0,0.0,0,9.94
17916,0,0.0,0,88.5
17917,0,0.01,0,16.56
17918,0,0.0,0,91.41
17919,0,0.0,0,61.71
17920,0,0.01,0,24.94
17921,0,0.0,0,46.02
17922,0,0.0,0,18.89
17923,0,0.0,0,25.33
17924,0,0.0,0,46.11
17925,0,0.0,0,134.89
17926,0,0.0,0,2.89
17927,0,0.0,0,10.62
17928,0,0.0,0,17.82
17929,0,0.0,0,233.77
17930,0,0.0,0,111.2
17931,0,0.05,0,49.18
17932,0,0.03,0,49.64
17933,0,0.01,0,92.61
17934,0,0.0,0,12.7
17935,0,0.0,0,54.32
17936,0,0.0,0,78.65
17937,0,0.0,0,171.19
17938,0,0.0,0,121.45
17939,0,0.01,0,54.41
17940,0,0.0,0,30.65
17941,0,0.0,0,61.51
17942,0,0.01,0,14.83
17943,0,0.0,0,56.8
17944,0,0.0,0,214.92
17945,0,0.03,0,26.28
17946,0,0.0,0,56.27
17947,0,0.04,0,25.81
17948,0,0.0,0,125.95
17949,0,0.0,0,7.87
17950,0,0.0,0,346.81
17951,0,0.0,0,21.39
17952,0,0.01,0,42.3
17953,0,0.0,0,375.85
17954,0,0.0,0,25.07
17955,0,0.0,0,907.08
17956,0,0.0,0,27.37
17957,0,0.0,0,67.75
17958,0,0.0,0,24.89
17959,0,0.03,0,320.34
17960,0,0.01,0,27.26
17961,0,0.0,0,266.43
17962,0,0.0,0,49.34
17963,0,0.0,0,85.18
17964,0,0.01,0,159.65
17965,0,0.0,0,238.77
17966,0,0.0,0,52.94
17967,0,0.01,0,29.62
17968,0,0.0,0,16.26
17969,0,0.0,0,217.43
17970,0,0.0,0,44.8
17971,0,0.01,0,123.79
17972,0,0.0,0,50.0
17973,0,0.0,0,24.45
17974,0,0.01,0,89.7
17975,0,0.0,0,7.32
17976,0,0.0,0,130.88
17977,0,0.01,0,188.92
17978,0,0.0,0,28.97
17979,0,0.0,0,10.14
17980,0,0.0,0,38.38
17981,0,0.02,0,72.11
17982,0,0.0,0,6.88
17983,0,0.0,0,50.28
17984,0,0.06,0,18.83
17985,0,0.0,0,71.66
17986,0,0.0,0,37.05
17987,0,0.0,0,38.61
17988,1,0.6,1,2485.32
17989,0,0.01,0,31.13
17990,0,0.0,0,25.01
17991,0,0.0,0,1.06
17992,0,0.04,0,1864.44
17993,0,0.0,0,12.54
17994,0,0.0,0,50.41
17995,0,0.0,0,13.67
17996,0,0.0,0,273.75
17997,0,0.01,0,13.36
17998,0,0.01,0,109.78
17999,0,0.0,0,28.97
18000,0,0.0,0,59.31
18001,0,0.04,0,29.53
18002,0,0.0,0,309.32
18003,0,0.02,0,28.68
18004,0,0.0,0,55.94
18005,0,0.0,0,44.89
18006,0,0.01,0,122.72
18007,0,0.01,0,32.88
18008,0,0.0,0,22.06
18009,0,0.0,0,50.32
18010,0,0.0,0,28.79
18011,0,0.0,0,45.79
18012,0,0.12,0,387.15
18013,0,0.12,0,32.82
18014,0,0.01,0,550.19
18015,0,0.0,0,74.57
18016,0,0.03,0,1064.63
18017,0,0.01,0,19.81
18018,0,0.01,0,27.47
18019,0,0.01,0,28.79
18020,0,0.0,0,52.11
18021,0,0.01,0,29.81
18022,0,0.0,0,135.33
18023,0,0.0,0,444.39
18024,0,0.0,0,63.2
18025,0,0.0,0,46.97
18026,0,0.0,0,101.56
18027,0,0.0,0,120.29
18028,0,0.01,0,144.46
18029,0,0.0,0,2.37
18030,0,0.0,0,6.45
18031,0,0.0,0,4.73
18032,0,0.0,0,40.79
18033,0,0.0,0,27.25
18034,0,0.0,0,272.02
18035,0,0.0,0,36.17
18036,0,0.0,0,184.0
18037,0,0.03,0,28.5
18038,0,0.0,0,91.21
18039,0,0.0,0,53.38
18040,0,0.0,0,21.0
18041,0,0.0,0,80.57
18042,0,0.0,0,42.43
18043,0,0.0,0,32.58
18044,0,0.0,0,18.09
18045,0,0.0,0,21.39
18046,0,0.02,0,232.24
18047,0,0.0,0,42.33
18048,0,0.0,0,21.27
18049,0,0.03,0,366.56
18050,0,0.0,0,8.99
18051,0,0.0,0,74.37
18052,1,0.63,1,357.0
18053,0,0.0,0,79.15
18054,0,0.0,0,122.76
18055,1,0.69,1,876.58
18056,0,0.0,0,116.44
18057,0,0.0,0,152.55
18058,0,0.0,0,37.51
18059,1,0.6,1,270.52
18060,0,0.0,0,83.4
18061,0,0.01,0,139.6
18062,0,0.0,0,58.01
18063,0,0.02,0,12.29
18064,0,0.02,0,38.72
18065,0,0.0,0,45.6
18066,0,0.0,0,70.85
18067,0,0.0,0,137.83
18068,0,0.0,0,79.08
18069,0,0.01,0,10.33
18070,0,0.0,0,16.7
18071,0,0.0,0,107.68
18072,0,0.01,0,34.22
18073,0,0.0,0,78.63
18074,0,0.0,0,10.09
18075,0,0.02,0,156.22
18076,0,0.0,0,6.98
18077,0,0.0,0,79.35
18078,0,0.0,0,52.2
18079,0,0.0,0,31.98
18080,0,0.0,0,116.89
18081,0,0.0,0,17.32
18082,0,0.0,0,39.81
18083,0,0.01,0,194.16
18084,0,0.0,0,30.59
18085,0,0.0,0,319.96
18086,0,0.05,0,47.44
18087,0,0.03,0,11.2
18088,1,0.73,1,113.49
18089,0,0.0,0,12.27
18090,0,0.0,0,535.96
18091,0,0.0,0,110.17
18092,0,0.0,0,55.3
18093,0,0.01,0,53.67
18094,0,0.0,0,27.08
18095,0,0.01,0,62.27
18096,0,0.0,0,180.46
18097,0,0.02,0,110.98
18098,1,0.61,1,213.01
18099,1,0.57,1,54.78
18100,0,0.02,0,290.75
18101,0,0.01,0,21.06
18102,0,0.01,0,20.35
18103,0,0.0,0,142.24
18104,0,0.02,0,139.39
18105,0,0.03,0,17.12
18106,0,0.0,0,16.09
18107,0,0.0,0,236.11
18108,0,0.0,0,176.49
18109,0,0.0,0,117.62
18110,0,0.0,0,275.01
18111,0,0.0,0,106.27
18112,0,0.0,0,28.92
18113,0,0.0,0,36.14
18114,0,0.0,0,33.17
18115,0,0.0,0,53.72
18116,0,0.0,0,42.66
18117,0,0.07,0,168.49
18118,0,0.01,0,6.53
18119,0,0.01,0,53.68
18120,0,0.01,0,540.32
18121,0,0.0,0,121.59
18122,0,0.0,0,41.56
18123,0,0.0,0,34.56
18124,0,0.0,0,13.82
18125,0,0.0,0,65.59
18126,0,0.01,0,366.61
18127,0,0.0,0,73.27
18128,0,0.02,0,40.24
18129,0,0.0,0,77.99
18130,0,0.0,0,23.07
18131,0,0.0,0,39.34
18132,0,0.0,0,175.33
18133,0,0.0,0,108.61
18134,0,0.0,0,95.53
18135,0,0.0,0,719.79
18136,0,0.0,0,7.8
18137,0,0.0,0,37.7
18138,0,0.0,0,41.88
18139,0,0.0,0,6.26
18140,0,0.0,0,24.4
18141,0,0.0,0,109.78
18142,0,0.0,0,29.87
18143,0,0.06,0,803.04
18144,0,0.0,0,126.09
18145,0,0.0,0,73.75
18146,0,0.0,0,25.01
18147,0,0.0,0,53.0
18148,0,0.0,0,27.45
18149,0,0.0,0,49.28
18150,0,0.0,0,88.59
18151,0,0.04,0,9.74
18152,0,0.0,0,32.69
18153,0,0.0,0,23.02
18154,0,0.0,0,36.16
18155,0,0.0,0,452.8
18156,0,0.0,0,25.04
18157,0,0.0,0,26.28
18158,0,0.03,0,64.92
18159,0,0.0,0,324.55
18160,0,0.05,0,75.62
18161,0,0.0,0,704.14
18162,0,0.0,0,57.05
18163,0,0.0,0,124.52
18164,0,0.0,0,148.17
18165,0,0.0,0,156.61
18166,0,0.0,0,104.74
18167,0,0.0,0,32.98
18168,0,0.01,0,27.23
18169,0,0.0,0,68.19
18170,0,0.0,0,21.92
18171,0,0.0,0,24.27
18172,0,0.0,0,53.9
18173,0,0.0,0,103.0
18174,0,0.0,0,19.61
18175,0,0.01,0,39.63
18176,0,0.0,0,29.58
18177,0,0.0,0,206.13
18178,0,0.0,0,49.93
18179,0,0.01,0,10.96
18180,0,0.0,0,44.26
18181,0,0.0,0,124.69
18182,0,0.03,0,62.49
18183,0,0.0,0,112.8
18184,0,0.0,0,48.6
18185,1,0.76,1,83.06
18186,0,0.01,0,11.81
18187,0,0.0,0,164.2
18188,0,0.02,0,14.77
18189,0,0.02,0,12.21
18190,0,0.0,0,36.54
18191,0,0.01,0,101.64
18192,0,0.0,0,178.7
18193,0,0.0,0,110.48
18194,0,0.0,0,75.49
18195,1,0.63,1,8.86
18196,0,0.0,0,65.82
18197,0,0.0,0,102.1
18198,0,0.0,0,28.93
18199,0,0.0,0,49.96
18200,0,0.0,0,56.68
18201,1,0.63,1,35.1
18202,0,0.03,0,117.1
18203,0,0.0,0,34.7
18204,0,0.02,0,21.13
18205,0,0.0,0,114.02
18206,0,0.0,0,12.9
18207,0,0.0,0,15.98
18208,0,0.01,0,142.72
18209,0,0.05,0,41.3
18210,0,0.0,0,6.3
18211,0,0.0,0,56.53
18212,1,0.65,1,782.7
18213,0,0.0,0,725.03
18214,0,0.0,0,91.2
18215,0,0.0,0,456.24
18216,0,0.0,0,566.76
18217,0,0.0,0,46.25
18218,0,0.01,0,30.78
18219,0,0.01,0,65.61
18220,0,0.0,0,182.64
18221,0,0.0,0,126.15
18222,0,0.0,0,160.37
18223,0,0.01,0,121.9
18224,0,0.01,0,11.18
18225,0,0.0,0,191.46
18226,0,0.0,0,20.71
18227,0,0.0,0,28.22
18228,0,0.01,0,33.32
18229,0,0.0,0,332.02
18230,0,0.0,0,425.48
18231,0,0.0,0,143.26
18232,0,0.0,0,134.35
18233,0,0.0,0,18.63
18234,0,0.01,0,167.66
18235,0,0.03,0,11.75
18236,0,0.0,0,19.52
18237,0,0.02,0,236.93
18238,0,0.04,0,265.34
18239,0,0.01,0,12.75
18240,0,0.0,0,31.93
18241,0,0.0,0,344.61
18242,0,0.0,0,64.17
18243,0,0.01,0,819.89
18244,0,0.0,0,42.8
18245,0,0.0,0,93.1
18246,0,0.0,0,122.26
18247,0,0.03,0,74.46
18248,0,0.0,0,24.06
18249,0,0.0,0,10.13
18250,0,0.0,0,41.19
18251,0,0.0,0,102.34
18252,0,0.0,0,57.85
18253,0,0.01,0,18.09
18254,0,0.01,0,23.41
18255,0,0.03,0,44.79
18256,0,0.0,0,79.15
18257,0,0.0,0,182.4
18258,0,0.0,0,17.62
18259,0,0.04,0,157.73
18260,0,0.01,0,588.56
18261,0,0.0,0,44.26
18262,0,0.0,0,17.71
18263,0,0.0,0,22.12
18264,0,0.0,0,15.36
18265,0,0.0,0,30.92
18266,0,0.01,0,55.63
18267,0,0.0,0,17.72
18268,0,0.0,0,221.43
18269,0,0.0,0,39.26
18270,0,0.0,0,56.97
18271,0,0.0,0,83.34
18272,0,0.0,0,38.73
18273,0,0.01,0,17.83
18274,0,0.0,0,296.47
18275,0,0.0,0,141.16
18276,0,0.0,0,27.43
18277,0,0.01,0,147.55
18278,0,0.0,0,329.96
18279,0,0.0,0,47.95
18280,0,0.0,0,48.22
18281,0,0.0,0,81.34
18282,0,0.01,0,23.77
18283,0,0.02,0,125.97
18284,0,0.02,0,754.23
18285,0,0.0,0,247.92
18286,0,0.03,0,28.2
18287,0,0.0,0,6.71
18288,0,0.0,0,18.31
18289,0,0.0,0,85.96
18290,0,0.0,0,126.62
18291,0,0.02,0,63.44
18292,0,0.01,0,936.95
18293,0,0.01,0,22.92
18294,0,0.01,0,39.76
18295,0,0.0,0,35.71
18296,0,0.0,0,113.51
18297,0,0.0,0,36.09
18298,0,0.02,0,57.81
18299,0,0.0,0,22.79
18300,0,0.0,0,13.3
18301,0,0.0,0,44.19
18302,0,0.01,0,113.59
18303,0,0.01,0,17.74
18304,0,0.01,0,177.34
18305,0,0.01,0,62.04
18306,0,0.0,0,7.22
18307,0,0.0,0,51.94
18308,0,0.0,0,37.06
18309,0,0.02,0,159.03
18310,0,0.07,0,306.79
18311,0,0.0,0,4.85
18312,0,0.01,0,274.0
18313,0,0.0,0,28.38
18314,0,0.0,0,72.99
18315,0,0.03,0,300.62
18316,0,0.01,0,34.59
18317,0,0.0,0,11.81
18318,0,0.0,0,38.82
18319,0,0.0,0,74.96
18320,0,0.0,0,90.04
18321,0,0.0,0,99.4
18322,0,0.03,0,33.35
18323,0,0.0,0,10.04
18324,0,0.0,0,34.18
18325,0,0.0,0,100.82
18326,0,0.0,0,203.98
18327,0,0.0,0,35.05
18328,0,0.01,0,228.69
18329,0,0.04,0,85.84
18330,0,0.02,0,33.5
18331,0,0.03,0,112.72
18332,0,0.01,0,26.17
18333,0,0.0,0,631.61
18334,0,0.04,0,29.27
18335,0,0.0,0,72.68
18336,0,0.0,0,10.28
18337,0,0.01,0,265.77
18338,0,0.0,0,111.77
18339,0,0.0,0,190.38
18340,0,0.0,0,358.19
18341,0,0.0,0,265.7
18342,0,0.0,0,24.59
18343,0,0.01,0,62.97
18344,0,0.0,0,44.59
18345,0,0.01,0,50.08
18346,0,0.07,0,43.62
18347,0,0.0,0,66.4
18348,0,0.0,0,143.92
18349,0,0.05,0,108.05
18350,0,0.0,0,84.83
18351,0,0.0,0,22.22
18352,0,0.0,0,27.0
18353,0,0.0,0,823.75
18354,0,0.0,0,24.59
18355,0,0.0,0,32.15
18356,0,0.0,0,78.18
18357,0,0.06,0,39.8
18358,0,0.0,0,21.81
18359,0,0.08,0,352.3
18360,0,0.0,0,18.61
18361,0,0.04,0,79.92
18362,0,0.01,0,43.05
18363,0,0.01,0,8.98
18364,0,0.0,0,85.86
18365,0,0.0,0,22.62
18366,0,0.0,0,21.3
18367,0,0.0,0,82.15
18368,0,0.0,0,22.9
18369,0,0.0,0,239.73
18370,0,0.02,0,125.29
18371,0,0.03,0,15.69
18372,0,0.0,0,27.25
18373,0,0.0,0,38.75
18374,0,0.0,0,14.95
18375,0,0.01,0,46.53
18376,0,0.0,0,28.6
18377,0,0.02,0,104.61
18378,0,0.02,0,52.86
18379,0,0.02,0,53.65
18380,0,0.0,0,3.37
18381,0,0.0,0,98.87
18382,0,0.0,0,146.24
18383,0,0.01,0,71.91
18384,0,0.0,0,40.87
18385,0,0.0,0,139.2
18386,0,0.0,0,87.97
18387,0,0.0,0,59.07
18388,0,0.03,0,8.35
18389,0,0.01,0,63.77
18390,0,0.01,0,67.5
18391,0,0.0,0,19.24
18392,0,0.0,0,163.19
18393,0,0.0,0,11.26
18394,0,0.0,0,257.35
18395,0,0.01,0,154.95
18396,0,0.0,0,137.63
18397,0,0.01,0,144.87
18398,0,0.0,0,47.12
18399,1,0.66,1,115.66
18400,0,0.02,0,68.32
18401,0,0.0,0,98.8
18402,0,0.04,0,52.57
18403,0,0.09,0,105.26
18404,0,0.0,0,37.88
18405,0,0.0,0,36.4
18406,0,0.0,0,11.35
18407,0,0.0,0,68.21
18408,0,0.0,0,1145.05
18409,0,0.0,0,58.9
18410,0,0.03,0,31.7
18411,0,0.01,0,76.88
18412,0,0.0,0,647.52
18413,0,0.0,0,23.36
18414,0,0.01,0,69.36
18415,1,0.66,1,62.74
18416,0,0.01,0,61.31
18417,0,0.0,0,36.46
18418,0,0.02,0,302.69
18419,0,0.09,0,49.32
18420,0,0.01,0,56.22
18421,0,0.0,0,638.28
18422,0,0.0,0,43.33
18423,0,0.01,0,249.15
18424,0,0.02,0,176.33
18425,0,0.0,0,97.51
18426,0,0.01,0,12.41
18427,0,0.01,0,145.18
18428,0,0.0,0,29.02
18429,0,0.02,0,80.16
18430,0,0.0,0,142.45
18431,0,0.0,0,79.31
18432,0,0.0,0,30.78
18433,0,0.0,0,32.43
18434,0,0.05,0,64.6
18435,0,0.0,0,241.49
18436,0,0.0,0,95.3
18437,0,0.0,0,132.47
18438,0,0.0,0,62.39
18439,0,0.0,0,92.31
18440,0,0.01,0,25.61
18441,0,0.05,0,12.3
18442,0,0.0,0,32.36
18443,0,0.0,0,52.28
18444,0,0.0,0,562.99
18445,0,0.0,0,971.52
18446,0,0.0,0,480.18
18447,0,0.0,0,92.07
18448,0,0.0,0,38.62
18449,0,0.01,0,42.46
18450,0,0.0,0,18.34
18451,0,0.0,0,25.99
18452,0,0.0,0,38.65
18453,0,0.01,0,301.14
18454,1,0.66,1,22.9
18455,0,0.0,0,27.1
18456,0,0.0,0,5.61
18457,0,0.0,0,80.01
18458,0,0.06,0,361.55
18459,0,0.0,0,116.2
18460,0,0.01,0,98.71
18461,0,0.0,0,113.82
18462,0,0.01,0,24.41
18463,0,0.0,0,87.64
18464,0,0.0,0,11.41
18465,0,0.01,0,172.37
18466,0,0.0,0,48.86
18467,0,0.0,0,46.1
18468,0,0.01,0,1229.93
18469,0,0.0,0,24.89
18470,0,0.02,0,199.59
18471,0,0.01,0,62.99
18472,0,0.02,0,54.58
18473,0,0.0,0,184.04
18474,0,0.06,0,53.37
18475,0,0.0,0,94.1
18476,0,0.0,0,259.49
18477,0,0.0,0,35.17
18478,0,0.0,0,108.25
18479,0,0.0,0,75.54
18480,0,0.01,0,115.94
18481,0,0.01,0,10.33
18482,0,0.0,0,303.64
18483,0,0.0,0,25.29
18484,0,0.0,0,18.03
18485,0,0.0,0,662.46
18486,0,0.02,0,84.74
18487,0,0.0,0,8.76
18488,0,0.0,0,63.26
18489,0,0.01,0,20.17
18490,0,0.01,0,102.18
18491,0,0.0,0,46.31
18492,0,0.0,0,71.73
18493,0,0.0,0,71.75
18494,0,0.02,0,49.19
18495,0,0.03,0,11.19
18496,0,0.01,0,62.43
18497,0,0.0,0,35.54
18498,0,0.0,0,201.55
18499,0,0.0,0,33.83
18500,0,0.0,0,21.49
18501,0,0.0,0,22.28
18502,0,0.01,0,21.51
18503,0,0.0,0,456.26
18504,0,0.0,0,13.46
18505,0,0.0,0,48.21
18506,0,0.02,0,40.79
18507,0,0.0,0,6.98
18508,0,0.0,0,61.84
18509,0,0.04,0,70.36
18510,0,0.01,0,12.7
18511,0,0.0,0,82.15
18512,0,0.0,0,75.52
18513,0,0.01,0,9.72
18514,0,0.0,0,2473.73
18515,0,0.01,0,36.7
18516,0,0.0,0,15.93
18517,0,0.0,0,50.28
18518,0,0.0,0,179.61
18519,0,0.0,0,148.26
18520,0,0.0,0,3.7
18521,0,0.08,0,67.85
18522,0,0.01,0,9.99
18523,0,0.0,0,28.28
18524,0,0.0,0,28.66
18525,0,0.0,0,161.25
18526,0,0.0,0,12.58
18527,0,0.03,0,14.4
18528,0,0.01,0,63.84
18529,0,0.0,0,49.65
18530,0,0.0,0,32.33
18531,0,0.0,0,28.14
18532,0,0.01,0,34.76
18533,0,0.0,0,21.97
18534,0,0.0,0,62.17
18535,0,0.0,0,24.74
18536,0,0.0,0,178.16
18537,0,0.0,0,199.4
18538,0,0.01,0,28.6
18539,0,0.0,0,17.66
18540,0,0.0,0,472.42
18541,0,0.0,0,177.89
18542,0,0.0,0,151.31
18543,0,0.03,0,42.0
18544,0,0.02,0,2329.81
18545,0,0.0,0,27.19
18546,0,0.0,0,23.46
18547,0,0.0,0,27.72
18548,0,0.02,0,7.78
18549,0,0.0,0,76.69
18550,0,0.0,0,19.21
18551,0,0.0,0,9.71
18552,0,0.0,0,588.52
18553,0,0.01,0,121.03
18554,0,0.02,0,775.59
18555,0,0.01,0,37.34
18556,0,0.03,0,15.27
18557,0,0.0,0,206.69
18558,0,0.0,0,17.87
18559,0,0.0,0,1060.5
18560,0,0.01,0,26.39
18561,0,0.0,0,440.24
18562,0,0.01,0,276.21
18563,0,0.0,0,13.26
18564,0,0.0,0,222.19
18565,0,0.0,0,15.31
18566,0,0.0,0,89.52
18567,0,0.0,0,10.47
18568,0,0.0,0,40.7
18569,1,0.68,1,29.74
18570,0,0.0,0,3.35
18571,0,0.0,0,73.44
18572,0,0.0,0,78.32
18573,0,0.0,0,10.35
18574,0,0.03,0,2.89
18575,0,0.0,0,4.08
18576,0,0.01,0,128.81
18577,0,0.0,0,267.72
18578,0,0.0,0,5.63
18579,0,0.0,0,330.89
18580,0,0.0,0,129.9
18581,0,0.03,0,553.94
18582,0,0.0,0,104.95
18583,0,0.0,0,11.17
18584,0,0.0,0,20.27
18585,0,0.0,0,19.03
18586,0,0.0,0,5.06
18587,0,0.0,0,73.56
18588,0,0.0,0,22.43
18589,0,0.02,0,958.88
18590,0,0.0,0,25.67
18591,0,0.0,0,130.34
18592,0,0.0,0,76.32
18593,0,0.0,0,127.17
18594,0,0.0,0,30.45
18595,0,0.01,0,55.46
18596,0,0.0,0,83.18
18597,0,0.0,0,125.27
18598,0,0.01,0,147.15
18599,0,0.0,0,73.98
18600,0,0.01,0,232.48
18601,0,0.0,0,60.74
18602,0,0.0,0,48.39
18603,0,0.0,0,50.72
18604,0,0.01,0,1091.49
18605,0,0.0,0,25.35
18606,0,0.0,0,7.13
18607,0,0.03,0,134.4
18608,0,0.0,0,92.43
18609,0,0.0,0,77.81
18610,0,0.05,0,5.07
18611,0,0.02,0,21.25
18612,0,0.01,0,224.06
18613,0,0.02,0,97.98
18614,0,0.01,0,107.53
18615,0,0.07,0,82.44
18616,0,0.0,0,35.61
18617,0,0.0,0,12.36
18618,0,0.0,0,127.93
18619,0,0.0,0,59.98
18620,1,0.7,1,19.1
18621,0,0.01,0,507.19
18622,0,0.0,0,52.63
18623,0,0.05,0,134.47
18624,0,0.0,0,114.07
18625,0,0.0,0,30.56
18626,0,0.0,0,81.93
18627,0,0.0,0,165.62
18628,0,0.0,0,47.01
18629,0,0.0,0,282.24
18630,0,0.0,0,19.11
18631,0,0.0,0,16.47
18632,0,0.0,0,28.26
18633,0,0.0,0,33.28
18634,0,0.02,0,23.45
18635,0,0.04,0,54.13
18636,0,0.0,0,59.1
18637,0,0.0,0,34.89
18638,0,0.0,0,45.72
18639,0,0.0,0,9.46
18640,0,0.0,0,12.76
18641,0,0.0,0,4.16
18642,0,0.0,0,12.15
18643,0,0.0,0,18.32
18644,0,0.0,0,34.25
18645,0,0.0,0,60.7
18646,0,0.0,0,32.92
18647,0,0.0,0,26.48
18648,0,0.0,0,264.69
18649,0,0.0,0,221.9
18650,0,0.0,0,18.33
18651,0,0.0,0,122.19
18652,0,0.0,0,276.49
18653,0,0.0,0,110.55
18654,0,0.01,0,141.29
18655,0,0.0,0,48.36
18656,0,0.04,0,16.39
18657,0,0.0,0,831.27
18658,0,0.01,0,36.36
18659,0,0.04,0,77.56
18660,0,0.02,0,141.51
18661,0,0.0,0,156.1
18662,0,0.01,0,105.85
18663,0,0.0,0,2.98
18664,0,0.0,0,43.11
18665,0,0.01,0,9.71
18666,0,0.05,0,34.1
18667,0,0.0,0,192.8
18668,0,0.05,0,106.97
18669,0,0.01,0,207.16
18670,0,0.0,0,72.39
18671,0,0.02,0,24.0
18672,0,0.01,0,94.29
18673,0,0.0,0,17.9
18674,0,0.0,0,86.54
18675,0,0.01,0,8.69
18676,0,0.0,0,24.59
18677,0,0.0,0,24.52
18678,0,0.01,0,56.52
18679,0,0.0,0,16.98
18680,0,0.0,0,20.26
18681,0,0.0,0,27.18
18682,0,0.0,0,271.01
18683,0,0.0,0,76.72
18684,0,0.01,0,15.73
18685,0,0.01,0,65.25
18686,0,0.0,0,107.34
18687,0,0.0,0,244.11
18688,0,0.03,0,8.78
18689,0,0.01,0,1.32
18690,0,0.0,0,231.65
18691,0,0.01,0,993.47
18692,0,0.0,0,1094.62
18693,0,0.0,0,123.97
18694,0,0.0,0,97.56
18695,0,0.0,0,25.92
18696,0,0.02,0,20.69
18697,0,0.0,0,356.57
18698,0,0.01,0,25.67
18699,0,0.04,0,24.41
18700,0,0.0,0,93.0
18701,0,0.0,0,26.16
18702,0,0.0,0,27.3
18703,0,0.02,0,13.99
18704,0,0.0,0,307.38
18705,0,0.0,0,65.66
18706,0,0.0,0,22.22
18707,0,0.01,0,218.8
18708,0,0.0,0,213.44
18709,0,0.04,0,6.24
18710,0,0.04,0,79.32
18711,0,0.01,0,177.78
18712,0,0.0,0,16.58
18713,0,0.0,0,20.49
18714,0,0.0,0,137.38
18715,0,0.0,0,66.29
18716,0,0.02,0,4.69
18717,0,0.01,0,24.82
18718,0,0.0,0,64.38
18719,0,0.0,0,70.42
18720,0,0.0,0,10.15
18721,0,0.03,0,13.29
18722,0,0.01,0,241.1
18723,0,0.0,0,23.85
18724,0,0.01,0,132.69
18725,0,0.0,0,280.21
18726,1,0.69,1,19.83
18727,0,0.0,0,78.42
18728,0,0.01,0,1113.15
18729,0,0.0,0,174.69
18730,0,0.0,0,345.75
18731,0,0.0,0,23.29
18732,0,0.0,0,32.16
18733,0,0.0,0,70.16
18734,0,0.0,0,35.6
18735,0,0.0,0,114.84
18736,0,0.01,0,37.08
18737,0,0.0,0,61.17
18738,0,0.0,0,48.34
18739,0,0.0,0,42.77
18740,0,0.0,0,492.42
18741,0,0.0,0,34.38
18742,0,0.0,0,185.06
18743,0,0.0,0,289.4
18744,0,0.0,0,25.88
18745,0,0.01,0,54.25
18746,0,0.0,0,31.34
18747,0,0.0,0,8.77
18748,0,0.0,0,27.42
18749,0,0.01,0,357.97
18750,0,0.0,0,29.82
18751,0,0.0,0,50.66
18752,0,0.0,0,33.81
18753,0,0.0,0,20.14
18754,0,0.0,0,11.31
18755,0,0.0,0,20.8
18756,0,0.0,0,86.37
18757,0,0.0,0,215.01
18758,0,0.0,0,41.34
18759,0,0.0,0,14.33
18760,0,0.0,0,13.1
18761,0,0.0,0,77.89
18762,0,0.01,0,101.39
18763,0,0.0,0,83.86
18764,0,0.0,0,24.6
18765,0,0.0,0,92.95
18766,1,0.66,1,12.18
18767,0,0.0,0,33.26
18768,0,0.04,0,3126.88
18769,0,0.0,0,233.1
18770,0,0.0,0,28.95
18771,0,0.0,0,24.94
18772,0,0.0,0,27.17
18773,0,0.0,0,58.98
18774,0,0.0,0,37.66
18775,0,0.0,0,53.92
18776,0,0.0,0,28.01
18777,0,0.0,0,14.23
18778,0,0.01,0,65.49
18779,0,0.0,0,43.67
18780,0,0.04,0,78.09
18781,0,0.0,0,60.04
18782,0,0.02,0,49.27
18783,0,0.01,0,16.05
18784,0,0.0,0,93.32
18785,0,0.0,0,91.0
18786,0,0.0,0,21.7
18787,0,0.0,0,106.55
18788,0,0.0,0,35.06
18789,0,0.0,0,51.84
18790,0,0.0,0,32.92
18791,0,0.0,0,45.01
18792,0,0.0,0,30.84
18793,0,0.0,0,23.71
18794,0,0.0,0,38.64
18795,0,0.0,0,129.28
18796,0,0.0,0,63.74
18797,0,0.02,0,322.84
18798,0,0.0,0,113.94
18799,0,0.0,0,59.23
18800,0,0.0,0,20.2
18801,0,0.01,0,94.44
18802,0,0.06,0,1046.4
18803,0,0.01,0,1745.46
18804,0,0.01,0,16.77
18805,0,0.0,0,163.36
18806,0,0.0,0,26.87
18807,0,0.0,0,21.27
18808,0,0.0,0,15.98
18809,0,0.0,0,161.32
18810,0,0.0,0,916.95
18811,0,0.0,0,76.17
18812,0,0.0,0,22.41
18813,0,0.0,0,11.96
18814,1,0.72,1,27.6
18815,0,0.0,0,46.74
18816,0,0.03,0,25.73
18817,0,0.0,0,211.42
18818,0,0.0,0,53.97
18819,0,0.0,0,51.16
18820,0,0.0,0,17.03
18821,0,0.0,0,8.09
18822,0,0.01,0,2.1
18823,0,0.0,0,86.79
18824,0,0.0,0,311.55
18825,0,0.0,0,15.82
18826,0,0.02,0,1638.21
18827,0,0.0,0,12.81
18828,0,0.0,0,39.09
18829,0,0.0,0,47.82
18830,0,0.03,0,15.56
18831,0,0.0,0,144.09
18832,0,0.0,0,58.65
18833,0,0.04,0,7.35
18834,0,0.03,0,196.68
18835,0,0.0,0,13.81
18836,0,0.0,0,11.5
18837,0,0.03,0,53.19
18838,0,0.0,0,55.16
18839,0,0.0,0,43.35
18840,0,0.03,0,82.32
18841,0,0.03,0,8.97
18842,0,0.0,0,69.41
18843,0,0.01,0,1967.13
18844,0,0.0,0,32.08
18845,0,0.04,0,29.09
18846,0,0.0,0,130.42
18847,0,0.01,0,137.13
18848,0,0.02,0,158.38
18849,0,0.01,0,129.75
18850,0,0.0,0,40.06
18851,0,0.0,0,32.38
18852,0,0.01,0,217.96
18853,0,0.0,0,24.64
18854,0,0.0,0,350.71
18855,0,0.01,0,809.15
18856,0,0.0,0,34.84
18857,0,0.0,0,84.07
18858,0,0.0,0,52.03
18859,0,0.0,0,32.71
18860,0,0.0,0,68.98
18861,0,0.0,0,40.41
18862,0,0.0,0,283.66
18863,0,0.0,0,38.14
18864,0,0.0,0,122.55
18865,0,0.0,0,102.31
18866,0,0.0,0,55.78
18867,0,0.01,0,24.21
18868,0,0.0,0,85.33
18869,0,0.0,0,72.34
18870,0,0.0,0,256.9
18871,0,0.01,0,71.63
18872,0,0.01,0,32.82
18873,0,0.02,0,244.35
18874,0,0.01,0,78.77
18875,0,0.0,0,45.28
18876,0,0.0,0,102.73
18877,0,0.03,0,74.36
18878,0,0.02,0,19.81
18879,0,0.0,0,14.4
18880,0,0.0,0,117.35
18881,0,0.0,0,25.28
18882,0,0.0,0,65.86
18883,0,0.0,0,52.82
18884,0,0.0,0,43.52
18885,0,0.0,0,41.9
18886,0,0.01,0,34.97
18887,0,0.0,0,76.89
18888,0,0.0,0,46.79
18889,0,0.0,0,349.87
18890,0,0.0,0,34.31
18891,0,0.0,0,26.7
18892,0,0.0,0,33.6
18893,0,0.0,0,13.23
18894,0,0.0,0,207.22
18895,0,0.01,0,102.81
18896,0,0.01,0,17.09
18897,0,0.0,0,51.8
18898,0,0.03,0,17.03
18899,0,0.0,0,67.99
18900,0,0.03,0,142.75
18901,0,0.0,0,108.98
18902,0,0.0,0,266.4
18903,0,0.0,0,102.8
18904,0,0.0,0,5.5
18905,0,0.01,0,335.65
18906,0,0.01,0,310.12
18907,0,0.0,0,169.72
18908,0,0.01,0,242.91
18909,0,0.01,0,43.86
18910,0,0.01,0,10.32
18911,0,0.01,0,107.28
18912,0,0.02,0,134.99
18913,0,0.0,0,132.02
18914,0,0.0,0,10.35
18915,0,0.0,0,7.36
18916,0,0.0,0,27.35
18917,0,0.01,0,85.2
18918,0,0.01,0,49.1
18919,0,0.0,0,3.16
18920,0,0.0,0,411.06
18921,0,0.02,0,47.59
18922,0,0.0,0,154.84
18923,0,0.01,0,13.57
18924,0,0.01,0,309.28
18925,0,0.0,0,59.41
18926,0,0.0,0,328.16
18927,0,0.0,0,32.9
18928,0,0.0,0,12.74
18929,0,0.0,0,15.27
18930,0,0.03,0,152.82
18931,0,0.0,0,59.0
18932,0,0.0,0,74.63
18933,0,0.0,0,11.36
18934,0,0.0,0,205.07
18935,0,0.0,0,42.28
18936,0,0.0,0,12.97
18937,0,0.0,0,45.21
18938,0,0.03,0,44.84
18939,0,0.0,0,45.37
18940,0,0.0,0,33.01
18941,0,0.0,0,28.52
18942,0,0.0,0,238.92
18943,0,0.0,0,143.1
18944,0,0.01,0,19.98
18945,0,0.0,0,33.58
18946,0,0.0,0,16.6
18947,0,0.0,0,58.17
18948,0,0.0,0,103.69
18949,0,0.0,0,244.65
18950,0,0.0,0,34.37
18951,0,0.0,0,140.82
18952,0,0.0,0,78.0
18953,0,0.01,0,40.4
18954,0,0.0,0,11.57
18955,0,0.0,0,46.26
18956,0,0.01,0,23.56
18957,0,0.0,0,296.36
18958,0,0.03,0,43.42
18959,0,0.02,0,120.88
18960,0,0.0,0,17.28
18961,0,0.0,0,104.65
18962,0,0.0,0,167.68
18963,0,0.05,0,27.42
18964,0,0.0,0,84.27
18965,0,0.03,0,105.48
18966,0,0.01,0,5.18
18967,0,0.0,0,41.73
18968,0,0.0,0,147.62
18969,0,0.0,0,163.0
18970,0,0.03,0,443.15
18971,0,0.01,0,42.17
18972,0,0.03,0,95.46
18973,0,0.0,0,807.3
18974,0,0.0,0,179.96
18975,0,0.0,0,40.41
18976,0,0.0,0,52.87
18977,0,0.0,0,20.08
18978,0,0.0,0,266.43
18979,0,0.0,0,9.57
18980,0,0.0,0,142.65
18981,0,0.0,0,59.82
18982,0,0.0,0,93.26
18983,0,0.0,0,30.13
18984,0,0.0,0,32.56
18985,0,0.0,0,40.83
18986,0,0.01,0,43.11
18987,0,0.0,0,20.85
18988,0,0.0,0,64.13
18989,0,0.0,0,62.26
18990,0,0.0,0,126.96
18991,0,0.0,0,6.23
18992,0,0.0,0,24.78
18993,0,0.0,0,25.98
18994,0,0.0,0,139.61
18995,0,0.0,0,46.95
18996,0,0.01,0,18.03
18997,0,0.0,0,68.55
18998,0,0.01,0,31.47
18999,0,0.02,0,30.91
19000,0,0.0,0,25.95
19001,0,0.0,0,97.35
19002,0,0.0,0,152.48
19003,0,0.0,0,95.68
19004,0,0.0,0,21.18
19005,0,0.01,0,273.91
19006,0,0.0,0,41.99
19007,0,0.01,0,108.51
19008,0,0.0,0,672.02
19009,0,0.0,0,64.12
19010,0,0.02,0,21.73
19011,0,0.01,0,125.22
19012,0,0.0,0,127.73
19013,0,0.01,0,35.01
19014,0,0.0,0,15.74
19015,0,0.01,0,16.98
19016,0,0.0,0,243.94
19017,0,0.0,0,235.15
19018,1,0.78,1,168.94
19019,0,0.0,0,43.61
19020,0,0.02,0,153.98
19021,0,0.02,0,6.76
19022,0,0.01,0,5.89
19023,0,0.01,0,40.66
19024,0,0.0,0,40.99
19025,0,0.01,0,49.57
19026,0,0.01,0,22.68
19027,0,0.0,0,224.03
19028,0,0.0,0,239.21
19029,0,0.02,0,176.0
19030,0,0.0,0,573.07
19031,0,0.0,0,181.67
19032,0,0.01,0,29.41
19033,0,0.0,0,54.58
19034,0,0.03,0,133.63
19035,0,0.01,0,60.4
19036,0,0.0,0,240.92
19037,1,0.65,1,23.45
19038,0,0.0,0,45.6
19039,0,0.0,0,16.44
19040,0,0.0,0,116.61
19041,0,0.0,0,57.16
19042,0,0.0,0,46.39
19043,0,0.0,0,81.81
19044,0,0.0,0,13.86
19045,0,0.0,0,190.34
19046,0,0.0,0,16.23
19047,0,0.0,0,10.13
19048,0,0.0,0,10.86
19049,0,0.01,0,13.21
19050,0,0.1,0,9.96
19051,0,0.0,0,152.51
19052,0,0.0,0,20.62
19053,0,0.0,0,41.69
19054,0,0.0,0,94.82
19055,0,0.0,0,41.14
19056,0,0.0,0,231.54
19057,0,0.06,0,19.49
19058,0,0.0,0,23.31
19059,0,0.0,0,7.48
19060,0,0.0,0,84.19
19061,0,0.0,0,33.62
19062,0,0.0,0,90.21
19063,0,0.0,0,30.94
19064,0,0.0,0,41.44
19065,0,0.0,0,13.27
19066,0,0.02,0,135.44
19067,0,0.0,0,34.27
19068,1,0.65,1,186.79
19069,0,0.0,0,568.57
19070,0,0.04,0,3.95
19071,0,0.01,0,4.12
19072,0,0.0,0,7.57
19073,0,0.0,0,130.55
19074,0,0.0,0,115.81
19075,0,0.03,0,35.76
19076,0,0.01,0,8.53
19077,0,0.0,0,62.27
19078,0,0.01,0,127.11
19079,0,0.0,0,7.51
19080,0,0.0,0,143.82
19081,0,0.0,0,104.08
19082,0,0.02,0,119.46
19083,0,0.01,0,9.48
19084,0,0.0,0,40.44
19085,0,0.0,0,141.82
19086,0,0.0,0,6.91
19087,0,0.04,0,92.29
19088,0,0.0,0,68.83
19089,0,0.01,0,76.32
19090,0,0.01,0,97.81
19091,0,0.0,0,456.53
19092,0,0.0,0,75.38
19093,0,0.0,0,70.52
19094,0,0.01,0,13.66
19095,0,0.02,0,6.12
19096,0,0.0,0,93.72
19097,0,0.0,0,17.42
19098,0,0.04,0,48.44
19099,0,0.0,0,70.52
19100,0,0.01,0,63.66
19101,0,0.0,0,36.63
19102,0,0.02,0,4.28
19103,0,0.03,0,779.03
19104,0,0.0,0,55.81
19105,0,0.0,0,49.28
19106,0,0.0,0,155.96
19107,0,0.0,0,23.94
19108,0,0.0,0,22.07
19109,0,0.0,0,79.57
19110,0,0.0,0,100.9
19111,0,0.0,0,10.02
19112,0,0.0,0,40.5
19113,0,0.0,0,94.87
19114,0,0.0,0,97.52
19115,0,0.0,0,115.87
19116,0,0.01,0,61.9
19117,0,0.0,0,61.42
19118,0,0.01,0,73.52
19119,0,0.01,0,100.39
19120,0,0.0,0,538.42
19121,0,0.0,0,153.89
19122,0,0.0,0,86.97
19123,0,0.01,0,90.02
19124,0,0.0,0,72.48
19125,0,0.0,0,33.38
19126,0,0.0,0,82.81
19127,0,0.0,0,26.86
19128,0,0.0,0,172.7
19129,0,0.01,0,27.67
19130,0,0.0,0,678.37
19131,0,0.01,0,6.36
19132,0,0.0,0,84.03
19133,0,0.0,0,17.14
19134,0,0.0,0,126.12
19135,0,0.01,0,151.0
19136,0,0.0,0,242.1
19137,0,0.01,0,20.47
19138,0,0.0,0,139.66
19139,0,0.0,0,154.43
19140,0,0.0,0,77.72
19141,0,0.01,0,23.33
19142,0,0.02,0,14.22
19143,0,0.0,0,79.47
19144,0,0.0,0,224.27
19145,0,0.0,0,40.29
19146,0,0.0,0,85.84
19147,0,0.0,0,157.85
19148,0,0.0,0,14.4
19149,0,0.01,0,21.23
19150,0,0.0,0,49.06
19151,0,0.0,0,45.09
19152,0,0.01,0,24.55
19153,0,0.0,0,211.42
19154,0,0.0,0,135.56
19155,0,0.02,0,45.61
19156,0,0.0,0,88.75
19157,0,0.0,0,110.3
19158,0,0.0,0,40.15
19159,0,0.0,0,67.91
19160,0,0.0,0,84.86
19161,0,0.0,0,132.52
19162,0,0.01,0,837.06
19163,0,0.0,0,108.32
19164,0,0.0,0,7.01
19165,0,0.01,0,36.67
19166,0,0.0,0,41.09
19167,0,0.0,0,12.31
19168,0,0.0,0,54.31
19169,0,0.0,0,43.37
19170,0,0.02,0,105.78
19171,0,0.0,0,36.77
19172,0,0.0,0,111.75
19173,0,0.0,0,122.55
19174,0,0.0,0,54.05
19175,0,0.02,0,12.74
19176,0,0.0,0,157.25
19177,0,0.02,0,109.88
19178,0,0.02,0,118.76
19179,0,0.0,0,12.47
19180,0,0.02,0,109.22
19181,0,0.0,0,55.86
19182,0,0.0,0,105.44
19183,0,0.0,0,51.55
19184,0,0.0,0,269.11
19185,0,0.0,0,21.39
19186,0,0.01,0,28.32
19187,0,0.0,0,84.79
19188,0,0.0,0,176.81
19189,0,0.01,0,35.65
19190,0,0.01,0,443.27
19191,0,0.0,0,91.31
19192,0,0.0,0,24.85
19193,0,0.01,0,37.09
19194,0,0.0,0,504.57
19195,0,0.0,0,30.42
19196,0,0.04,0,26.71
19197,0,0.0,0,88.74
19198,0,0.03,0,4.3
19199,0,0.0,0,155.5
19200,0,0.0,0,150.66
19201,0,0.0,0,16.12
19202,0,0.05,0,96.57
19203,0,0.0,0,224.21
19204,0,0.0,0,135.46
19205,0,0.0,0,214.29
19206,0,0.01,0,78.5
19207,0,0.03,0,30.81
19208,0,0.0,0,129.47
19209,0,0.0,0,8.6
19210,0,0.0,0,3.91
19211,0,0.0,0,119.17
19212,0,0.0,0,25.94
19213,0,0.01,0,3.48
19214,0,0.06,0,106.5
19215,0,0.0,0,68.74
19216,0,0.0,0,47.39
19217,0,0.0,0,35.06
19218,0,0.01,0,27.59
19219,0,0.01,0,6.95
19220,0,0.0,0,193.3
19221,0,0.0,0,51.75
19222,0,0.01,0,38.02
19223,0,0.0,0,30.2
19224,0,0.0,0,41.13
19225,0,0.0,0,144.08
19226,0,0.0,0,23.94
19227,0,0.0,0,435.32
19228,0,0.0,0,67.41
19229,0,0.01,0,43.94
19230,0,0.0,0,6.34
19231,0,0.0,0,219.85
19232,0,0.0,0,90.86
19233,0,0.0,0,309.27
19234,0,0.01,0,11.13
19235,0,0.0,0,22.46
19236,0,0.0,0,18.68
19237,0,0.02,0,36.65
19238,0,0.0,0,62.66
19239,0,0.0,0,30.95
19240,0,0.0,0,227.87
19241,0,0.02,0,323.26
19242,0,0.02,0,46.42
19243,0,0.01,0,28.72
19244,0,0.03,0,32.83
19245,0,0.0,0,22.77
19246,0,0.0,0,41.0
19247,0,0.0,0,147.43
19248,0,0.0,0,41.42
19249,0,0.0,0,45.01
19250,0,0.0,0,42.38
19251,0,0.0,0,97.93
19252,0,0.0,0,47.02
19253,0,0.0,0,47.99
19254,0,0.0,0,813.88
19255,0,0.0,0,132.82
19256,0,0.0,0,25.07
19257,0,0.01,0,51.09
19258,0,0.03,0,11.0
19259,0,0.0,0,12.22
19260,0,0.0,0,22.22
19261,0,0.01,0,13.77
19262,0,0.0,0,80.52
19263,0,0.0,0,309.32
19264,0,0.0,0,398.09
19265,0,0.0,0,50.69
19266,0,0.0,0,16.16
19267,0,0.0,0,567.96
19268,0,0.05,0,44.56
19269,0,0.0,0,82.22
19270,0,0.0,0,18.91
19271,0,0.0,0,13.46
19272,0,0.0,0,47.56
19273,0,0.0,0,133.57
19274,0,0.0,0,72.04
19275,0,0.01,0,131.5
19276,0,0.0,0,47.77
19277,0,0.0,0,108.21
19278,0,0.04,0,20.89
19279,0,0.0,0,10.28
19280,0,0.0,0,96.34
19281,0,0.01,0,461.26
19282,0,0.0,0,17.5
19283,0,0.0,0,15.36
19284,0,0.0,0,27.74
19285,0,0.0,0,38.3
19286,0,0.0,0,30.7
19287,0,0.0,0,10.15
19288,0,0.0,0,1.4
19289,0,0.0,0,51.96
19290,0,0.02,0,128.0
19291,0,0.01,0,63.6
19292,0,0.01,0,20.17
19293,0,0.0,0,53.82
19294,0,0.01,0,151.35
19295,0,0.01,0,6.45
19296,0,0.0,0,58.27
19297,0,0.02,0,17.53
19298,0,0.02,0,145.79
19299,0,0.0,0,7.36
19300,0,0.0,0,72.7
19301,0,0.0,0,131.49
19302,0,0.0,0,14.68
19303,0,0.01,0,777.24
19304,0,0.0,0,158.74
19305,0,0.0,0,2132.79
19306,0,0.02,0,16.15
19307,0,0.0,0,27.18
19308,0,0.05,0,16.6
19309,0,0.0,0,60.16
19310,0,0.01,0,227.44
19311,0,0.07,0,69.51
19312,0,0.0,0,13.6
19313,0,0.0,0,43.36
19314,0,0.0,0,37.81
19315,0,0.01,0,164.03
19316,0,0.01,0,4.21
19317,0,0.0,0,23.57
19318,0,0.0,0,197.84
19319,0,0.0,0,211.31
19320,0,0.0,0,38.53
19321,0,0.01,0,33.28
19322,0,0.0,0,30.42
19323,0,0.0,0,62.55
19324,0,0.0,0,88.61
19325,0,0.0,0,54.86
19326,0,0.0,0,46.58
19327,0,0.0,0,19.42
19328,0,0.0,0,100.67
19329,0,0.01,0,70.46
19330,0,0.0,0,385.62
19331,0,0.01,0,38.68
19332,0,0.0,0,158.23
19333,0,0.01,0,226.43
19334,0,0.0,0,1084.85
19335,1,0.7,1,373.74
19336,0,0.0,0,38.95
19337,0,0.03,0,37.75
19338,0,0.05,0,954.74
19339,0,0.0,0,107.78
19340,0,0.0,0,51.06
19341,0,0.01,0,74.14
19342,0,0.0,0,21.14
19343,0,0.01,0,97.3
19344,0,0.0,0,20.98
19345,0,0.0,0,19.34
19346,0,0.01,0,26.2
19347,0,0.0,0,39.96
19348,0,0.0,0,7.88
19349,0,0.0,0,12.71
19350,0,0.0,0,33.44
19351,0,0.0,0,22.08
19352,0,0.08,0,2181.79
19353,0,0.02,0,211.69
19354,0,0.0,0,7.68
19355,0,0.0,0,20.19
19356,0,0.0,0,7.17
19357,0,0.0,0,19.25
19358,0,0.02,0,584.69
19359,0,0.0,0,10.04
19360,0,0.01,0,181.88
19361,0,0.0,0,894.47
19362,0,0.0,0,28.19
19363,0,0.0,0,27.86
19364,0,0.01,0,72.24
19365,0,0.0,0,11.08
19366,0,0.0,0,33.62
19367,0,0.0,0,160.34
19368,0,0.0,0,32.71
19369,0,0.0,0,175.13
19370,0,0.0,0,38.08
19371,0,0.0,0,31.43
19372,0,0.0,0,60.12
19373,0,0.0,0,166.67
19374,0,0.0,0,53.22
19375,0,0.0,0,141.5
19376,0,0.0,0,4.98
19377,0,0.0,0,169.28
19378,0,0.0,0,134.17
19379,0,0.0,0,26.82
19380,0,0.0,0,8.38
19381,0,0.01,0,18.12
19382,0,0.0,0,39.22
19383,0,0.0,0,7.13
19384,0,0.0,0,92.57
19385,0,0.0,0,483.14
19386,0,0.0,0,612.85
19387,0,0.01,0,34.72
19388,0,0.0,0,32.22
19389,0,0.0,0,58.53
19390,0,0.0,0,10.65
19391,0,0.0,0,50.29
19392,0,0.02,0,460.44
19393,0,0.01,0,98.15
19394,0,0.01,0,252.18
19395,0,0.01,0,66.0
19396,0,0.0,0,65.32
19397,0,0.0,0,25.03
19398,0,0.0,0,45.03
19399,0,0.0,0,58.48
19400,0,0.0,0,69.15
19401,0,0.01,0,34.54
19402,0,0.02,0,94.57
19403,0,0.01,0,30.95
19404,0,0.0,0,115.49
19405,0,0.0,0,7.42
19406,0,0.0,0,36.19
19407,0,0.0,0,43.0
19408,0,0.0,0,359.6
19409,0,0.02,0,838.94
19410,0,0.0,0,96.77
19411,0,0.0,0,639.54
19412,0,0.0,0,350.94
19413,0,0.06,0,13.47
19414,0,0.0,0,32.22
19415,0,0.0,0,46.48
19416,0,0.0,0,15.64
19417,0,0.0,0,373.35
19418,0,0.02,0,10.02
19419,0,0.01,0,229.24
19420,0,0.0,0,27.69
19421,0,0.01,0,76.01
19422,0,0.0,0,77.69
19423,0,0.0,0,26.32
19424,0,0.01,0,58.37
19425,0,0.0,0,2.49
19426,0,0.01,0,28.2
19427,0,0.0,0,83.91
19428,0,0.02,0,114.79
19429,0,0.0,0,803.18
19430,0,0.0,0,11.37
19431,0,0.04,0,357.35
19432,0,0.0,0,48.8
19433,0,0.0,0,79.34
19434,0,0.0,0,86.37
19435,0,0.0,0,5.13
19436,0,0.0,0,5.57
19437,0,0.0,0,24.41
19438,0,0.0,0,166.03
19439,0,0.03,0,4.63
19440,0,0.03,0,36.68
19441,0,0.02,0,16.77
19442,0,0.0,0,3.9
19443,0,0.03,0,20.14
19444,0,0.03,0,472.31
19445,0,0.01,0,47.89
19446,0,0.0,0,65.71
19447,0,0.0,0,11.49
19448,0,0.0,0,59.01
19449,0,0.0,0,27.58
19450,0,0.0,0,60.93
19451,0,0.0,0,88.24
19452,0,0.02,0,17.4
19453,0,0.0,0,54.87
19454,0,0.0,0,137.01
19455,0,0.0,0,119.16
19456,0,0.0,0,44.22
19457,0,0.02,0,74.74
19458,0,0.0,0,46.26
19459,0,0.0,0,130.04
19460,0,0.01,0,7.86
19461,0,0.0,0,16.77
19462,0,0.0,0,806.57
19463,0,0.0,0,1.25
19464,0,0.0,0,98.16
19465,0,0.0,0,36.27
19466,0,0.01,0,49.36
19467,0,0.0,0,226.2
19468,0,0.0,0,83.36
19469,0,0.0,0,14.61
19470,0,0.0,0,150.22
19471,0,0.0,0,101.15
19472,0,0.0,0,27.79
19473,1,0.67,1,204.49
19474,0,0.0,0,27.28
19475,0,0.01,0,542.38
19476,0,0.02,0,43.53
19477,0,0.0,0,884.77
19478,0,0.0,0,22.01
19479,0,0.0,0,20.47
19480,0,0.0,0,15.51
19481,0,0.0,0,59.81
19482,0,0.1,0,68.18
19483,0,0.0,0,121.97
19484,0,0.0,0,170.73
19485,0,0.01,0,23.09
19486,0,0.01,0,214.5
19487,0,0.0,0,70.34
19488,0,0.0,0,6.8
19489,0,0.0,0,28.21
19490,0,0.0,0,4.72
19491,0,0.0,0,25.03
19492,0,0.02,0,164.5
19493,0,0.01,0,34.73
19494,0,0.01,0,92.46
19495,0,0.03,0,318.28
19496,0,0.0,0,45.48
19497,0,0.0,0,11.72
19498,0,0.0,0,144.69
19499,0,0.0,0,13.76
19500,0,0.0,0,165.76
19501,0,0.01,0,149.98
19502,0,0.0,0,239.49
19503,0,0.0,0,174.74
19504,0,0.03,0,4455.69
19505,0,0.01,0,142.87
19506,0,0.01,0,137.26
19507,0,0.0,0,91.04
19508,0,0.0,0,11.37
19509,0,0.01,0,77.65
19510,0,0.0,0,31.29
19511,0,0.0,0,259.22
19512,0,0.0,0,207.81
19513,0,0.0,0,195.37
19514,0,0.0,0,83.19
19515,0,0.0,0,88.89
19516,0,0.1,0,41.47
19517,0,0.0,0,39.51
19518,0,0.0,0,89.03
19519,0,0.04,0,62.97
19520,0,0.0,0,408.61
19521,0,0.0,0,39.63
19522,0,0.0,0,95.31
19523,0,0.0,0,60.63
19524,0,0.0,0,25.95
19525,0,0.0,0,190.55
19526,0,0.03,0,237.72
19527,0,0.0,0,51.71
19528,0,0.0,0,119.97
19529,0,0.0,0,143.75
19530,0,0.06,0,763.98
19531,0,0.0,0,39.63
19532,0,0.0,0,9.56
19533,0,0.0,0,48.46
19534,0,0.0,0,105.74
19535,0,0.0,0,45.49
19536,0,0.0,0,221.29
19537,0,0.0,0,677.53
19538,0,0.02,0,301.59
19539,0,0.0,0,9.49
19540,0,0.0,0,171.65
19541,0,0.0,0,28.61
19542,0,0.04,0,1651.93
19543,0,0.0,0,18.1
19544,0,0.0,0,149.16
19545,0,0.0,0,101.32
19546,0,0.02,0,493.1
19547,0,0.0,0,97.74
19548,0,0.01,0,30.14
19549,0,0.0,0,51.09
19550,0,0.0,0,46.78
19551,0,0.0,0,87.99
19552,0,0.02,0,42.62
19553,0,0.0,0,190.92
19554,0,0.0,0,31.31
19555,0,0.0,0,69.44
19556,0,0.0,0,79.63
19557,0,0.0,0,35.32
19558,0,0.0,0,5.59
19559,0,0.0,0,137.08
19560,0,0.0,0,75.0
19561,0,0.0,0,13.29
19562,0,0.0,0,266.21
19563,0,0.0,0,25.6
19564,0,0.0,0,82.4
19565,0,0.0,0,495.96
19566,0,0.0,0,24.76
19567,0,0.01,0,470.9
19568,0,0.0,0,86.32
19569,0,0.0,0,26.0
19570,0,0.0,0,42.26
19571,0,0.0,0,13.18
19572,0,0.0,0,25.98
19573,0,0.0,0,42.59
19574,0,0.0,0,54.88
19575,0,0.0,0,40.23
19576,0,0.0,0,13.08
19577,0,0.0,0,32.74
19578,0,0.0,0,31.97
19579,0,0.0,0,249.44
19580,0,0.0,0,154.02
19581,0,0.0,0,38.61
19582,0,0.0,0,64.14
19583,0,0.0,0,109.13
19584,0,0.0,0,43.65
19585,0,0.0,0,9.29
19586,0,0.03,0,65.01
19587,0,0.0,0,109.68
19588,0,0.0,0,80.1
19589,0,0.0,0,26.4
19590,0,0.0,0,653.8
19591,0,0.0,0,31.94
19592,0,0.01,0,9.88
19593,0,0.0,0,12.52
19594,0,0.04,0,125.83
19595,0,0.01,0,357.81
19596,0,0.02,0,101.81
19597,0,0.0,0,162.06
19598,0,0.0,0,12.57
19599,0,0.0,0,5.82
19600,0,0.0,0,583.31
19601,0,0.0,0,15.81
19602,0,0.02,0,19.23
19603,0,0.0,0,21.6
19604,0,0.0,0,39.78
19605,1,0.68,1,255.49
19606,0,0.0,0,24.63
19607,0,0.0,0,407.78
19608,0,0.03,0,198.01
19609,0,0.0,0,309.9
19610,0,0.02,0,334.31
19611,0,0.0,0,104.35
19612,0,0.0,0,59.95
19613,0,0.02,0,466.33
19614,0,0.01,0,441.04
19615,1,0.75,1,21.11
19616,0,0.0,0,188.78
19617,0,0.0,0,178.38
19618,0,0.0,0,91.12
19619,0,0.0,0,164.03
19620,0,0.0,0,51.52
19621,0,0.0,0,68.59
19622,0,0.01,0,1164.47
19623,0,0.01,0,531.5
19624,0,0.0,0,30.66
19625,0,0.02,0,27.69
19626,0,0.02,0,56.86
19627,0,0.0,0,73.33
19628,0,0.01,0,7.06
19629,0,0.0,0,237.94
19630,0,0.01,0,24.58
19631,0,0.0,0,46.97
19632,0,0.0,0,215.53
19633,0,0.0,0,30.02
19634,0,0.0,0,19.57
19635,0,0.0,0,182.5
19636,0,0.0,0,192.11
19637,0,0.0,0,21.08
19638,0,0.0,0,433.04
19639,0,0.0,0,15.12
19640,0,0.0,0,382.1
19641,0,0.01,0,212.69
19642,0,0.0,0,162.36
19643,0,0.01,0,246.71
19644,0,0.0,0,31.06
19645,0,0.0,0,1049.84
19646,0,0.01,0,43.9
19647,0,0.0,0,14.95
19648,0,0.0,0,247.59
19649,0,0.0,0,59.05
19650,0,0.01,0,1243.87
19651,0,0.0,0,350.62
19652,0,0.0,0,27.99
19653,0,0.0,0,42.16
19654,0,0.0,0,27.21
19655,0,0.04,0,5.18
19656,0,0.05,0,15.88
19657,0,0.0,0,89.84
19658,0,0.0,0,36.06
19659,0,0.04,0,14.57
19660,0,0.0,0,21.68
19661,0,0.01,0,12.0
19662,0,0.0,0,72.9
19663,0,0.01,0,67.46
19664,0,0.0,0,679.81
19665,0,0.0,0,23.79
19666,0,0.0,0,845.54
19667,0,0.0,0,48.69
19668,0,0.0,0,26.51
19669,0,0.0,0,107.79
19670,0,0.06,0,74.97
19671,0,0.0,0,21.98
19672,0,0.0,0,111.35
19673,0,0.0,0,63.09
19674,0,0.0,0,11.05
19675,0,0.0,0,81.25
19676,0,0.0,0,43.14
19677,0,0.0,0,85.84
19678,0,0.01,0,318.41
19679,0,0.01,0,10.17
19680,0,0.04,0,19.83
19681,0,0.0,0,464.52
19682,1,0.76,1,57.22
19683,0,0.0,0,19.54
19684,0,0.01,0,52.0
19685,0,0.02,0,59.44
19686,0,0.0,0,8.15
19687,0,0.0,0,42.0
19688,0,0.0,0,31.1
19689,0,0.0,0,157.93
19690,0,0.01,0,59.45
19691,0,0.02,0,42.75
19692,0,0.01,0,253.36
19693,0,0.01,0,1527.1
19694,0,0.0,0,117.5
19695,0,0.02,0,97.27
19696,0,0.0,0,915.91
19697,0,0.0,0,80.1
19698,0,0.01,0,40.39
19699,0,0.02,0,231.72
19700,0,0.01,0,31.36
19701,0,0.05,0,16.34
19702,0,0.0,0,26.35
19703,0,0.0,0,30.34
19704,0,0.0,0,2006.88
19705,0,0.0,0,25.0
19706,0,0.02,0,12.6
19707,0,0.0,0,322.34
19708,0,0.0,0,24.69
19709,0,0.0,0,68.41
19710,0,0.0,0,224.62
19711,0,0.0,0,20.92
19712,0,0.0,0,64.98
19713,0,0.0,0,19.88
19714,0,0.01,0,48.51
19715,0,0.01,0,410.63
19716,0,0.02,0,38.46
19717,0,0.0,0,244.64
19718,1,0.63,1,77.58
19719,0,0.0,0,31.83
19720,0,0.01,0,68.17
19721,0,0.03,0,15.16
19722,0,0.0,0,17.49
19723,0,0.0,0,63.61
19724,0,0.0,0,26.3
19725,0,0.01,0,90.31
19726,0,0.0,0,67.46
19727,0,0.03,0,88.32
19728,0,0.0,0,47.23
19729,0,0.0,0,205.29
19730,0,0.01,0,429.31
19731,0,0.0,0,96.22
19732,0,0.0,0,1071.83
19733,0,0.0,0,414.36
19734,0,0.01,0,74.0
19735,0,0.02,0,109.43
19736,0,0.0,0,47.95
19737,0,0.05,0,72.01
19738,0,0.0,0,49.72
19739,0,0.0,0,34.19
19740,0,0.0,0,25.7
19741,0,0.02,0,6.5
19742,0,0.02,0,51.5
19743,0,0.02,0,2.3
19744,0,0.01,0,107.26
19745,0,0.0,0,136.35
19746,0,0.0,0,396.94
19747,0,0.0,0,17.36
19748,0,0.02,0,30.11
19749,0,0.0,0,73.03
19750,0,0.0,0,64.23
19751,0,0.0,0,21.62
19752,0,0.0,0,69.91
19753,0,0.0,0,623.3
19754,0,0.0,0,112.17
19755,0,0.0,0,49.29
19756,0,0.0,0,44.73
19757,0,0.0,0,274.47
19758,0,0.0,0,291.12
19759,0,0.0,0,167.87
19760,0,0.01,0,26.52
19761,0,0.0,0,24.35
19762,0,0.0,0,7.46
19763,0,0.0,0,9.74
19764,0,0.0,0,49.58
19765,1,0.7,1,24.46
19766,0,0.0,0,46.03
19767,0,0.0,0,116.14
19768,0,0.02,0,504.08
19769,0,0.01,0,93.87
19770,0,0.0,0,55.94
19771,0,0.05,0,158.21
19772,0,0.0,0,31.42
19773,0,0.0,0,8.94
19774,0,0.0,0,15.68
19775,0,0.02,0,1682.36
19776,0,0.0,0,134.4
19777,0,0.0,0,44.07
19778,0,0.01,0,54.89
19779,0,0.02,0,119.06
19780,0,0.02,0,84.48
19781,0,0.0,0,46.62
19782,0,0.0,0,122.37
19783,0,0.0,0,139.88
19784,0,0.0,0,84.61
19785,0,0.0,0,28.28
19786,0,0.0,0,84.69
19787,0,0.01,0,5.06
19788,0,0.0,0,237.03
19789,0,0.0,0,17.06
19790,0,0.01,0,77.61
19791,0,0.0,0,320.63
19792,0,0.01,0,16.3
19793,0,0.0,0,24.81
19794,0,0.0,0,103.27
19795,0,0.0,0,12.19
19796,0,0.01,0,57.67
19797,0,0.0,0,77.51
19798,0,0.0,0,122.7
19799,1,0.7,1,8.73
19800,0,0.0,0,8.36
19801,0,0.0,0,26.45
19802,1,0.73,1,31.11
19803,0,0.0,0,463.54
19804,0,0.0,0,14.4
19805,0,0.0,0,30.1
19806,0,0.0,0,124.54
19807,0,0.03,0,19.77
19808,0,0.01,0,52.21
19809,0,0.0,0,57.44
19810,0,0.03,0,128.84
19811,0,0.0,0,63.29
19812,0,0.0,0,119.96
19813,0,0.0,0,84.57
19814,0,0.0,0,306.31
19815,0,0.0,0,33.1
19816,0,0.0,0,72.73
19817,0,0.03,0,19.15
19818,0,0.01,0,81.08
19819,0,0.05,0,56.67
19820,0,0.01,0,119.18
19821,0,0.0,0,108.87
19822,0,0.0,0,183.23
19823,0,0.0,0,177.19
19824,0,0.05,0,18.98
19825,0,0.01,0,14.7
19826,0,0.0,0,206.76
19827,0,0.0,0,177.87
19828,0,0.0,0,203.23
19829,0,0.03,0,343.6
19830,0,0.0,0,141.51
19831,0,0.01,0,4.62
19832,0,0.0,0,38.89
19833,0,0.02,0,22.28
19834,0,0.0,0,87.66
19835,0,0.0,0,28.17
19836,0,0.0,0,130.23
19837,0,0.0,0,9.65
19838,0,0.0,0,332.65
19839,0,0.0,0,29.46
19840,0,0.02,0,24.14
19841,0,0.0,0,823.4
19842,0,0.01,0,44.58
19843,0,0.0,0,49.42
19844,0,0.0,0,1004.35
19845,0,0.01,0,864.04
19846,0,0.0,0,463.61
19847,0,0.0,0,125.01
19848,0,0.0,0,596.96
19849,0,0.01,0,692.14
19850,0,0.01,0,1696.48
19851,0,0.0,0,68.87
19852,0,0.0,0,341.22
19853,0,0.0,0,96.77
19854,0,0.01,0,40.51
19855,0,0.0,0,25.5
19856,0,0.01,0,25.57
19857,0,0.0,0,6.55
19858,0,0.0,0,96.75
19859,0,0.01,0,221.25
19860,0,0.03,0,75.49
19861,0,0.0,0,4.01
19862,0,0.03,0,67.68
19863,0,0.01,0,30.12
19864,0,0.0,0,233.36
19865,0,0.0,0,43.19
19866,0,0.01,0,51.4
19867,0,0.01,0,7.54
19868,0,0.0,0,35.73
19869,0,0.0,0,49.58
19870,0,0.01,0,74.74
19871,0,0.01,0,14.65
19872,0,0.0,0,27.76
19873,0,0.01,0,6.23
19874,0,0.0,0,16.22
19875,0,0.01,0,541.32
19876,0,0.0,0,248.56
19877,0,0.0,0,18.6
19878,0,0.0,0,420.2
19879,0,0.02,0,583.33
19880,0,0.0,0,26.76
19881,0,0.01,0,131.47
19882,0,0.01,0,260.01
19883,0,0.0,0,104.13
19884,0,0.01,0,322.98
19885,0,0.02,0,24.37
19886,0,0.0,0,10.96
19887,0,0.0,0,237.88
19888,0,0.02,0,46.74
19889,0,0.1,0,34.15
19890,0,0.02,0,36.19
19891,0,0.0,0,11.07
19892,0,0.0,0,57.85
19893,0,0.0,0,65.32
19894,0,0.0,0,41.95
19895,0,0.03,0,12.25
19896,0,0.0,0,22.42
19897,0,0.04,0,142.29
19898,0,0.03,0,874.15
19899,0,0.0,0,13.23
19900,0,0.0,0,226.84
19901,0,0.0,0,66.57
19902,0,0.0,0,27.65
19903,0,0.0,0,6.38
19904,0,0.0,0,21.34
19905,0,0.0,0,559.74
19906,0,0.02,0,233.82
19907,0,0.0,0,241.66
19908,0,0.01,0,44.22
19909,0,0.0,0,252.28
19910,0,0.0,0,32.06
19911,0,0.0,0,130.75
19912,0,0.0,0,74.94
19913,0,0.03,0,18.3
19914,0,0.02,0,13.33
19915,0,0.02,0,14.38
19916,0,0.0,0,60.16
19917,0,0.01,0,603.47
19918,0,0.08,0,7.69
19919,0,0.0,0,20.1
19920,0,0.01,0,17.98
19921,0,0.0,0,40.49
19922,0,0.0,0,46.55
19923,0,0.0,0,6.53
19924,0,0.0,0,16.22
19925,0,0.0,0,69.21
19926,0,0.0,0,25.57
19927,0,0.0,0,75.11
19928,0,0.0,0,234.62
19929,0,0.01,0,103.47
19930,0,0.0,0,89.44
19931,0,0.0,0,182.7
19932,0,0.01,0,888.56
19933,0,0.0,0,66.43
19934,0,0.0,0,539.48
19935,0,0.0,0,74.97
19936,0,0.0,0,45.95
19937,0,0.0,0,82.41
19938,0,0.0,0,46.43
19939,0,0.07,0,36.38
19940,0,0.0,0,319.05
19941,0,0.0,0,15.64
19942,0,0.0,0,80.7
19943,0,0.0,0,79.98
19944,0,0.0,0,47.31
19945,0,0.01,0,212.22
19946,0,0.05,0,910.29
19947,0,0.0,0,73.57
19948,0,0.04,0,8.05
19949,0,0.01,0,17.6
19950,0,0.0,0,165.64
19951,0,0.0,0,14.97
19952,0,0.0,0,25.95
19953,0,0.0,0,131.79
19954,1,0.7,1,16.62
19955,0,0.0,0,76.65
19956,0,0.0,0,19.69
19957,0,0.0,0,27.44
19958,0,0.0,0,25.67
19959,0,0.01,0,14.57
19960,0,0.0,0,27.64
19961,0,0.0,0,113.5
19962,0,0.0,0,85.71
19963,0,0.0,0,49.18
19964,0,0.02,0,8.77
19965,0,0.1,0,282.17
19966,0,0.0,0,1.24
19967,1,0.55,1,49.78
19968,0,0.01,0,54.04
19969,0,0.0,0,46.95
19970,0,0.0,0,66.8
19971,0,0.0,0,58.5
19972,0,0.0,0,27.93
19973,0,0.0,0,24.41
19974,0,0.01,0,45.5
19975,0,0.0,0,33.6
19976,0,0.0,0,129.3
19977,0,0.0,0,33.03
19978,0,0.0,0,70.18
19979,0,0.0,0,19.47
19980,0,0.02,0,152.09
19981,0,0.11,0,48.51
19982,0,0.03,0,94.06
19983,0,0.0,0,69.56
19984,0,0.01,0,540.4
19985,0,0.0,0,50.09
19986,0,0.0,0,36.42
19987,0,0.0,0,76.16
19988,0,0.0,0,15.11
19989,0,0.0,0,40.0
19990,0,0.0,0,35.92
19991,0,0.0,0,651.5
19992,0,0.0,0,57.7
19993,0,0.03,0,53.65
19994,0,0.0,0,46.14
19995,0,0.0,0,277.29
19996,0,0.0,0,41.4
19997,0,0.0,0,47.92
19998,0,0.02,0,10.25
19999,0,0.0,0,31.34
20000,0,0.0,0,47.7
